"Id","IsDeleted","Name","ParentId","Type","Status","StartDate","EndDate","ExpectedRevenue","BudgetedCost","ActualCost","ExpectedResponse","NumberSent","IsActive","Description","NumberOfLeads","NumberOfConvertedLeads","NumberOfContacts","NumberOfResponses","NumberOfOpportunities","NumberOfWonOpportunities","AmountAllOpportunities","AmountWonOpportunities","HierarchyNumberOfLeads","HierarchyNumberOfConvertedLeads","HierarchyNumberOfContacts","HierarchyNumberOfResponses","HierarchyNumberOfOpportunities","HierarchyNumberOfWonOpportunities","HierarchyAmountAllOpportunities","HierarchyAmountWonOpportunities","HierarchyNumberSent","HierarchyExpectedRevenue","HierarchyBudgetedCost","HierarchyActualCost","OwnerId","CreatedDate","CreatedById","LastModifiedDate","LastModifiedById","SystemModstamp","LastActivityDate","CampaignMemberRecordTypeId"
"701ak00000rHNE5AAO","0","GC Product Webinar - Jan 7, 2002","","Webinar","Completed","2020-08-27 00:00:00","2020-08-27 00:00:00","3000000","10000","11400","10","5000","1","","0","0","0","0","0","0","0","0","0","0","0","0","0","0","0","0","5000","3000000","10000","11400","005ak00000D313JAAR","2025-01-17 14:10:44","005ak00000D313JAAR","2025-01-17 14:10:44","005ak00000D313JAAR","2025-01-17 14:10:44","",""
"701ak00000rHNE6AAO","0","User Conference - Jun 17-19, 2002","","Conference","Planned","2021-02-04 00:00:00","2021-02-06 00:00:00","5500000","100000","","15","40000","1","","0","0","0","0","0","0","0","0","0","0","0","0","0","0","0","0","40000","5500000","100000","0","005ak00000D313JAAR","2025-01-17 14:10:44","005ak00000D313JAAR","2025-01-17 14:10:44","005ak00000D313JAAR","2025-01-17 14:10:44","",""
"701ak00000rHNE7AAO","0","DM Campaign to Top Customers - Nov 12-23, 2001","","Direct Mail","Completed","2020-07-02 00:00:00","2020-07-13 00:00:00","2500000","25000","23500","7","15000","1","","0","0","0","0","0","0","0","0","0","0","0","0","0","0","0","0","15000","2500000","25000","23500","005ak00000D313JAAR","2025-01-17 14:10:44","005ak00000D313JAAR","2025-01-17 14:10:44","005ak00000D313JAAR","2025-01-17 14:10:44","",""
"701ak00000rHNE8AAO","0","International Electrical Engineers Association Trade Show - Mar 4-5, 2002","","Trade Show","Planned","2020-10-22 00:00:00","2020-10-23 00:00:00","8500000","50000","","0","0","1","","0","0","0","0","0","0","0","0","0","0","0","0","0","0","0","0","0","8500000","50000","0","005ak00000D313JAAR","2025-01-17 14:10:44","005ak00000D313JAAR","2025-01-17 14:10:44","005ak00000D313JAAR","2025-01-17 14:10:44","",""
