"Id","IsDeleted","MasterRecordId","CaseNumber","ContactId","AccountId","AssetId","SourceId","BusinessHoursId","ParentId","SuppliedName","SuppliedEmail","SuppliedPhone","SuppliedCompany","Type","Status","Reason","Origin","Subject","Priority","Description","IsClosed","ClosedDate","IsEscalated","OwnerId","IsClosedOnCreate","CreatedDate","CreatedById","LastModifiedDate","LastModifiedById","SystemModstamp","AssetWarrantyId","EventsProcessedDate","EngineeringReqNumber__c","SLAViolation__c","Product__c","PotentialLiability__c"
"500ak00000ciExxAAE","0","","00001000","003ak00000FPrGbAAL","001ak00000rH6X8AAK","000000000000000AAA","","01mak000009VAcDAAW","000000000000000AAA","","","","","Electrical","Closed","Equipment Complexity","Phone","Starting generator after electrical failure","High","","1","2020-01-27 18:59:51","0","005ak00000D313JAAR","1","2025-01-17 14:10:44","005ak00000D313JAAR","2025-01-17 14:10:44","005ak00000D313JAAR","2025-01-17 14:10:44","","","765876","No","GC5040","No"
"500ak00000ciExyAAE","0","","00001001","003ak00000FPrGsAAL","001ak00000rH6XDAA0","000000000000000AAA","","01mak000009VAcDAAW","000000000000000AAA","","","","","Electrical","Closed","Performance","Phone","Performance inadequate for second consecutive week","High","","1","2020-01-27 18:59:51","0","005ak00000D313JAAR","1","2025-01-17 14:10:44","005ak00000D313JAAR","2025-01-17 14:10:44","005ak00000D313JAAR","2025-01-17 14:10:44","","2022-08-26 17:54:03","767145","Yes","GC1060","Yes"
"500ak00000ciExzAAE","0","","00001002","003ak00000FPrGiAAL","001ak00000rH6XDAA0","000000000000000AAA","","01mak000009VAcDAAW","000000000000000AAA","","","","","Electrical","New","Installation","Web","Seeking guidance on electrical wiring installation for GC5060","Low","","0","","0","005ak00000D313JAAR","0","2025-01-17 14:10:44","005ak00000D313JAAR","2025-01-17 14:10:44","005ak00000D313JAAR","2025-01-17 14:10:44","","","","No","GC3060","No"
"500ak00000ciEy0AAE","0","","00001003","003ak00000FPrGkAAL","001ak00000rH6XEAA0","000000000000000AAA","","01mak000009VAcDAAW","000000000000000AAA","","","","","Other","Closed","Installation","Web","Easy installation process","Low","","1","2020-01-27 18:59:51","0","005ak00000D313JAAR","1","2025-01-17 14:10:44","005ak00000D313JAAR","2025-01-17 14:10:44","005ak00000D313JAAR","2025-01-17 14:10:44","","","","No","GC1020","No"
"500ak00000ciEy1AAE","0","","00001004","003ak00000FPrGkAAL","001ak00000rH6XEAA0","000000000000000AAA","","01mak000009VAcDAAW","000000000000000AAA","","","","","Other","Closed","Other","Phone","Maintenance guidelines for generator unclear","Medium","","1","2020-01-27 18:59:51","0","005ak00000D313JAAR","1","2025-01-17 14:10:44","005ak00000D313JAAR","2025-01-17 14:10:44","005ak00000D313JAAR","2025-01-17 14:10:44","","","784532","No","GC5020","No"
"500ak00000ciEy2AAE","0","","00001005","003ak00000FPrGlAAL","001ak00000rH6XEAA0","000000000000000AAA","","01mak000009VAcDAAW","000000000000000AAA","","","","","Electrical","Closed","Performance","Phone","Electrical circuit malfunctioning","Medium","","1","2020-01-27 18:59:51","0","005ak00000D313JAAR","1","2025-01-17 14:10:44","005ak00000D313JAAR","2025-01-17 14:10:44","005ak00000D313JAAR","2025-01-17 14:10:44","","","653780","No","GC1060","Yes"
"500ak00000ciEy3AAE","0","","00001006","003ak00000FPrGrAAL","001ak00000rH6XIAA0","000000000000000AAA","","01mak000009VAcDAAW","000000000000000AAA","","","","","Other","Closed","Feedback","Phone","Generator assembly instructions unclear","Low","","1","2020-01-27 18:59:51","0","005ak00000D313JAAR","1","2025-01-17 14:10:44","005ak00000D313JAAR","2025-01-17 14:10:44","005ak00000D313JAAR","2025-01-17 14:10:44","","","253574","No","GC1020","No"
"500ak00000ciEy4AAE","0","","00001007","003ak00000FPrGgAAL","001ak00000rH6XCAA0","000000000000000AAA","","01mak000009VAcDAAW","000000000000000AAA","","","","","Structural","Closed","Breakdown","Phone","Structural breakdown of rotor assembly","Medium","","1","2020-01-27 18:59:51","0","005ak00000D313JAAR","1","2025-01-17 14:10:44","005ak00000D313JAAR","2025-01-17 14:10:44","005ak00000D313JAAR","2025-01-17 14:10:44","","","835735","No","GC1040","No"
"500ak00000ciEy5AAE","0","","00001008","003ak00000FPrGgAAL","001ak00000rH6XCAA0","000000000000000AAA","","01mak000009VAcDAAW","000000000000000AAA","","","","","Other","Closed","Feedback","Web","Customer service for portable generators needs beefing up","Low","","1","2020-01-27 18:59:51","0","005ak00000D313JAAR","1","2025-01-17 14:10:44","005ak00000D313JAAR","2025-01-17 14:10:44","005ak00000D313JAAR","2025-01-17 14:10:44","","","","No","GC1020","No"
"500ak00000ciEy6AAE","0","","00001009","003ak00000FPrGoAAL","001ak00000rH6XGAA0","000000000000000AAA","","01mak000009VAcDAAW","000000000000000AAA","","","","","Mechanical","Closed","Other","Phone","Mechanical maintenance guidelines for generator misleading","Medium","","1","2020-01-27 18:59:51","0","005ak00000D313JAAR","1","2025-01-17 14:10:44","005ak00000D313JAAR","2025-01-17 14:10:44","005ak00000D313JAAR","2025-01-17 14:10:44","","","365782","No","GC3040","Yes"
"500ak00000ciEy7AAE","0","","00001010","003ak00000FPrGpAAL","001ak00000rH6XHAA0","000000000000000AAA","","01mak000009VAcDAAW","000000000000000AAA","","","","","Other","Closed","Feedback","Web","Maintenance guidelines for generator unclear","Low","","1","2020-01-27 18:59:51","0","005ak00000D313JAAR","1","2025-01-17 14:10:44","005ak00000D313JAAR","2025-01-17 14:10:44","005ak00000D313JAAR","2025-01-17 14:10:44","","","658733","No","GC1060","No"
"500ak00000ciEy8AAE","0","","00001011","003ak00000FPrGqAAL","001ak00000rH6XHAA0","000000000000000AAA","","01mak000009VAcDAAW","000000000000000AAA","","","","","Electronic","Closed","Equipment Design","Web","Electronic panel fitting loose","Medium","","1","2020-01-27 18:59:51","0","005ak00000D313JAAR","1","2025-01-17 14:10:44","005ak00000D313JAAR","2025-01-17 14:10:44","005ak00000D313JAAR","2025-01-17 14:10:44","","","965884","No","GC3020","No"
"500ak00000ciEy9AAE","0","","00001012","003ak00000FPrGmAAL","001ak00000rH6XFAA0","000000000000000AAA","","01mak000009VAcDAAW","000000000000000AAA","","","","","Electrical","Closed","Breakdown","Web","Repeated motor breakdown while shutting off","Medium","","1","2020-01-27 18:59:51","0","005ak00000D313JAAR","1","2025-01-17 14:10:44","005ak00000D313JAAR","2025-01-17 14:10:44","005ak00000D313JAAR","2025-01-17 14:10:44","","","347209","Yes","GC1020","Yes"
"500ak00000ciEyAAAU","0","","00001013","003ak00000FPrGhAAL","001ak00000rH6XCAA0","000000000000000AAA","","01mak000009VAcDAAW","000000000000000AAA","","","","","Other","Closed","Equipment Design","Web","Starting up generator consumes excessive power","Medium","","1","2020-01-27 18:59:51","0","005ak00000D313JAAR","1","2025-01-17 14:10:44","005ak00000D313JAAR","2025-01-17 14:10:44","005ak00000D313JAAR","2025-01-17 14:10:44","","","654623","No","GC5020","No"
"500ak00000ciEyBAAU","0","","00001014","003ak00000FPrGhAAL","001ak00000rH6XCAA0","000000000000000AAA","","01mak000009VAcDAAW","000000000000000AAA","","","","","Other","Closed","Installation","Phone","Delay in installation; spare parts unavailable","High","","1","2020-01-27 18:59:51","0","005ak00000D313JAAR","1","2025-01-17 14:10:44","005ak00000D313JAAR","2025-01-17 14:10:44","005ak00000D313JAAR","2025-01-17 14:10:44","","","","No","GC3020","Yes"
"500ak00000ciEyCAAU","0","","00001015","003ak00000FPrGqAAL","001ak00000rH6XHAA0","000000000000000AAA","","01mak000009VAcDAAW","000000000000000AAA","","","","","Mechanical","Closed","Breakdown","Web","Frequent mechanical breakdown","Medium","","1","2020-01-27 18:59:51","0","005ak00000D313JAAR","1","2025-01-17 14:10:44","005ak00000D313JAAR","2025-01-17 14:10:44","005ak00000D313JAAR","2025-01-17 14:10:44","","","354982","No","GC3060","Yes"
"500ak00000ciEyDAAU","0","","00001016","003ak00000FPrGrAAL","001ak00000rH6XIAA0","000000000000000AAA","","01mak000009VAcDAAW","000000000000000AAA","","","","","Other","New","Feedback","Web","Maintenance guidelines for generator unclear","Low","","0","","0","005ak00000D313JAAR","0","2025-01-17 14:10:44","005ak00000D313JAAR","2025-01-17 14:10:44","005ak00000D313JAAR","2025-01-17 14:10:44","","","651375","No","GC5020","No"
"500ak00000ciEyEAAU","0","","00001017","003ak00000FPrGcAAL","001ak00000rH6X8AAK","000000000000000AAA","","01mak000009VAcDAAW","000000000000000AAA","","","","","Mechanical","Closed","Equipment Complexity","Web","Shutting down of generator","Medium","","1","2020-01-27 18:59:51","0","005ak00000D313JAAR","1","2025-01-17 14:10:44","005ak00000D313JAAR","2025-01-17 14:10:44","005ak00000D313JAAR","2025-01-17 14:10:44","","","736734","No","GC1040","No"
"500ak00000ciEyFAAU","0","","00001018","003ak00000FPrGcAAL","001ak00000rH6X8AAK","000000000000000AAA","","01mak000009VAcDAAW","000000000000000AAA","","","","","Electrical","Closed","Equipment Complexity","Phone","Cannot start generator after electrical failure","Medium","","1","2020-01-27 18:59:51","0","005ak00000D313JAAR","1","2025-01-17 14:10:44","005ak00000D313JAAR","2025-01-17 14:10:44","005ak00000D313JAAR","2025-01-17 14:10:44","","","526714","No","GC1040","No"
"500ak00000ciEyGAAU","0","","00001019","003ak00000FPrGdAAL","001ak00000rH6X9AAK","000000000000000AAA","","01mak000009VAcDAAW","000000000000000AAA","","","","","Structural","Closed","Equipment Design","Web","Structural failure of generator base","High","","1","2020-01-27 18:59:51","0","005ak00000D313JAAR","1","2025-01-17 14:10:44","005ak00000D313JAAR","2025-01-17 14:10:44","005ak00000D313JAAR","2025-01-17 14:10:44","","","636265","No","GC5060","Yes"
"500ak00000ciEyHAAU","0","","00001020","003ak00000FPrGdAAL","001ak00000rH6X9AAK","000000000000000AAA","","01mak000009VAcDAAW","000000000000000AAA","","","","","Electrical","Closed","Performance","Phone","Power generation below stated level","Medium","","1","2020-01-27 18:59:51","0","005ak00000D313JAAR","1","2025-01-17 14:10:44","005ak00000D313JAAR","2025-01-17 14:10:44","005ak00000D313JAAR","2025-01-17 14:10:44","","","237645","No","GC3060","Yes"
"500ak00000ciEyIAAU","0","","00001021","003ak00000FPrGiAAL","001ak00000rH6XDAA0","000000000000000AAA","","01mak000009VAcDAAW","000000000000000AAA","","","","","Structural","Closed","Installation","Phone","Generator GC3060 platform structure is weakening","High","","1","2020-01-27 18:59:51","0","005ak00000D313JAAR","1","2025-01-17 14:10:44","005ak00000D313JAAR","2025-01-17 14:10:44","005ak00000D313JAAR","2025-01-17 14:10:44","","","435143","","GC3060","Yes"
"500ak00000ciEyJAAU","0","","00001022","003ak00000FPrGiAAL","001ak00000rH6XDAA0","000000000000000AAA","","01mak000009VAcDAAW","000000000000000AAA","","","","","Electronic","Closed","Performance","Web","Signal panel on GC5060 blinks intermittently","Medium","","1","2020-01-27 18:59:51","0","005ak00000D313JAAR","1","2025-01-17 14:10:44","005ak00000D313JAAR","2025-01-17 14:10:44","005ak00000D313JAAR","2025-01-17 14:10:44","","","456345","No","GC5060","No"
"500ak00000ciEyKAAU","0","","00001023","003ak00000FPrGiAAL","001ak00000rH6XDAA0","000000000000000AAA","","01mak000009VAcDAAW","000000000000000AAA","","","","","Electrical","Closed","Other","Phone","Electric surge damaging adjacent equipment","High","","1","2020-01-27 18:59:51","0","005ak00000D313JAAR","1","2025-01-17 14:10:44","005ak00000D313JAAR","2025-01-17 14:10:44","005ak00000D313JAAR","2025-01-17 14:10:44","","","265794","No","GC5060","No"
"500ak00000ciEyLAAU","0","","00001024","003ak00000FPrGjAAL","001ak00000rH6XDAA0","000000000000000AAA","","01mak000009VAcDAAW","000000000000000AAA","","","","","Mechanical","New","Equipment Design","Web","Design issue with mechanical rotor","Low","","0","","0","005ak00000D313JAAR","0","2025-01-17 14:10:44","005ak00000D313JAAR","2025-01-17 14:10:44","005ak00000D313JAAR","2025-01-17 14:10:44","","","868314","No","GC3040","No"
"500ak00000ciEyMAAU","0","","00001025","003ak00000FPrGjAAL","001ak00000rH6XDAA0","000000000000000AAA","","01mak000009VAcDAAW","000000000000000AAA","","","","","Electrical","Closed","Equipment Design","Phone","Motor design hindering performance","Medium","","1","2020-01-27 18:59:51","0","005ak00000D313JAAR","1","2025-01-17 14:10:44","005ak00000D313JAAR","2025-01-17 14:10:44","005ak00000D313JAAR","2025-01-17 14:10:44","","","572546","No","GC5040","No"
