"Id","IsDeleted","MasterRecordId","AccountId","Salutation","FirstName","LastName","OtherStreet","OtherCity","OtherState","OtherPostalCode","OtherCountry","OtherLatitude","OtherLongitude","OtherGeocodeAccuracy","MailingStreet","MailingCity","MailingState","MailingPostalCode","MailingCountry","MailingLatitude","MailingLongitude","MailingGeocodeAccuracy","Phone","Fax","MobilePhone","HomePhone","OtherPhone","AssistantPhone","ReportsToId","Email","Title","Department","AssistantName","LeadSource","Birthdate","Description","OwnerId","HasOptedOutOfEmail","HasOptedOutOfFax","DoNotCall","CreatedDate","CreatedById","LastModifiedDate","LastModifiedById","SystemModstamp","LastActivityDate","LastCURequestDate","LastCUUpdateDate","EmailBouncedReason","EmailBouncedDate","Jigsaw","JigsawContactId","CleanStatus","IndividualId","Pronouns","GenderIdentity","ContactSource","Level__c","Languages__c"
"003ak00000FPrGbAAL","0","","001ak00000rH6X8AAK","Ms.","Rose","Gonzalez","","","","","","","","","313 Constitution Place
Austin, TX 78767
USA","","","","","","","","(512) 757-6000","(512) 757-9000","(512) 757-9340","","","","","rose@edge.com","SVP, Procurement","Procurement","","Trade Show","1969-02-26 00:00:00","","005ak00000D313JAAR","0","0","0","2025-01-17 14:10:44","005ak00000D313JAAR","2025-01-17 14:10:44","005ak00000D313JAAR","2025-01-17 14:10:44","","","","","","","","Pending","","","","","Primary","English"
"003ak00000FPrGcAAL","0","","001ak00000rH6X8AAK","Mr.","Sean","Forbes","","","","","","","","","312 Constitution Place
Austin, TX 78767
USA","","","","","","","","(512) 757-6000","(512) 757-9000","(512) 757-4561","","","","","sean@edge.com","CFO","Finance","","Trade Show","1947-11-25 00:00:00","","005ak00000D313JAAR","0","0","0","2025-01-17 14:10:44","005ak00000D313JAAR","2025-01-17 14:10:44","005ak00000D313JAAR","2025-01-17 14:10:44","","","","","","","","Pending","","","","","Secondary","English"
"003ak00000FPrGdAAL","0","","001ak00000rH6X9AAK","Mr.","Jack","Rogers","","","","","","","","","525 S. Lexington Ave","Burlington","NC","27215","USA","","","","(336) 222-7000","(336) 222-8000","","","","","","jrogers@burlington.com","VP, Facilities","","","Web","","","005ak00000D313JAAR","0","0","0","2025-01-17 14:10:44","005ak00000D313JAAR","2025-01-17 14:10:44","005ak00000D313JAAR","2025-01-17 14:10:44","","","","","","","","Pending","","","","","",""
"003ak00000FPrGeAAL","0","","001ak00000rH6XAAA0","Ms.","Pat","Stumuller","2 Place Jussieu","Paris","","75251","France","","","","2 Place Jussieu","Paris","","75251","France","","","","(014) 427-4427","(014) 427-4428","(014) 454-6364","","","(014) 427-4465","","pat@pyramid.net","SVP, Administration and Finance","Finance","Jean Marie","","","","005ak00000D313JAAR","0","0","0","2025-01-17 14:10:44","005ak00000D313JAAR","2025-01-17 14:10:44","005ak00000D313JAAR","2025-01-17 14:10:44","","","","","","","","Pending","","","","","Primary","French, English"
"003ak00000FPrGfAAL","0","","001ak00000rH6XBAA0","Mr","Andy","Young","1301 Hoch Drive","Lawrence","KS","66045","USA","","","","1301 Hoch Drive","Lawrence","KS","66045","USA","","","","(785) 241-6200","","(785) 265-5350","","","","","a_young@dickenson.com","SVP, Operations","Internal Operations","","Purchased List","","","005ak00000D313JAAR","0","0","0","2025-01-17 14:10:44","005ak00000D313JAAR","2025-01-17 14:10:44","005ak00000D313JAAR","2025-01-17 14:10:44","","","","","","","","Pending","","","","","Primary","English"
"003ak00000FPrGgAAL","0","","001ak00000rH6XCAA0","Mr.","Tim","Barr","","","","","","","","","2335 N. Michigan Avenue, Suite 1500
Chicago, IL 60601, USA","","","","","","","","(312) 596-1000","(312) 596-1500","(312) 596-1230","","","","","barr_tim@grandhotels.com","SVP, Administration and Finance","Finance","","External Referral","1954-10-23 00:00:00","","005ak00000D313JAAR","0","0","0","2025-01-17 14:10:44","005ak00000D313JAAR","2025-01-17 14:10:44","005ak00000D313JAAR","2025-01-17 14:10:44","","","","","","","","Pending","","","","","Secondary","English"
"003ak00000FPrGhAAL","0","","001ak00000rH6XCAA0","Mr.","John","Bond","","","","","","","","","2334 N. Michigan Avenue, Suite 1500
Chicago, IL 60601, USA","","","","","","","","(312) 596-1000","(312) 596-1500","(312) 596-1563","","","","","bond_john@grandhotels.com","VP, Facilities","Facilities","","External Referral","1957-01-03 00:00:00","","005ak00000D313JAAR","0","0","0","2025-01-17 14:10:44","005ak00000D313JAAR","2025-01-17 14:10:44","005ak00000D313JAAR","2025-01-17 14:10:44","","","","","","","","Pending","","","","","Primary","English"
"003ak00000FPrGiAAL","0","","001ak00000rH6XDAA0","Ms.","Stella","Pavlova","","","","","","","","","1303 Avenue of the Americas 
New York, NY 10019
USA","","","","","","","","(212) 842-5500","(212) 842-5501","(212) 842-5501","","(212) 842-5543","(212) 842-5589","","spavlova@uog.com","SVP, Production","Production","Audrey Haynes","Public Relations","1944-06-19 00:00:00","","005ak00000D313JAAR","0","0","0","2025-01-17 14:10:44","005ak00000D313JAAR","2025-01-17 14:10:44","005ak00000D313JAAR","2025-01-17 14:10:44","","","","","","","","Pending","","","","","Tertiary","English"
"003ak00000FPrGjAAL","0","","001ak00000rH6XDAA0","Ms.","Lauren","Boyle","","","","","","","","","1304 Avenue of the Americas 
New York, NY 10019
USA","","","","","","","","(212) 842-5500","(212) 842-5501","(212) 842-5611","","","","","lboyle@uog.com","SVP, Technology","Technology","","Public Relations","1961-08-02 00:00:00","","005ak00000D313JAAR","0","0","0","2025-01-17 14:10:44","005ak00000D313JAAR","2025-01-17 14:10:44","005ak00000D313JAAR","2025-01-17 14:10:44","","","","","","","","Pending","","","","","Secondary","English"
"003ak00000FPrGkAAL","0","","001ak00000rH6XEAA0","Ms.","Babara","Levy","","","","","","","","","620 SW 5th Avenue Suite 400
Portland, Oregon 97204
United States","","","","","","","","(503) 421-7800","(503) 421-7801","(503) 421-5451","","","(503) 421-6782","","b.levy@expressl&t.net","SVP, Operations","Operations","Ron Sage","Word of mouth","1938-02-03 00:00:00","","005ak00000D313JAAR","0","0","0","2025-01-17 14:10:44","005ak00000D313JAAR","2025-01-17 14:10:44","005ak00000D313JAAR","2025-01-17 14:10:44","","","","","","","","Pending","","","","","Primary","English"
"003ak00000FPrGlAAL","0","","001ak00000rH6XEAA0","Mr.","Josh","Davis","","","","","","","","","621 SW 5th Avenue Suite 400
Portland, Oregon 97204
United States","","","","","","","","(503) 421-7800","(503) 421-7801","(503) 421-4387","","","","","j.davis@expressl&t.net","Director, Warehouse Mgmt","Warehouse Mgmt","","Word of mouth","1949-05-30 00:00:00","","005ak00000D313JAAR","0","0","0","2025-01-17 14:10:44","005ak00000D313JAAR","2025-01-17 14:10:44","005ak00000D313JAAR","2025-01-17 14:10:44","","","","","","","","Pending","","","","","Secondary","English"
"003ak00000FPrGmAAL","0","","001ak00000rH6XFAA0","Ms.","Jane","Grey","","","","","","","","","888 N Euclid 
Hallis Center, Room 501
Tucson, AZ 85721
United States","","","","","","","","(520) 773-9050","(520) 773-9060","(520) 773-4539","","","","","jane_gray@uoa.edu","Dean of Administration","Administration","","Word of mouth","1945-04-16 00:00:00","","005ak00000D313JAAR","0","0","0","2025-01-17 14:10:44","005ak00000D313JAAR","2025-01-17 14:10:44","005ak00000D313JAAR","2025-01-17 14:10:44","","","","","","","","Pending","","","","","Primary","English"
"003ak00000FPrGnAAL","0","","001ak00000rH6XDAA0","Mr.","Arthur","Song","","","","","","","","","1301 Avenue of the Americas 
New York, NY 10019
USA","","","","","","","","(212) 842-5500","(212) 842-5501","(212) 842-4535","","","(212) 842-5464","","asong@uog.com","CEO","Executive Team","Pat Feinstein","Public Relations","1952-10-15 00:00:00","","005ak00000D313JAAR","0","0","0","2025-01-17 14:10:44","005ak00000D313JAAR","2025-01-17 14:10:44","005ak00000D313JAAR","2025-01-17 14:10:44","","","","","","","","Pending","","","","","Secondary","English"
"003ak00000FPrGoAAL","0","","001ak00000rH6XGAA0","Ms.","Ashley","James","","","","","","","","","Kings Park, 17th Avenue, Team Valley Trading Estate,
Gateshead, Tyne and Wear NE26 3HS
United Kingdom","","","","","","","","+44 191 4956203","+44 191 4956620","+44 191 3456234","","","","","ajames@uog.com","VP, Finance","Finance","","Public Relations","1947-06-25 00:00:00","","005ak00000D313JAAR","0","0","0","2025-01-17 14:10:44","005ak00000D313JAAR","2025-01-17 14:10:44","005ak00000D313JAAR","2025-01-17 14:10:44","","","","","","","","Pending","","","","","Primary","English"
"003ak00000FPrGpAAL","0","","001ak00000rH6XHAA0","Mr.","Tom","Ripley","","","","","","","","","9 Tagore Lane
Singapore, Singapore 787472
Singapore","","","","","","","","(650) 450-8810","(650) 450-8820","(650) 345-7636","","","","","tripley@uog.com","Regional General Manager","Executive Team","","Public Relations","1951-08-22 00:00:00","","005ak00000D313JAAR","0","0","0","2025-01-17 14:10:44","005ak00000D313JAAR","2025-01-17 14:10:44","005ak00000D313JAAR","2025-01-17 14:10:44","","","","","","","","Pending","","","","","Primary","English"
"003ak00000FPrGqAAL","0","","001ak00000rH6XHAA0","Ms.","Liz","D'Cruz","","","","","","","","","10 Tagore Lane
Singapore, Singapore 787472
Singapore","","","","","","","","(650) 450-8810","(650) 450-8820","(650) 345-6637","","","","","ldcruz@uog.com","VP, Production","Production","","Public Relations","1962-12-02 00:00:00","","005ak00000D313JAAR","0","0","0","2025-01-17 14:10:44","005ak00000D313JAAR","2025-01-17 14:10:44","005ak00000D313JAAR","2025-01-17 14:10:44","","","","","","","","Pending","","","","","Secondary","English"
"003ak00000FPrGrAAL","0","","001ak00000rH6XIAA0","Ms.","Edna","Frank","","","","","","","","","345 Shoreline Park
Mountain View, CA 94043
USA","","","","","","","","(650) 867-3450","(650) 867-9895","(650) 867-7686","","","","","efrank@genepoint.com","VP, Technology","Technology","","Partner","1943-05-09 00:00:00","","005ak00000D313JAAR","0","0","0","2025-01-17 14:10:44","005ak00000D313JAAR","2025-01-17 14:10:44","005ak00000D313JAAR","2025-01-17 14:10:44","","","","","","","","Pending","","","","","Primary","English"
"003ak00000FPrGsAAL","0","","001ak00000rH6XDAA0","Mr.","Avi","Green","","","","","","","","","1302 Avenue of the Americas 
New York, NY 10019
USA","","","","","","","","(212) 842-5500","(212) 842-5501","(212) 842-2383","","","(212) 842-5428","","agreen@uog.com","CFO","Finance","Chris Nobel","Public Relations","1934-09-26 00:00:00","","005ak00000D313JAAR","0","0","0","2025-01-17 14:10:44","005ak00000D313JAAR","2025-01-17 14:10:44","005ak00000D313JAAR","2025-01-17 14:10:44","","","","","","","","Pending","","","","","Primary","English"
"003ak00000FPrGtAAL","0","","001ak00000rH6XJAA0","Ms.","Siddartha","Nedaerk","","","","","","","","","The Landmark @ One Market","San Francisco","CA","94087","US","","","","","","","","","","","","","","","","","","005ak00000D313JAAR","0","0","0","2025-01-17 14:10:44","005ak00000D313JAAR","2025-01-17 14:10:44","005ak00000D313JAAR","2025-01-17 14:10:44","","","","","","","","Pending","","","","","",""
"003ak00000FPrGuAAL","0","","001ak00000rH6XJAA0","Mr.","Jake","Llorrac","","","","","","","","","","","","","","","","","","","","","","","","","","","","","","","005ak00000D313JAAR","0","0","0","2025-01-17 14:10:44","005ak00000D313JAAR","2025-01-17 14:10:44","005ak00000D313JAAR","2025-01-17 14:10:44","","","","","","","","Pending","","","","","",""
