"Id","IsDeleted","ParentId","ParentSobjectType","CreatedById","CreatedDate","FieldName","DataType","OldvalString","NewvalString","OldvalFirstName","NewvalFirstName","OldvalLastName","NewvalLastName","OldvalNumber","NewvalNumber","OldvalDate","NewvalDate"
"017ak00000KopGqAAJ","0","0Hhak0000003yUHCAY","ServiceTerritory","005ak00000D313JAAR","2025-01-17 14:10:44","createText","S","","","","","","","","","",""
"017ak00000KopGrAAJ","0","0Hnak0000006qaDCAQ","ServiceResource","005ak00000D313JAAR","2025-01-17 14:10:44","createText","S","","","","","","","","","",""
"017ak00000KopGsAAJ","0","01tak00000Cmf6nAAB","Product2","005ak00000D313JAAR","2025-01-17 14:10:44","createText","S","","","","","","","","","",""
"017ak00000KopGtAAJ","0","0Hvak0000002GtVCAU","ServiceResourceSkill","005ak00000D313JAAR","2025-01-17 14:10:44","createText","S","","","","","","","","","",""
"017ak00000KopGuAAJ","0","131ak000000FzO9AAK","Location","005ak00000D313JAAR","2025-01-17 14:10:44","createText","S","","","","","","","","","",""
"017ak00000KopGvAAJ","0","0Coak0000068fqXCAQ","ProductItem","005ak00000D313JAAR","2025-01-17 14:10:44","createText","S","","","","","","","","","",""
"017ak00000KopGwAAJ","0","0TRak000007ftHVGAY","ProductItemTransaction","005ak00000D313JAAR","2025-01-17 14:10:44","createText","S","","","","","","","","","",""
"017ak00000KopGxAAJ","0","1Slak0000000wK9CAI","ServiceTerritoryLocation","005ak00000D313JAAR","2025-01-17 14:10:44","createText","S","","","","","","","","","",""
"017ak00000KopGyAAJ","0","01tak00000Cmf6oAAB","Product2","005ak00000D313JAAR","2025-01-17 14:10:44","createText","S","","","","","","","","","",""
"017ak00000KopGzAAJ","0","0Coak0000068fqYCAQ","ProductItem","005ak00000D313JAAR","2025-01-17 14:10:44","createText","S","","","","","","","","","",""
"017ak00000KopH0AAJ","0","0TRak000007ftHWGAY","ProductItemTransaction","005ak00000D313JAAR","2025-01-17 14:10:44","createText","S","","","","","","","","","",""
"017ak00000KopH1AAJ","0","069ak00000AEbd3AAD","ContentDocument","005ak00000D314wAAB","2025-01-17 14:10:44","createText","S","","","","","","","","","",""
"017ak00000KopH2AAJ","0","068ak000008cEJtAAM","ContentVersion","005ak00000D314wAAB","2025-01-17 14:10:44","createText","S","","","","","","","","","",""
"017ak00000KopH3AAJ","0","0Hnak0000006qaECAQ","ServiceResource","005ak00000D313JAAR","2025-01-17 14:10:44","createText","S","","","","","","","","","",""
"017ak00000KopH5AAJ","0","0Hvak0000002GtWCAU","ServiceResourceSkill","005ak00000D313JAAR","2025-01-17 14:10:44","createText","S","","","","","","","","","",""
"017ak00000KopH6AAJ","0","0TRak000007ftHXGAY","ProductItemTransaction","005ak00000D313JAAR","2025-01-17 14:10:44","createText","S","","","","","","","","","",""
"017ak00000KopH7AAJ","0","0Hwak0000002QrFCAU","ResourceAbsence","005ak00000D313JAAR","2025-01-17 14:10:44","createText","S","","","","","","","","","",""
"017ak00000KopH8AAJ","0","0Hhak0000003yUICAY","ServiceTerritory","005ak00000D313JAAR","2025-01-17 14:10:44","createText","S","","","","","","","","","",""
"017ak00000KopH9AAJ","0","0Hnak0000006qaFCAQ","ServiceResource","005ak00000D313JAAR","2025-01-17 14:10:44","createText","S","","","","","","","","","",""
"017ak00000KopHAAAZ","0","0Huak00000032rjCAA","ServiceTerritoryMember","005ak00000D313JAAR","2025-01-17 14:10:44","createText","S","","","","","","","","","",""
"017ak00000KopHBAAZ","0","0Huak00000032riCAA","ServiceTerritoryMember","005ak00000D313JAAR","2025-01-17 14:10:44","createText","S","","","","","","","","","",""
"017ak00000KopHCAAZ","0","0Hnak0000006qaGCAQ","ServiceResource","005ak00000D313JAAR","2025-01-17 14:10:44","createText","S","","","","","","","","","",""
"017ak00000KopHDAAZ","0","0Hnak0000006qaHCAQ","ServiceResource","005ak00000D313JAAR","2025-01-17 14:10:44","createText","S","","","","","","","","","",""
"017ak00000KopHEAAZ","0","0Huak00000032rkCAA","ServiceTerritoryMember","005ak00000D313JAAR","2025-01-17 14:10:44","createText","S","","","","","","","","","",""
"017ak00000KopHFAAZ","0","0Huak00000032rlCAA","ServiceTerritoryMember","005ak00000D313JAAR","2025-01-17 14:10:44","createText","S","","","","","","","","","",""
"017ak00000KopHGAAZ","0","0Hnak0000006qaICAQ","ServiceResource","005ak00000D313JAAR","2025-01-17 14:10:44","createText","S","","","","","","","","","",""
"017ak00000KopHHAAZ","0","0Huak00000032rmCAA","ServiceTerritoryMember","005ak00000D313JAAR","2025-01-17 14:10:44","createText","S","","","","","","","","","",""
"017ak00000KopHIAAZ","0","0Hwak0000002QrGCAU","ResourceAbsence","005ak00000D313JAAR","2025-01-17 14:10:44","createText","S","","","","","","","","","",""
"017ak00000KopHJAAZ","0","0Hwak0000002QrICAU","ResourceAbsence","005ak00000D313JAAR","2025-01-17 14:10:44","createText","S","","","","","","","","","",""
"017ak00000KopHKAAZ","0","0Hwak0000002QrJCAU","ResourceAbsence","005ak00000D313JAAR","2025-01-17 14:10:44","createText","S","","","","","","","","","",""
"017ak00000KopHLAAZ","0","0Hwak0000002QrKCAU","ResourceAbsence","005ak00000D313JAAR","2025-01-17 14:10:44","createText","S","","","","","","","","","",""
"017ak00000KopHMAAZ","0","0Hwak0000002QrHCAU","ResourceAbsence","005ak00000D313JAAR","2025-01-17 14:10:44","createText","S","","","","","","","","","",""
"017ak00000KopHNAAZ","0","0Hwak0000002QrLCAU","ResourceAbsence","005ak00000D313JAAR","2025-01-17 14:10:44","createText","S","","","","","","","","","",""
"017ak00000KopHOAAZ","0","0Hwak0000002QrMCAU","ResourceAbsence","005ak00000D313JAAR","2025-01-17 14:10:44","createText","S","","","","","","","","","",""
"017ak00000KopHPAAZ","0","0Hwak0000002QrNCAU","ResourceAbsence","005ak00000D313JAAR","2025-01-17 14:10:44","createText","S","","","","","","","","","",""
"017ak00000KopHQAAZ","0","0Hwak0000002QrOCAU","ResourceAbsence","005ak00000D313JAAR","2025-01-17 14:10:44","createText","S","","","","","","","","","",""
"017ak00000KopHRAAZ","0","0Hwak0000002QrPCAU","ResourceAbsence","005ak00000D313JAAR","2025-01-17 14:10:44","createText","S","","","","","","","","","",""
"017ak00000KopHSAAZ","0","0Hwak0000002QrQCAU","ResourceAbsence","005ak00000D313JAAR","2025-01-17 14:10:44","createText","S","","","","","","","","","",""
"017ak00000KopHTAAZ","0","0Hwak0000002QrRCAU","ResourceAbsence","005ak00000D313JAAR","2025-01-17 14:10:44","createText","S","","","","","","","","","",""
"017ak00000KopHUAAZ","0","08qak0000002PokAAE","WorkType","005ak00000D313JAAR","2025-01-17 14:10:44","createText","S","","","","","","","","","",""
"017ak00000KopHVAAZ","0","08qak0000002PojAAE","WorkType","005ak00000D313JAAR","2025-01-17 14:10:44","createText","S","","","","","","","","","",""
"017ak00000KopHWAAZ","0","0Hwak0000002QrSCAU","ResourceAbsence","005ak00000D313JAAR","2025-01-17 14:10:44","createText","S","","","","","","","","","",""
"017ak00000KopHXAAZ","0","0Hwak0000002QrTCAU","ResourceAbsence","005ak00000D313JAAR","2025-01-17 14:10:44","createText","S","","","","","","","","","",""
"017ak00000KopHYAAZ","0","0Hwak0000002QrVCAU","ResourceAbsence","005ak00000D313JAAR","2025-01-17 14:10:44","createText","S","","","","","","","","","",""
"017ak00000KopHZAAZ","0","0Hwak0000002QrWCAU","ResourceAbsence","005ak00000D313JAAR","2025-01-17 14:10:44","createText","S","","","","","","","","","",""
"017ak00000KopHaAAJ","0","0WOak000001tQkTGAU","WorkOrder","005ak00000D313JAAR","2025-01-17 14:10:44","createText","S","","","","","","","","","",""
"017ak00000KopHbAAJ","0","0Hwak0000002QrXCAU","ResourceAbsence","005ak00000D313JAAR","2025-01-17 14:10:44","createText","S","","","","","","","","","",""
"017ak00000KopHcAAJ","0","0Hwak0000002QrUCAU","ResourceAbsence","005ak00000D313JAAR","2025-01-17 14:10:44","createText","S","","","","","","","","","",""
"017ak00000KopHdAAJ","0","0Hwak0000002QrYCAU","ResourceAbsence","005ak00000D313JAAR","2025-01-17 14:10:44","createText","S","","","","","","","","","",""
"017ak00000KopHeAAJ","0","0Hwak0000002QrZCAU","ResourceAbsence","005ak00000D313JAAR","2025-01-17 14:10:44","createText","S","","","","","","","","","",""
"017ak00000KopHfAAJ","0","0Hwak0000002QraCAE","ResourceAbsence","005ak00000D313JAAR","2025-01-17 14:10:44","createText","S","","","","","","","","","",""
"017ak00000KopHgAAJ","0","0Hwak0000002QrcCAE","ResourceAbsence","005ak00000D313JAAR","2025-01-17 14:10:44","createText","S","","","","","","","","","",""
"017ak00000KopHhAAJ","0","0WOak000001tQkUGAU","WorkOrder","005ak00000D313JAAR","2025-01-17 14:10:44","createText","S","","","","","","","","","",""
"017ak00000KopHiAAJ","0","0WOak000001tQkVGAU","WorkOrder","005ak00000D313JAAR","2025-01-17 14:10:44","createText","S","","","","","","","","","",""
"017ak00000KopHjAAJ","0","0WOak000001tQkWGAU","WorkOrder","005ak00000D313JAAR","2025-01-17 14:10:44","createText","S","","","","","","","","","",""
"017ak00000KopHkAAJ","0","0WOak000001tQkXGAU","WorkOrder","005ak00000D313JAAR","2025-01-17 14:10:44","createText","S","","","","","","","","","",""
"017ak00000KopHlAAJ","0","0WOak000001tQkYGAU","WorkOrder","005ak00000D313JAAR","2025-01-17 14:10:44","createText","S","","","","","","","","","",""
"017ak00000KopHmAAJ","0","0WOak000001tQkZGAU","WorkOrder","005ak00000D313JAAR","2025-01-17 14:10:44","createText","S","","","","","","","","","",""
"017ak00000KopHnAAJ","0","0WOak000001tQkaGAE","WorkOrder","005ak00000D313JAAR","2025-01-17 14:10:44","createText","S","","","","","","","","","",""
"017ak00000KopHoAAJ","0","0WOak000001tQkbGAE","WorkOrder","005ak00000D313JAAR","2025-01-17 14:10:44","createText","S","","","","","","","","","",""
"017ak00000KopHpAAJ","0","0WOak000001tQkcGAE","WorkOrder","005ak00000D313JAAR","2025-01-17 14:10:44","createText","S","","","","","","","","","",""
"017ak00000KopHqAAJ","0","0WOak000001tQkdGAE","WorkOrder","005ak00000D313JAAR","2025-01-17 14:10:44","createText","S","","","","","","","","","",""
"017ak00000KopHrAAJ","0","0WOak000001tQkeGAE","WorkOrder","005ak00000D313JAAR","2025-01-17 14:10:44","createText","S","","","","","","","","","",""
"017ak00000KopHsAAJ","0","0WOak000001tQkgGAE","WorkOrder","005ak00000D313JAAR","2025-01-17 14:10:44","createText","S","","","","","","","","","",""
"017ak00000KopHtAAJ","0","0WOak000001tQkhGAE","WorkOrder","005ak00000D313JAAR","2025-01-17 14:10:44","createText","S","","","","","","","","","",""
"017ak00000KopHuAAJ","0","0WOak000001tQkiGAE","WorkOrder","005ak00000D313JAAR","2025-01-17 14:10:44","createText","S","","","","","","","","","",""
"017ak00000KopHvAAJ","0","0WOak000001tQkfGAE","WorkOrder","005ak00000D313JAAR","2025-01-17 14:10:44","createText","S","","","","","","","","","",""
"017ak00000KopHwAAJ","0","0WOak000001tQkjGAE","WorkOrder","005ak00000D313JAAR","2025-01-17 14:10:44","createText","S","","","","","","","","","",""
"017ak00000KopHxAAJ","0","0WOak000001tQkkGAE","WorkOrder","005ak00000D313JAAR","2025-01-17 14:10:44","createText","S","","","","","","","","","",""
"017ak00000KopHyAAJ","0","08pak0000003xjAAAQ","ServiceAppointment","005ak00000D313JAAR","2025-01-17 14:10:44","createText","S","","","","","","","","","",""
"017ak00000KopHzAAJ","0","08pak0000003xjBAAQ","ServiceAppointment","005ak00000D313JAAR","2025-01-17 14:10:44","createText","S","","","","","","","","","",""
"017ak00000KopI0AAJ","0","08pak0000003xjCAAQ","ServiceAppointment","005ak00000D313JAAR","2025-01-17 14:10:44","createText","S","","","","","","","","","",""
"017ak00000KopI1AAJ","0","08pak0000003xjDAAQ","ServiceAppointment","005ak00000D313JAAR","2025-01-17 14:10:44","createText","S","","","","","","","","","",""
"017ak00000KopI2AAJ","0","08pak0000003xjEAAQ","ServiceAppointment","005ak00000D313JAAR","2025-01-17 14:10:44","createText","S","","","","","","","","","",""
"017ak00000KopI3AAJ","0","08pak0000003xjFAAQ","ServiceAppointment","005ak00000D313JAAR","2025-01-17 14:10:44","createText","S","","","","","","","","","",""
"017ak00000KopI4AAJ","0","08pak0000003xjGAAQ","ServiceAppointment","005ak00000D313JAAR","2025-01-17 14:10:44","createText","S","","","","","","","","","",""
"017ak00000KopI5AAJ","0","08pak0000003xjHAAQ","ServiceAppointment","005ak00000D313JAAR","2025-01-17 14:10:44","createText","S","","","","","","","","","",""
"017ak00000KopI6AAJ","0","08pak0000003xjIAAQ","ServiceAppointment","005ak00000D313JAAR","2025-01-17 14:10:44","createText","S","","","","","","","","","",""
"017ak00000KopI7AAJ","0","08pak0000003xjJAAQ","ServiceAppointment","005ak00000D313JAAR","2025-01-17 14:10:44","createText","S","","","","","","","","","",""
"017ak00000KopI8AAJ","0","08pak0000003xjKAAQ","ServiceAppointment","005ak00000D313JAAR","2025-01-17 14:10:44","createText","S","","","","","","","","","",""
"017ak00000KopI9AAJ","0","08pak0000003xjLAAQ","ServiceAppointment","005ak00000D313JAAR","2025-01-17 14:10:44","createText","S","","","","","","","","","",""
"017ak00000KopIAAAZ","0","08pak0000003xjMAAQ","ServiceAppointment","005ak00000D313JAAR","2025-01-17 14:10:44","createText","S","","","","","","","","","",""
"017ak00000KopIBAAZ","0","08pak0000003xjNAAQ","ServiceAppointment","005ak00000D313JAAR","2025-01-17 14:10:44","createText","S","","","","","","","","","",""
"017ak00000KopICAAZ","0","08pak0000003xjOAAQ","ServiceAppointment","005ak00000D313JAAR","2025-01-17 14:10:44","createText","S","","","","","","","","","",""
"017ak00000KopIDAAZ","0","08pak0000003xjPAAQ","ServiceAppointment","005ak00000D313JAAR","2025-01-17 14:10:44","createText","S","","","","","","","","","",""
"017ak00000KopIEAAZ","0","08pak0000003xjQAAQ","ServiceAppointment","005ak00000D313JAAR","2025-01-17 14:10:44","createText","S","","","","","","","","","",""
"017ak00000KopIFAAZ","0","0WOak000001tQklGAE","WorkOrder","005ak00000D313JAAR","2025-01-17 14:10:44","createText","S","","","","","","","","","",""
"017ak00000KopIGAAZ","0","0WOak000001tQkmGAE","WorkOrder","005ak00000D313JAAR","2025-01-17 14:10:44","createText","S","","","","","","","","","",""
"017ak00000KopIHAAZ","0","0WOak000001tQknGAE","WorkOrder","005ak00000D313JAAR","2025-01-17 14:10:44","createText","S","","","","","","","","","",""
"017ak00000KopIIAAZ","0","0WOak000001tQkoGAE","WorkOrder","005ak00000D313JAAR","2025-01-17 14:10:44","createText","S","","","","","","","","","",""
"017ak00000KopIJAAZ","0","0WOak000001tQkpGAE","WorkOrder","005ak00000D313JAAR","2025-01-17 14:10:44","createText","S","","","","","","","","","",""
"017ak00000KopIKAAZ","0","0WOak000001tQkqGAE","WorkOrder","005ak00000D313JAAR","2025-01-17 14:10:44","createText","S","","","","","","","","","",""
"017ak00000Kp633AAB","0","0WOak000001tQkrGAE","WorkOrder","005ak00000D313JAAR","2025-01-17 14:10:44","createText","S","","","","","","","","","",""
"017ak00000Kp634AAB","0","0WOak000001tQksGAE","WorkOrder","005ak00000D313JAAR","2025-01-17 14:10:44","createText","S","","","","","","","","","",""
"017ak00000Kp635AAB","0","0WOak000001tQktGAE","WorkOrder","005ak00000D313JAAR","2025-01-17 14:10:44","createText","S","","","","","","","","","",""
"017ak00000Kp636AAB","0","0WOak000001tQkuGAE","WorkOrder","005ak00000D313JAAR","2025-01-17 14:10:44","createText","S","","","","","","","","","",""
"017ak00000Kp637AAB","0","0WOak000001tQkvGAE","WorkOrder","005ak00000D313JAAR","2025-01-17 14:10:44","createText","S","","","","","","","","","",""
"017ak00000Kp638AAB","0","0WOak000001tQkwGAE","WorkOrder","005ak00000D313JAAR","2025-01-17 14:10:44","createText","S","","","","","","","","","",""
"017ak00000Kp639AAB","0","0WOak000001tQkxGAE","WorkOrder","005ak00000D313JAAR","2025-01-17 14:10:44","createText","S","","","","","","","","","",""
"017ak00000Kp63AAAR","0","0WOak000001tQkyGAE","WorkOrder","005ak00000D313JAAR","2025-01-17 14:10:44","createText","S","","","","","","","","","",""
"017ak00000Kp63BAAR","0","08pak0000003xjRAAQ","ServiceAppointment","005ak00000D313JAAR","2025-01-17 14:10:44","createText","S","","","","","","","","","",""
"017ak00000Kp63CAAR","0","08pak0000003xjSAAQ","ServiceAppointment","005ak00000D313JAAR","2025-01-17 14:10:44","createText","S","","","","","","","","","",""
"017ak00000Kp63DAAR","0","08pak0000003xjUAAQ","ServiceAppointment","005ak00000D313JAAR","2025-01-17 14:10:44","createText","S","","","","","","","","","",""
"017ak00000Kp63EAAR","0","08pak0000003xjVAAQ","ServiceAppointment","005ak00000D313JAAR","2025-01-17 14:10:44","createText","S","","","","","","","","","",""
"017ak00000Kp63FAAR","0","08pak0000003xjWAAQ","ServiceAppointment","005ak00000D313JAAR","2025-01-17 14:10:44","createText","S","","","","","","","","","",""
"017ak00000Kp63GAAR","0","08pak0000003xjTAAQ","ServiceAppointment","005ak00000D313JAAR","2025-01-17 14:10:44","createText","S","","","","","","","","","",""
"017ak00000Kp63HAAR","0","08pak0000003xjXAAQ","ServiceAppointment","005ak00000D313JAAR","2025-01-17 14:10:44","createText","S","","","","","","","","","",""
"017ak00000Kp63IAAR","0","08pak0000003xjYAAQ","ServiceAppointment","005ak00000D313JAAR","2025-01-17 14:10:44","createText","S","","","","","","","","","",""
"017ak00000Kp63JAAR","0","08pak0000003xjZAAQ","ServiceAppointment","005ak00000D313JAAR","2025-01-17 14:10:44","createText","S","","","","","","","","","",""
"017ak00000Kp63KAAR","0","08pak0000003xjaAAA","ServiceAppointment","005ak00000D313JAAR","2025-01-17 14:10:44","createText","S","","","","","","","","","",""
"017ak00000Kp63LAAR","0","08pak0000003xjbAAA","ServiceAppointment","005ak00000D313JAAR","2025-01-17 14:10:44","createText","S","","","","","","","","","",""
"017ak00000Kp63MAAR","0","08pak0000003xjcAAA","ServiceAppointment","005ak00000D313JAAR","2025-01-17 14:10:44","createText","S","","","","","","","","","",""
"017ak00000Kp63NAAR","0","08pak0000003xjdAAA","ServiceAppointment","005ak00000D313JAAR","2025-01-17 14:10:44","createText","S","","","","","","","","","",""
"017ak00000Kp63OAAR","0","08pak0000003xjeAAA","ServiceAppointment","005ak00000D313JAAR","2025-01-17 14:10:44","createText","S","","","","","","","","","",""
"017ak00000Kp63PAAR","0","0WOak000001tQkzGAE","WorkOrder","005ak00000D313JAAR","2025-01-17 14:10:44","createText","S","","","","","","","","","",""
"017ak00000Kp63QAAR","0","08pak0000003xjfAAA","ServiceAppointment","005ak00000D313JAAR","2025-01-17 14:10:44","createText","S","","","","","","","","","",""
"017ak00000Kp63RAAR","0","0WOak000001tQl0GAE","WorkOrder","005ak00000D313JAAR","2025-01-17 14:10:44","createText","S","","","","","","","","","",""
"017ak00000Kp63SAAR","0","0WOak000001tQlgGAE","WorkOrder","005ak00000D313JAAR","2025-01-17 14:10:44","createText","S","","","","","","","","","",""
"017ak00000Kp63TAAR","0","0WOak000001tQlhGAE","WorkOrder","005ak00000D313JAAR","2025-01-17 14:10:44","createText","S","","","","","","","","","",""
"017ak00000Kp63UAAR","0","0WOak000001tQliGAE","WorkOrder","005ak00000D313JAAR","2025-01-17 14:10:44","createText","S","","","","","","","","","",""
"017ak00000Kp63VAAR","0","0WOak000001tQljGAE","WorkOrder","005ak00000D313JAAR","2025-01-17 14:10:44","createText","S","","","","","","","","","",""
"017ak00000Kp63WAAR","0","0WOak000001tQlOGAU","WorkOrder","005ak00000D313JAAR","2025-01-17 14:10:44","createText","S","","","","","","","","","",""
"017ak00000Kp63XAAR","0","0WOak000001tQlPGAU","WorkOrder","005ak00000D313JAAR","2025-01-17 14:10:44","createText","S","","","","","","","","","",""
"017ak00000Kp63YAAR","0","0WOak000001tQl1GAE","WorkOrder","005ak00000D313JAAR","2025-01-17 14:10:44","createText","S","","","","","","","","","",""
"017ak00000Kp63ZAAR","0","0WOak000001tQl2GAE","WorkOrder","005ak00000D313JAAR","2025-01-17 14:10:44","createText","S","","","","","","","","","",""
"017ak00000Kp63aAAB","0","0WOak000001tQl3GAE","WorkOrder","005ak00000D313JAAR","2025-01-17 14:10:44","createText","S","","","","","","","","","",""
"017ak00000Kp63bAAB","0","0WOak000001tQl4GAE","WorkOrder","005ak00000D313JAAR","2025-01-17 14:10:44","createText","S","","","","","","","","","",""
"017ak00000Kp63cAAB","0","08pak0000003xhuAAA","ServiceAppointment","005ak00000D313JAAR","2025-01-17 14:10:44","createText","S","","","","","","","","","",""
"017ak00000Kp63dAAB","0","08pak0000003xhvAAA","ServiceAppointment","005ak00000D313JAAR","2025-01-17 14:10:44","createText","S","","","","","","","","","",""
"017ak00000Kp63eAAB","0","08pak0000003xhtAAA","ServiceAppointment","005ak00000D313JAAR","2025-01-17 14:10:44","createText","S","","","","","","","","","",""
"017ak00000Kp63fAAB","0","08pak0000003xhwAAA","ServiceAppointment","005ak00000D313JAAR","2025-01-17 14:10:44","createText","S","","","","","","","","","",""
"017ak00000Kp63gAAB","0","0WOak000001tQl5GAE","WorkOrder","005ak00000D313JAAR","2025-01-17 14:10:44","createText","S","","","","","","","","","",""
"017ak00000Kp63hAAB","0","0WOak000001tQl6GAE","WorkOrder","005ak00000D313JAAR","2025-01-17 14:10:44","createText","S","","","","","","","","","",""
"017ak00000Kp63iAAB","0","0WOak000001tQl7GAE","WorkOrder","005ak00000D313JAAR","2025-01-17 14:10:44","createText","S","","","","","","","","","",""
"017ak00000Kp63jAAB","0","08pak0000003xhzAAA","ServiceAppointment","005ak00000D313JAAR","2025-01-17 14:10:44","createText","S","","","","","","","","","",""
"017ak00000Kp63kAAB","0","08pak0000003xhyAAA","ServiceAppointment","005ak00000D313JAAR","2025-01-17 14:10:44","createText","S","","","","","","","","","",""
"017ak00000Kp63lAAB","0","08pak0000003xhxAAA","ServiceAppointment","005ak00000D313JAAR","2025-01-17 14:10:44","createText","S","","","","","","","","","",""
"017ak00000Kp63mAAB","0","0WOak000001tQl8GAE","WorkOrder","005ak00000D313JAAR","2025-01-17 14:10:44","createText","S","","","","","","","","","",""
"017ak00000Kp63nAAB","0","0WOak000001tQl9GAE","WorkOrder","005ak00000D313JAAR","2025-01-17 14:10:44","createText","S","","","","","","","","","",""
"017ak00000Kp63oAAB","0","0WOak000001tQlAGAU","WorkOrder","005ak00000D313JAAR","2025-01-17 14:10:44","createText","S","","","","","","","","","",""
"017ak00000Kp63pAAB","0","0WOak000001tQlBGAU","WorkOrder","005ak00000D313JAAR","2025-01-17 14:10:44","createText","S","","","","","","","","","",""
"017ak00000Kp63qAAB","0","0WOak000001tQlCGAU","WorkOrder","005ak00000D313JAAR","2025-01-17 14:10:44","createText","S","","","","","","","","","",""
"017ak00000Kp63rAAB","0","0WOak000001tQlDGAU","WorkOrder","005ak00000D313JAAR","2025-01-17 14:10:44","createText","S","","","","","","","","","",""
"017ak00000Kp63sAAB","0","0WOak000001tQlEGAU","WorkOrder","005ak00000D313JAAR","2025-01-17 14:10:44","createText","S","","","","","","","","","",""
"017ak00000Kp63tAAB","0","0WOak000001tQlFGAU","WorkOrder","005ak00000D313JAAR","2025-01-17 14:10:44","createText","S","","","","","","","","","",""
"017ak00000Kp63uAAB","0","08pak0000003xi1AAA","ServiceAppointment","005ak00000D313JAAR","2025-01-17 14:10:44","createText","S","","","","","","","","","",""
"017ak00000Kp63vAAB","0","08pak0000003xi2AAA","ServiceAppointment","005ak00000D313JAAR","2025-01-17 14:10:44","createText","S","","","","","","","","","",""
"017ak00000Kp63wAAB","0","08pak0000003xi6AAA","ServiceAppointment","005ak00000D313JAAR","2025-01-17 14:10:44","createText","S","","","","","","","","","",""
"017ak00000Kp63xAAB","0","08pak0000003xi7AAA","ServiceAppointment","005ak00000D313JAAR","2025-01-17 14:10:44","createText","S","","","","","","","","","",""
"017ak00000Kp63yAAB","0","08pak0000003xi4AAA","ServiceAppointment","005ak00000D313JAAR","2025-01-17 14:10:44","createText","S","","","","","","","","","",""
"017ak00000Kp63zAAB","0","08pak0000003xi5AAA","ServiceAppointment","005ak00000D313JAAR","2025-01-17 14:10:44","createText","S","","","","","","","","","",""
"017ak00000Kp640AAB","0","08pak0000003xi3AAA","ServiceAppointment","005ak00000D313JAAR","2025-01-17 14:10:44","createText","S","","","","","","","","","",""
"017ak00000Kp641AAB","0","08pak0000003xi0AAA","ServiceAppointment","005ak00000D313JAAR","2025-01-17 14:10:44","createText","S","","","","","","","","","",""
"017ak00000Kp642AAB","0","0WOak000001tQlGGAU","WorkOrder","005ak00000D313JAAR","2025-01-17 14:10:44","createText","S","","","","","","","","","",""
"017ak00000Kp643AAB","0","0WOak000001tQlHGAU","WorkOrder","005ak00000D313JAAR","2025-01-17 14:10:44","createText","S","","","","","","","","","",""
"017ak00000Kp644AAB","0","0WOak000001tQlIGAU","WorkOrder","005ak00000D313JAAR","2025-01-17 14:10:44","createText","S","","","","","","","","","",""
"017ak00000Kp645AAB","0","0WOak000001tQlJGAU","WorkOrder","005ak00000D313JAAR","2025-01-17 14:10:44","createText","S","","","","","","","","","",""
"017ak00000Kp646AAB","0","0WOak000001tQlKGAU","WorkOrder","005ak00000D313JAAR","2025-01-17 14:10:44","createText","S","","","","","","","","","",""
"017ak00000Kp647AAB","0","0WOak000001tQlLGAU","WorkOrder","005ak00000D313JAAR","2025-01-17 14:10:44","createText","S","","","","","","","","","",""
"017ak00000Kp648AAB","0","0WOak000001tQlMGAU","WorkOrder","005ak00000D313JAAR","2025-01-17 14:10:44","createText","S","","","","","","","","","",""
"017ak00000Kp649AAB","0","0WOak000001tQlNGAU","WorkOrder","005ak00000D313JAAR","2025-01-17 14:10:44","createText","S","","","","","","","","","",""
"017ak00000Kp64AAAR","0","08pak0000003xi8AAA","ServiceAppointment","005ak00000D313JAAR","2025-01-17 14:10:44","createText","S","","","","","","","","","",""
"017ak00000Kp64BAAR","0","08pak0000003xiDAAQ","ServiceAppointment","005ak00000D313JAAR","2025-01-17 14:10:44","createText","S","","","","","","","","","",""
"017ak00000Kp64CAAR","0","08pak0000003xiEAAQ","ServiceAppointment","005ak00000D313JAAR","2025-01-17 14:10:44","createText","S","","","","","","","","","",""
"017ak00000Kp64DAAR","0","08pak0000003xiBAAQ","ServiceAppointment","005ak00000D313JAAR","2025-01-17 14:10:44","createText","S","","","","","","","","","",""
"017ak00000Kp64EAAR","0","08pak0000003xiCAAQ","ServiceAppointment","005ak00000D313JAAR","2025-01-17 14:10:44","createText","S","","","","","","","","","",""
"017ak00000Kp64FAAR","0","08pak0000003xiAAAQ","ServiceAppointment","005ak00000D313JAAR","2025-01-17 14:10:44","createText","S","","","","","","","","","",""
"017ak00000Kp64GAAR","0","08pak0000003xi9AAA","ServiceAppointment","005ak00000D313JAAR","2025-01-17 14:10:44","createText","S","","","","","","","","","",""
"017ak00000Kp64HAAR","0","08pak0000003xiFAAQ","ServiceAppointment","005ak00000D313JAAR","2025-01-17 14:10:44","createText","S","","","","","","","","","",""
"017ak00000Kp64IAAR","0","0WOak000001tQlQGAU","WorkOrder","005ak00000D313JAAR","2025-01-17 14:10:44","createText","S","","","","","","","","","",""
"017ak00000Kp64JAAR","0","0WOak000001tQlRGAU","WorkOrder","005ak00000D313JAAR","2025-01-17 14:10:44","createText","S","","","","","","","","","",""
"017ak00000Kp64KAAR","0","08pak0000003xiJAAQ","ServiceAppointment","005ak00000D313JAAR","2025-01-17 14:10:44","createText","S","","","","","","","","","",""
"017ak00000Kp64LAAR","0","08pak0000003xiIAAQ","ServiceAppointment","005ak00000D313JAAR","2025-01-17 14:10:44","createText","S","","","","","","","","","",""
"017ak00000Kp64MAAR","0","08pak0000003xiHAAQ","ServiceAppointment","005ak00000D313JAAR","2025-01-17 14:10:44","createText","S","","","","","","","","","",""
"017ak00000Kp64NAAR","0","08pak0000003xiGAAQ","ServiceAppointment","005ak00000D313JAAR","2025-01-17 14:10:44","createText","S","","","","","","","","","",""
"017ak00000Kp64OAAR","0","0WOak000001tQlSGAU","WorkOrder","005ak00000D313JAAR","2025-01-17 14:10:44","createText","S","","","","","","","","","",""
"017ak00000Kp64PAAR","0","0WOak000001tQlTGAU","WorkOrder","005ak00000D313JAAR","2025-01-17 14:10:44","createText","S","","","","","","","","","",""
"017ak00000Kp64QAAR","0","0WOak000001tQlUGAU","WorkOrder","005ak00000D313JAAR","2025-01-17 14:10:44","createText","S","","","","","","","","","",""
"017ak00000Kp64RAAR","0","0WOak000001tQlVGAU","WorkOrder","005ak00000D313JAAR","2025-01-17 14:10:44","createText","S","","","","","","","","","",""
"017ak00000Kp64SAAR","0","0WOak000001tQlWGAU","WorkOrder","005ak00000D313JAAR","2025-01-17 14:10:44","createText","S","","","","","","","","","",""
"017ak00000Kp64TAAR","0","0WOak000001tQlXGAU","WorkOrder","005ak00000D313JAAR","2025-01-17 14:10:44","createText","S","","","","","","","","","",""
"017ak00000Kp64UAAR","0","0WOak000001tQlYGAU","WorkOrder","005ak00000D313JAAR","2025-01-17 14:10:44","createText","S","","","","","","","","","",""
"017ak00000Kp64VAAR","0","0WOak000001tQlZGAU","WorkOrder","005ak00000D313JAAR","2025-01-17 14:10:44","createText","S","","","","","","","","","",""
"017ak00000Kp64WAAR","0","08pak0000003xiRAAQ","ServiceAppointment","005ak00000D313JAAR","2025-01-17 14:10:44","createText","S","","","","","","","","","",""
"017ak00000Kp64XAAR","0","08pak0000003xiNAAQ","ServiceAppointment","005ak00000D313JAAR","2025-01-17 14:10:44","createText","S","","","","","","","","","",""
"017ak00000Kp64YAAR","0","08pak0000003xiLAAQ","ServiceAppointment","005ak00000D313JAAR","2025-01-17 14:10:44","createText","S","","","","","","","","","",""
"017ak00000Kp64ZAAR","0","08pak0000003xiMAAQ","ServiceAppointment","005ak00000D313JAAR","2025-01-17 14:10:44","createText","S","","","","","","","","","",""
"017ak00000Kp64aAAB","0","08pak0000003xiKAAQ","ServiceAppointment","005ak00000D313JAAR","2025-01-17 14:10:44","createText","S","","","","","","","","","",""
"017ak00000Kp64bAAB","0","08pak0000003xiQAAQ","ServiceAppointment","005ak00000D313JAAR","2025-01-17 14:10:44","createText","S","","","","","","","","","",""
"017ak00000Kp64cAAB","0","08pak0000003xiOAAQ","ServiceAppointment","005ak00000D313JAAR","2025-01-17 14:10:44","createText","S","","","","","","","","","",""
"017ak00000Kp64dAAB","0","08pak0000003xiPAAQ","ServiceAppointment","005ak00000D313JAAR","2025-01-17 14:10:44","createText","S","","","","","","","","","",""
"017ak00000Kp64eAAB","0","0WOak000001tQlxGAE","WorkOrder","005ak00000D313JAAR","2025-01-17 14:10:44","createText","S","","","","","","","","","",""
"017ak00000Kp64fAAB","0","08pak0000003xipAAA","ServiceAppointment","005ak00000D313JAAR","2025-01-17 14:10:44","createText","S","","","","","","","","","",""
"017ak00000Kp64gAAB","0","0WOak000001tQlaGAE","WorkOrder","005ak00000D313JAAR","2025-01-17 14:10:44","createText","S","","","","","","","","","",""
"017ak00000Kp64hAAB","0","0WOak000001tQlbGAE","WorkOrder","005ak00000D313JAAR","2025-01-17 14:10:44","createText","S","","","","","","","","","",""
"017ak00000Kp64iAAB","0","0WOak000001tQlcGAE","WorkOrder","005ak00000D313JAAR","2025-01-17 14:10:44","createText","S","","","","","","","","","",""
"017ak00000Kp64jAAB","0","0WOak000001tQldGAE","WorkOrder","005ak00000D313JAAR","2025-01-17 14:10:44","createText","S","","","","","","","","","",""
"017ak00000Kp64kAAB","0","0WOak000001tQleGAE","WorkOrder","005ak00000D313JAAR","2025-01-17 14:10:44","createText","S","","","","","","","","","",""
"017ak00000Kp64lAAB","0","0WOak000001tQlfGAE","WorkOrder","005ak00000D313JAAR","2025-01-17 14:10:44","createText","S","","","","","","","","","",""
"017ak00000Kp64mAAB","0","08pak0000003xiVAAQ","ServiceAppointment","005ak00000D313JAAR","2025-01-17 14:10:44","createText","S","","","","","","","","","",""
"017ak00000Kp64nAAB","0","08pak0000003xiWAAQ","ServiceAppointment","005ak00000D313JAAR","2025-01-17 14:10:44","createText","S","","","","","","","","","",""
"017ak00000Kp64oAAB","0","08pak0000003xiTAAQ","ServiceAppointment","005ak00000D313JAAR","2025-01-17 14:10:44","createText","S","","","","","","","","","",""
"017ak00000Kp64pAAB","0","08pak0000003xiUAAQ","ServiceAppointment","005ak00000D313JAAR","2025-01-17 14:10:44","createText","S","","","","","","","","","",""
"017ak00000Kp64qAAB","0","08pak0000003xiSAAQ","ServiceAppointment","005ak00000D313JAAR","2025-01-17 14:10:44","createText","S","","","","","","","","","",""
"017ak00000Kp64rAAB","0","08pak0000003xiXAAQ","ServiceAppointment","005ak00000D313JAAR","2025-01-17 14:10:44","createText","S","","","","","","","","","",""
"017ak00000Kp64sAAB","0","0WOak000001tQlkGAE","WorkOrder","005ak00000D313JAAR","2025-01-17 14:10:44","createText","S","","","","","","","","","",""
"017ak00000Kp64tAAB","0","0WOak000001tQllGAE","WorkOrder","005ak00000D313JAAR","2025-01-17 14:10:44","createText","S","","","","","","","","","",""
"017ak00000Kp64uAAB","0","0WOak000001tQlmGAE","WorkOrder","005ak00000D313JAAR","2025-01-17 14:10:44","createText","S","","","","","","","","","",""
"017ak00000Kp64vAAB","0","0WOak000001tQlnGAE","WorkOrder","005ak00000D313JAAR","2025-01-17 14:10:44","createText","S","","","","","","","","","",""
"017ak00000Kp64wAAB","0","0WOak000001tQloGAE","WorkOrder","005ak00000D313JAAR","2025-01-17 14:10:44","createText","S","","","","","","","","","",""
"017ak00000Kp64xAAB","0","0WOak000001tQlpGAE","WorkOrder","005ak00000D313JAAR","2025-01-17 14:10:44","createText","S","","","","","","","","","",""
"017ak00000Kp64yAAB","0","0WOak000001tQlqGAE","WorkOrder","005ak00000D313JAAR","2025-01-17 14:10:44","createText","S","","","","","","","","","",""
"017ak00000Kp64zAAB","0","0WOak000001tQlrGAE","WorkOrder","005ak00000D313JAAR","2025-01-17 14:10:44","createText","S","","","","","","","","","",""
"017ak00000Kp650AAB","0","0WOak000001tQlsGAE","WorkOrder","005ak00000D313JAAR","2025-01-17 14:10:44","createText","S","","","","","","","","","",""
"017ak00000Kp651AAB","0","08pak0000003xiiAAA","ServiceAppointment","005ak00000D313JAAR","2025-01-17 14:10:44","createText","S","","","","","","","","","",""
"017ak00000Kp652AAB","0","08pak0000003xijAAA","ServiceAppointment","005ak00000D313JAAR","2025-01-17 14:10:44","createText","S","","","","","","","","","",""
"017ak00000Kp653AAB","0","08pak0000003xifAAA","ServiceAppointment","005ak00000D313JAAR","2025-01-17 14:10:44","createText","S","","","","","","","","","",""
"017ak00000Kp654AAB","0","08pak0000003xihAAA","ServiceAppointment","005ak00000D313JAAR","2025-01-17 14:10:44","createText","S","","","","","","","","","",""
"017ak00000Kp655AAB","0","08pak0000003xieAAA","ServiceAppointment","005ak00000D313JAAR","2025-01-17 14:10:44","createText","S","","","","","","","","","",""
"017ak00000Kp656AAB","0","08pak0000003xidAAA","ServiceAppointment","005ak00000D313JAAR","2025-01-17 14:10:44","createText","S","","","","","","","","","",""
"017ak00000Kp657AAB","0","08pak0000003xibAAA","ServiceAppointment","005ak00000D313JAAR","2025-01-17 14:10:44","createText","S","","","","","","","","","",""
"017ak00000Kp658AAB","0","08pak0000003xicAAA","ServiceAppointment","005ak00000D313JAAR","2025-01-17 14:10:44","createText","S","","","","","","","","","",""
"017ak00000Kp659AAB","0","08pak0000003xiZAAQ","ServiceAppointment","005ak00000D313JAAR","2025-01-17 14:10:44","createText","S","","","","","","","","","",""
"017ak00000Kp65AAAR","0","08pak0000003xiaAAA","ServiceAppointment","005ak00000D313JAAR","2025-01-17 14:10:44","createText","S","","","","","","","","","",""
"017ak00000Kp65BAAR","0","08pak0000003xiYAAQ","ServiceAppointment","005ak00000D313JAAR","2025-01-17 14:10:44","createText","S","","","","","","","","","",""
"017ak00000Kp65CAAR","0","08pak0000003xikAAA","ServiceAppointment","005ak00000D313JAAR","2025-01-17 14:10:44","createText","S","","","","","","","","","",""
"017ak00000Kp65DAAR","0","08pak0000003xigAAA","ServiceAppointment","005ak00000D313JAAR","2025-01-17 14:10:44","createText","S","","","","","","","","","",""
"017ak00000Kp65EAAR","0","0WOak000001tQltGAE","WorkOrder","005ak00000D313JAAR","2025-01-17 14:10:44","createText","S","","","","","","","","","",""
"017ak00000Kp65FAAR","0","0WOak000001tQluGAE","WorkOrder","005ak00000D313JAAR","2025-01-17 14:10:44","createText","S","","","","","","","","","",""
"017ak00000Kp65GAAR","0","0WOak000001tQlvGAE","WorkOrder","005ak00000D313JAAR","2025-01-17 14:10:44","createText","S","","","","","","","","","",""
"017ak00000Kp65HAAR","0","0WOak000001tQlwGAE","WorkOrder","005ak00000D313JAAR","2025-01-17 14:10:44","createText","S","","","","","","","","","",""
"017ak00000Kp65IAAR","0","08pak0000003xioAAA","ServiceAppointment","005ak00000D313JAAR","2025-01-17 14:10:44","createText","S","","","","","","","","","",""
"017ak00000Kp65JAAR","0","08pak0000003ximAAA","ServiceAppointment","005ak00000D313JAAR","2025-01-17 14:10:44","createText","S","","","","","","","","","",""
"017ak00000Kp65KAAR","0","08pak0000003xinAAA","ServiceAppointment","005ak00000D313JAAR","2025-01-17 14:10:44","createText","S","","","","","","","","","",""
"017ak00000Kp65LAAR","0","08pak0000003xilAAA","ServiceAppointment","005ak00000D313JAAR","2025-01-17 14:10:44","createText","S","","","","","","","","","",""
"017ak00000Kp65MAAR","0","0WOak000001tQlyGAE","WorkOrder","005ak00000D313JAAR","2025-01-17 14:10:44","createText","S","","","","","","","","","",""
"017ak00000Kp65NAAR","0","08pak0000003xiqAAA","ServiceAppointment","005ak00000D313JAAR","2025-01-17 14:10:44","createText","S","","","","","","","","","",""
"017ak00000Kp65OAAR","0","0WOak000001tQlzGAE","WorkOrder","005ak00000D313JAAR","2025-01-17 14:10:44","createText","S","","","","","","","","","",""
"017ak00000Kp65PAAR","0","08pak0000003xirAAA","ServiceAppointment","005ak00000D313JAAR","2025-01-17 14:10:44","createText","S","","","","","","","","","",""
"017ak00000Kp65QAAR","0","0WOak000001tQm0GAE","WorkOrder","005ak00000D313JAAR","2025-01-17 14:10:44","createText","S","","","","","","","","","",""
"017ak00000Kp65RAAR","0","0WOak000001tQm1GAE","WorkOrder","005ak00000D313JAAR","2025-01-17 14:10:44","createText","S","","","","","","","","","",""
"017ak00000Kp65SAAR","0","0WOak000001tQm2GAE","WorkOrder","005ak00000D313JAAR","2025-01-17 14:10:44","createText","S","","","","","","","","","",""
"017ak00000Kp65TAAR","0","0WOak000001tQm3GAE","WorkOrder","005ak00000D313JAAR","2025-01-17 14:10:44","createText","S","","","","","","","","","",""
"017ak00000Kp65UAAR","0","0WOak000001tQm4GAE","WorkOrder","005ak00000D313JAAR","2025-01-17 14:10:44","createText","S","","","","","","","","","",""
"017ak00000Kp65VAAR","0","0WOak000001tQm5GAE","WorkOrder","005ak00000D313JAAR","2025-01-17 14:10:44","createText","S","","","","","","","","","",""
"017ak00000Kp65WAAR","0","0WOak000001tQm6GAE","WorkOrder","005ak00000D313JAAR","2025-01-17 14:10:44","createText","S","","","","","","","","","",""
"017ak00000Kp65XAAR","0","0WOak000001tQm7GAE","WorkOrder","005ak00000D313JAAR","2025-01-17 14:10:44","createText","S","","","","","","","","","",""
"017ak00000Kp65YAAR","0","0WOak000001tQm8GAE","WorkOrder","005ak00000D313JAAR","2025-01-17 14:10:44","createText","S","","","","","","","","","",""
"017ak00000Kp65ZAAR","0","0WOak000001tQm9GAE","WorkOrder","005ak00000D313JAAR","2025-01-17 14:10:44","createText","S","","","","","","","","","",""
"017ak00000Kp65aAAB","0","0WOak000001tQmAGAU","WorkOrder","005ak00000D313JAAR","2025-01-17 14:10:44","createText","S","","","","","","","","","",""
"017ak00000Kp65bAAB","0","0WOak000001tQmBGAU","WorkOrder","005ak00000D313JAAR","2025-01-17 14:10:44","createText","S","","","","","","","","","",""
"017ak00000Kp65cAAB","0","08pak0000003xixAAA","ServiceAppointment","005ak00000D313JAAR","2025-01-17 14:10:44","createText","S","","","","","","","","","",""
"017ak00000Kp65dAAB","0","08pak0000003xj3AAA","ServiceAppointment","005ak00000D313JAAR","2025-01-17 14:10:44","createText","S","","","","","","","","","",""
"017ak00000Kp65eAAB","0","08pak0000003xj2AAA","ServiceAppointment","005ak00000D313JAAR","2025-01-17 14:10:44","createText","S","","","","","","","","","",""
"017ak00000Kp65fAAB","0","08pak0000003xj0AAA","ServiceAppointment","005ak00000D313JAAR","2025-01-17 14:10:44","createText","S","","","","","","","","","",""
"017ak00000Kp65gAAB","0","08pak0000003xj1AAA","ServiceAppointment","005ak00000D313JAAR","2025-01-17 14:10:44","createText","S","","","","","","","","","",""
"017ak00000Kp65hAAB","0","08pak0000003xizAAA","ServiceAppointment","005ak00000D313JAAR","2025-01-17 14:10:44","createText","S","","","","","","","","","",""
"017ak00000Kp65iAAB","0","08pak0000003xisAAA","ServiceAppointment","005ak00000D313JAAR","2025-01-17 14:10:44","createText","S","","","","","","","","","",""
"017ak00000Kp65jAAB","0","08pak0000003xitAAA","ServiceAppointment","005ak00000D313JAAR","2025-01-17 14:10:44","createText","S","","","","","","","","","",""
"017ak00000Kp65kAAB","0","08pak0000003xiwAAA","ServiceAppointment","005ak00000D313JAAR","2025-01-17 14:10:44","createText","S","","","","","","","","","",""
"017ak00000Kp65lAAB","0","08pak0000003xivAAA","ServiceAppointment","005ak00000D313JAAR","2025-01-17 14:10:44","createText","S","","","","","","","","","",""
"017ak00000Kp65mAAB","0","08pak0000003xiuAAA","ServiceAppointment","005ak00000D313JAAR","2025-01-17 14:10:44","createText","S","","","","","","","","","",""
"017ak00000Kp65nAAB","0","08pak0000003xiyAAA","ServiceAppointment","005ak00000D313JAAR","2025-01-17 14:10:44","createText","S","","","","","","","","","",""
"017ak00000Kp65oAAB","0","0WOak000001tQmCGAU","WorkOrder","005ak00000D313JAAR","2025-01-17 14:10:44","createText","S","","","","","","","","","",""
"017ak00000Kp65pAAB","0","0WOak000001tQmDGAU","WorkOrder","005ak00000D313JAAR","2025-01-17 14:10:44","createText","S","","","","","","","","","",""
"017ak00000Kp65qAAB","0","0WOak000001tQmEGAU","WorkOrder","005ak00000D313JAAR","2025-01-17 14:10:44","createText","S","","","","","","","","","",""
"017ak00000Kp65rAAB","0","0WOak000001tQmFGAU","WorkOrder","005ak00000D313JAAR","2025-01-17 14:10:44","createText","S","","","","","","","","","",""
"017ak00000Kp65sAAB","0","0WOak000001tQmGGAU","WorkOrder","005ak00000D313JAAR","2025-01-17 14:10:44","createText","S","","","","","","","","","",""
"017ak00000Kp65tAAB","0","08pak0000003xj8AAA","ServiceAppointment","005ak00000D313JAAR","2025-01-17 14:10:44","createText","S","","","","","","","","","",""
"017ak00000Kp65uAAB","0","08pak0000003xj6AAA","ServiceAppointment","005ak00000D313JAAR","2025-01-17 14:10:44","createText","S","","","","","","","","","",""
"017ak00000Kp65vAAB","0","08pak0000003xj7AAA","ServiceAppointment","005ak00000D313JAAR","2025-01-17 14:10:44","createText","S","","","","","","","","","",""
"017ak00000Kp65wAAB","0","08pak0000003xj4AAA","ServiceAppointment","005ak00000D313JAAR","2025-01-17 14:10:44","createText","S","","","","","","","","","",""
"017ak00000Kp65xAAB","0","08pak0000003xj5AAA","ServiceAppointment","005ak00000D313JAAR","2025-01-17 14:10:44","createText","S","","","","","","","","","",""
"017ak00000Kp65yAAB","0","0WOak000001tQmHGAU","WorkOrder","005ak00000D313JAAR","2025-01-17 14:10:44","createText","S","","","","","","","","","",""
"017ak00000Kp65zAAB","0","08pak0000003xj9AAA","ServiceAppointment","005ak00000D313JAAR","2025-01-17 14:10:44","createText","S","","","","","","","","","",""
"017ak00000Kp660AAB","0","08qak0000002PonAAE","WorkType","005ak00000D313JAAR","2025-01-17 14:10:44","createText","S","","","","","","","","","",""
"017ak00000Kp661AAB","0","08qak0000002PomAAE","WorkType","005ak00000D313JAAR","2025-01-17 14:10:44","createText","S","","","","","","","","","",""
"017ak00000Kp662AAB","0","0WOak000001tQmIGAU","WorkOrder","005ak00000D313JAAR","2025-01-17 14:10:44","createText","S","","","","","","","","","",""
"017ak00000Kp663AAB","0","0Hwak0000002QrdCAE","ResourceAbsence","005ak00000D313JAAR","2025-01-17 14:10:44","createText","S","","","","","","","","","",""
"017ak00000Kp664AAB","0","0Hwak0000002QreCAE","ResourceAbsence","005ak00000D313JAAR","2025-01-17 14:10:44","createText","S","","","","","","","","","",""
"017ak00000Kp665AAB","0","0Hwak0000002QrbCAE","ResourceAbsence","005ak00000D313JAAR","2025-01-17 14:10:44","createText","S","","","","","","","","","",""
"017ak00000Kp667AAB","0","0Hwak0000002QrgCAE","ResourceAbsence","005ak00000D313JAAR","2025-01-17 14:10:44","createText","S","","","","","","","","","",""
"017ak00000Kp668AAB","0","0Hwak0000002QrhCAE","ResourceAbsence","005ak00000D313JAAR","2025-01-17 14:10:44","createText","S","","","","","","","","","",""
"017ak00000Kp669AAB","0","0Hwak0000002QriCAE","ResourceAbsence","005ak00000D313JAAR","2025-01-17 14:10:44","createText","S","","","","","","","","","",""
"017ak00000Kp66AAAR","0","0Hwak0000002QrjCAE","ResourceAbsence","005ak00000D313JAAR","2025-01-17 14:10:44","createText","S","","","","","","","","","",""
"017ak00000Kp66BAAR","0","0Hwak0000002QrkCAE","ResourceAbsence","005ak00000D313JAAR","2025-01-17 14:10:44","createText","S","","","","","","","","","",""
"017ak00000Kp66CAAR","0","0Hwak0000002QrlCAE","ResourceAbsence","005ak00000D313JAAR","2025-01-17 14:10:44","createText","S","","","","","","","","","",""
"017ak00000Kp66DAAR","0","0Hwak0000002QrmCAE","ResourceAbsence","005ak00000D313JAAR","2025-01-17 14:10:44","createText","S","","","","","","","","","",""
"017ak00000Kp66EAAR","0","0Hwak0000002QrnCAE","ResourceAbsence","005ak00000D313JAAR","2025-01-17 14:10:44","createText","S","","","","","","","","","",""
"017ak00000Kp66FAAR","0","0Hwak0000002QrpCAE","ResourceAbsence","005ak00000D313JAAR","2025-01-17 14:10:44","createText","S","","","","","","","","","",""
"017ak00000Kp66GAAR","0","0Hwak0000002QrqCAE","ResourceAbsence","005ak00000D313JAAR","2025-01-17 14:10:44","createText","S","","","","","","","","","",""
"017ak00000Kp66HAAR","0","0Hwak0000002QrrCAE","ResourceAbsence","005ak00000D313JAAR","2025-01-17 14:10:44","createText","S","","","","","","","","","",""
"017ak00000Kp66IAAR","0","0Hwak0000002QroCAE","ResourceAbsence","005ak00000D313JAAR","2025-01-17 14:10:44","createText","S","","","","","","","","","",""
"017ak00000Kp66JAAR","0","0Hwak0000002QrsCAE","ResourceAbsence","005ak00000D313JAAR","2025-01-17 14:10:44","createText","S","","","","","","","","","",""
"017ak00000Kp66KAAR","0","0Hwak0000002QrtCAE","ResourceAbsence","005ak00000D313JAAR","2025-01-17 14:10:44","createText","S","","","","","","","","","",""
"017ak00000Kp793AAB","0","08pak0000003xrZAAQ","ServiceAppointment","005ak00000D313JAAR","2025-01-17 15:21:07","createText","S","","","","","","","","","",""
"017ak00000KpHMjAAN","0","08pak0000003xpxAAA","ServiceAppointment","005ak00000D313JAAR","2025-01-17 15:14:18","createText","S","","","","","","","","","",""
"017ak00000KpHMkAAN","0","03rak0000002vjlAAA","AssignedResource","005ak00000D313JAAR","2025-01-17 15:14:24","createText","S","","","","","","","","","",""
"017ak00000KpJMrAAN","0","03rak0000002vlNAAQ","AssignedResource","005ak00000D313JAAR","2025-01-17 15:18:12","createText","S","","","","","","","","","",""
"017ak00000KpMpQAAV","0","0Hwak0000002R2XCAU","ResourceAbsence","005ak00000D313JAAR","2025-01-17 15:52:56","createText","S","","","","","","","","","",""
"017ak00000KqCWKAA3","0","03rak0000002vztAAA","AssignedResource","005ak00000D313JAAR","2025-01-17 19:26:10","createText","S","","","","","","","","","",""
"017ak00000L5sDeAAJ","0","08pak0000003ycLAAQ","ServiceAppointment","005ak00000D313JAAR","2025-01-20 12:29:51","createText","S","","","","","","","","","",""
"017ak00000La3D3AAJ","0","0Hwak0000002U0PCAU","ResourceAbsence","005ak00000D315CAAR","2025-01-25 06:01:25","createText","S","","","","","","","","","",""
"017ak00000La3D4AAJ","0","03rak0000002yrJAAQ","AssignedResource","005ak00000D315CAAR","2025-01-25 06:01:25","createText","S","","","","","","","","","",""
"017ak00000LmHp1AAF","0","08qak0000002SwHAAU","WorkType","005ak00000D313JAAR","2025-01-27 12:21:59","createText","S","","","","","","","","","",""
"017ak00000LmTziAAF","0","0Hwak0000002UGXCA2","ResourceAbsence","005ak00000D313JAAR","2025-01-27 12:12:32","createText","S","","","","","","","","","",""
"017ak00000LmUVxAAN","0","0OHak000000jaYnGAI","OperatingHours","005ak00000D313JAAR","2025-01-27 12:14:38","createText","S","","","","","","","","","",""
"017ak00000LmVILAA3","0","0Hhak00000042knCAA","ServiceTerritory","005ak00000D313JAAR","2025-01-27 12:17:24","createText","S","","","","","","","","","",""
"017ak00000LmiDxAAJ","0","0Hnak0000006xVFCAY","ServiceResource","005ak00000D313JAAR","2025-01-27 13:08:54","createText","S","","","","","","","","","",""
"017ak00000Ln2xmAAB","0","0WOak000001wm8jGAA","WorkOrder","005ak00000D313JAAR","2025-01-27 16:02:05","createText","S","","","","","","","","","",""
"017ak00000Ln4HnAAJ","0","0WOak000001wm3hGAA","WorkOrder","005ak00000D313JAAR","2025-01-27 15:57:44","createText","S","","","","","","","","","",""
"017ak00000Ln9cNAAR","0","0Hhak0000004349CAA","ServiceTerritory","005ak00000D313JAAR","2025-01-27 15:44:15","createText","S","","","","","","","","","",""
"017ak00000LnDPyAAN","0","0WOak000001wmA9GAI","WorkOrder","005ak00000D313JAAR","2025-01-27 16:01:07","createText","S","","","","","","","","","",""
"017ak00000LnJyHAAV","0","0Hhak000000435lCAA","ServiceTerritory","005ak00000D313JAAR","2025-01-27 15:44:55","createText","S","","","","","","","","","",""
"017ak00000LnKEPAA3","0","0Hhak000000437NCAQ","ServiceTerritory","005ak00000D313JAAR","2025-01-27 15:45:58","createText","S","","","","","","","","","",""
"017ak00000LnKRNAA3","0","08pak00000042MbAAI","ServiceAppointment","005ak00000D313JAAR","2025-01-27 16:42:56","createText","S","","","","","","","","","",""
"017ak00000LnMHqAAN","0","0WOak000001wm6vGAA","WorkOrder","005ak00000D313JAAR","2025-01-27 15:59:52","createText","S","","","","","","","","","",""
"017ak00000LnMJUAA3","0","0Huak00000036DlCAI","ServiceTerritoryMember","005ak00000D313JAAR","2025-01-27 16:18:55","createText","S","","","","","","","","","",""
"017ak00000LnS49AAF","0","0WOak000001wmYXGAY","WorkOrder","005ak00000D313JAAR","2025-01-27 16:38:30","createText","S","","","","","","","","","",""
"017ak00000LnTOBAA3","0","08pak00000042RRAAY","ServiceAppointment","005ak00000D313JAAR","2025-01-27 16:46:20","createText","S","","","","","","","","","",""
"017ak00000LnTODAA3","0","0Hwak0000002UZtCAM","ResourceAbsence","005ak00000D313JAAR","2025-01-27 16:46:22","createText","S","","","","","","","","","",""
"017ak00000LnTrKAAV","0","0WOak000001wmjdGAA","WorkOrder","005ak00000D313JAAR","2025-01-27 16:37:18","createText","S","","","","","","","","","",""
"017ak00000LnVD4AAN","0","0WOak000001wmgPGAQ","WorkOrder","005ak00000D313JAAR","2025-01-27 16:36:33","createText","S","","","","","","","","","",""
"017ak00000LnXI5AAN","0","08pak000000421dAAA","ServiceAppointment","005ak00000D313JAAR","2025-01-27 16:32:30","createText","S","","","","","","","","","",""
"017ak00000LnXefAAF","0","0WOak000001wmdBGAQ","WorkOrder","005ak00000D313JAAR","2025-01-27 16:34:14","createText","S","","","","","","","","","",""
"017ak00000LnXrZAAV","0","0WOak000001wmenGAA","WorkOrder","005ak00000D313JAAR","2025-01-27 16:35:21","createText","S","","","","","","","","","",""
"017ak00000Lnb0jAAB","0","0WOak000001wmtJGAQ","WorkOrder","005ak00000D313JAAR","2025-01-27 16:46:03","createText","S","","","","","","","","","",""
"017ak00000LneulAAB","0","03rak0000002zgvAAA","AssignedResource","005ak00000D313JAAR","2025-01-27 18:09:15","createText","S","","","","","","","","","",""
"017ak00000LnharAAB","0","08pak00000043FRAAY","ServiceAppointment","005ak00000D313JAAR","2025-01-27 18:09:40","createText","S","","","","","","","","","",""
"017ak00000LnsG9AAJ","0","0Gjak000000kWCzCAM","TimeSlot","005ak00000D313JAAR","2025-01-27 18:07:56","createText","S","","","","","","","","","",""
"017ak00000LnsGAAAZ","0","0Gjak000000kWD0CAM","TimeSlot","005ak00000D313JAAR","2025-01-27 18:07:56","createText","S","","","","","","","","","",""
"017ak00000LnsGBAAZ","0","0Gjak000000kWD1CAM","TimeSlot","005ak00000D313JAAR","2025-01-27 18:07:56","createText","S","","","","","","","","","",""
"017ak00000LnsGCAAZ","0","0Gjak000000kWD2CAM","TimeSlot","005ak00000D313JAAR","2025-01-27 18:07:56","createText","S","","","","","","","","","",""
"017ak00000LnsGDAAZ","0","0Gjak000000kWD3CAM","TimeSlot","005ak00000D313JAAR","2025-01-27 18:07:56","createText","S","","","","","","","","","",""
"017ak00000LnsWYAAZ","0","08pak00000043XBAAY","ServiceAppointment","005ak00000D313JAAR","2025-01-27 18:24:47","createText","S","","","","","","","","","",""
"017ak00000Lnt0wAAB","0","08pak00000043NVAAY","ServiceAppointment","005ak00000D313JAAR","2025-01-27 18:19:05","createText","S","","","","","","","","","",""
"017ak00000LnwI6AAJ","0","03rak0000002zfJAAQ","AssignedResource","005ak00000D313JAAR","2025-01-27 18:08:54","createText","S","","","","","","","","","",""
"017ak00000LnyBsAAJ","0","0Hwak0000002Ud7CAE","ResourceAbsence","005ak00000D313JAAR","2025-01-27 18:18:36","createText","S","","","","","","","","","",""
"017ak00000LnyBtAAJ","0","03rak0000002zk9AAA","AssignedResource","005ak00000D313JAAR","2025-01-27 18:18:36","createText","S","","","","","","","","","",""
"017ak00000Lnya1AAB","0","08pak000000435lAAA","ServiceAppointment","005ak00000D313JAAR","2025-01-27 18:08:51","createText","S","","","","","","","","","",""
"017ak00000Lnz7tAAB","0","08pak00000043AbAAI","ServiceAppointment","005ak00000D313JAAR","2025-01-27 18:09:13","createText","S","","","","","","","","","",""
"017ak00000LnzB7AAJ","0","0Hwak0000002UbVCAU","ResourceAbsence","005ak00000D313JAAR","2025-01-27 18:09:45","createText","S","","","","","","","","","",""
"017ak00000LnzB8AAJ","0","03rak0000002ziXAAQ","AssignedResource","005ak00000D313JAAR","2025-01-27 18:09:45","createText","S","","","","","","","","","",""
"017ak00000Lo0n7AAB","0","0Huak00000036FNCAY","ServiceTerritoryMember","005ak00000D313JAAR","2025-01-27 18:14:08","createText","S","","","","","","","","","",""
"017ak00000Lo2iTAAR","0","03rak0000002zllAAA","AssignedResource","005ak00000D313JAAR","2025-01-27 18:19:07","createText","S","","","","","","","","","",""
"017ak00000Lo3jPAAR","0","08pak00000043SLAAY","ServiceAppointment","005ak00000D313JAAR","2025-01-27 18:24:19","createText","S","","","","","","","","","",""
"017ak00000Lo3t5AAB","0","03rak0000002zozAAA","AssignedResource","005ak00000D313JAAR","2025-01-27 18:24:49","createText","S","","","","","","","","","",""
"017ak00000Lo4QvAAJ","0","03rak0000002znNAAQ","AssignedResource","005ak00000D313JAAR","2025-01-27 18:24:22","createText","S","","","","","","","","","",""
"017ak00000Lo8oAAAR","0","0WOak000001wpmLGAQ","WorkOrder","005ak00000D313JAAR","2025-01-27 20:00:01","createText","S","","","","","","","","","",""
"017ak00000Lo8oBAAR","0","08pak00000043YnAAI","ServiceAppointment","005ak00000D313JAAR","2025-01-27 20:00:01","createText","S","","","","","","","","","",""
"017ak00000LoDvmAAF","0","0WOak000001wppZGAQ","WorkOrder","005ak00000D313JAAR","2025-01-27 20:02:00","createText","S","","","","","","","","","",""
"017ak00000LoDvnAAF","0","08pak00000043aPAAQ","ServiceAppointment","005ak00000D313JAAR","2025-01-27 20:02:00","createText","S","","","","","","","","","",""
"017ak00000LoH06AAF","0","03rak0000002zqbAAA","AssignedResource","005ak00000D313JAAR","2025-01-27 19:53:57","createText","S","","","","","","","","","",""
"017ak00000LoHUhAAN","0","03rak0000002zsDAAQ","AssignedResource","005ak00000D313JAAR","2025-01-27 20:00:25","createText","S","","","","","","","","","",""
"017ak00000LoRKTAA3","0","0WOak000001wq7JGAQ","WorkOrder","005ak00000D313JAAR","2025-01-27 20:17:29","createText","S","","","","","","","","","",""
"017ak00000LoRKUAA3","0","08pak00000043ddAAA","ServiceAppointment","005ak00000D313JAAR","2025-01-27 20:17:29","createText","S","","","","","","","","","",""
"017ak00000LoVm6AAF","0","03rak0000002zvRAAQ","AssignedResource","005ak00000D313JAAR","2025-01-27 20:03:33","createText","S","","","","","","","","","",""
"017ak00000LoWAHAA3","0","0WOak000001wprBGAQ","WorkOrder","005ak00000D313JAAR","2025-01-27 20:02:43","createText","S","","","","","","","","","",""
"017ak00000LoWAIAA3","0","08pak00000043c1AAA","ServiceAppointment","005ak00000D313JAAR","2025-01-27 20:02:43","createText","S","","","","","","","","","",""
"017ak00000LoWbhAAF","0","03rak0000002ztpAAA","AssignedResource","005ak00000D313JAAR","2025-01-27 20:03:06","createText","S","","","","","","","","","",""
"017ak00000Lobt8AAB","0","03rak0000002zx3AAA","AssignedResource","005ak00000D313JAAR","2025-01-27 20:17:46","createText","S","","","","","","","","","",""
"017ak00000M01HFAAZ","0","03rak00000030jRAAQ","AssignedResource","005ak00000D313JAAR","2025-01-29 12:24:19","createText","S","","","","","","","","","",""
"017ak00000M0BDKAA3","0","0WOak000001xMiHGAU","WorkOrder","005ak00000D313JAAR","2025-01-29 12:23:25","createText","S","","","","","","","","","",""
"017ak00000M0BDLAA3","0","08pak000000446fAAA","ServiceAppointment","005ak00000D313JAAR","2025-01-29 12:23:26","createText","S","","","","","","","","","",""
