"Id","TableEnumOrId","FieldEnumOrId","CreatedById","CreatedDate"
"0G1ak000003r6gfCAA","Incident","000000000000000","005ak00000D314yAAB","2025-01-17 14:10:44"
"0G1ak000003r6ggCAA","Problem","000000000000000","005ak00000D314yAAB","2025-01-17 14:10:44"
"0G1ak000003r6ghCAA","ChangeRequest","000000000000000","005ak00000D314yAAB","2025-01-17 14:10:44"
"0G1ak000003r6giCAA","WorkOrder","000000000000000","005ak00000D313JAAR","2025-01-17 14:10:44"
"0G1ak000003r6gjCAA","WorkOrder","Events.Related","005ak00000D313JAAR","2025-01-17 14:10:44"
"0G1ak000003r6gkCAA","WorkOrderLineItem","000000000000000","005ak00000D313JAAR","2025-01-17 14:10:44"
"0G1ak000003r6glCAA","WorkOrderLineItem","Events.Related","005ak00000D313JAAR","2025-01-17 14:10:44"
"0G1ak000003r6gmCAA","Account","Name","005ak00000D313JAAR","2025-01-17 14:10:44"
"0G1ak000003r6gnCAA","Account","Owner","005ak00000D313JAAR","2025-01-17 14:10:44"
"0G1ak000003r6goCAA","Account","000000000000000","005ak00000D313JAAR","2025-01-17 14:10:44"
"0G1ak000003r6gpCAA","Contact","Account","005ak00000D313JAAR","2025-01-17 14:10:44"
"0G1ak000003r6gqCAA","Contact","Name","005ak00000D313JAAR","2025-01-17 14:10:44"
"0G1ak000003r6grCAA","Contact","Owner","005ak00000D313JAAR","2025-01-17 14:10:44"
"0G1ak000003r6gsCAA","Contact","000000000000000","005ak00000D313JAAR","2025-01-17 14:10:44"
"0G1ak000003r6gtCAA","Lead","Name","005ak00000D313JAAR","2025-01-17 14:10:44"
"0G1ak000003r6guCAA","Lead","Status","005ak00000D313JAAR","2025-01-17 14:10:44"
"0G1ak000003r6gvCAA","Lead","Owner","005ak00000D313JAAR","2025-01-17 14:10:44"
"0G1ak000003r6gwCAA","Lead","000000000000000","005ak00000D313JAAR","2025-01-17 14:10:44"
"0G1ak000003r6gxCAA","Opportunity","Name","005ak00000D313JAAR","2025-01-17 14:10:44"
"0G1ak000003r6gyCAA","Opportunity","StageName","005ak00000D313JAAR","2025-01-17 14:10:44"
"0G1ak000003r6gzCAA","Opportunity","Amount","005ak00000D313JAAR","2025-01-17 14:10:44"
"0G1ak000003r6h0CAA","Opportunity","CloseDate","005ak00000D313JAAR","2025-01-17 14:10:44"
"0G1ak000003r6h1CAA","Opportunity","Owner","005ak00000D313JAAR","2025-01-17 14:10:44"
"0G1ak000003r6h2CAA","Opportunity","000000000000000","005ak00000D313JAAR","2025-01-17 14:10:44"
"0G1ak000003r6h3CAA","Case","Priority","005ak00000D313JAAR","2025-01-17 14:10:44"
"0G1ak000003r6h4CAA","Case","Owner","005ak00000D313JAAR","2025-01-17 14:10:44"
"0G1ak000003r6h5CAA","Case","000000000000000","005ak00000D313JAAR","2025-01-17 14:10:44"
"0G1ak000003r6h6CAA","ContentDocument","000000000000000","005ak00000D313JAAR","2025-01-17 14:10:44"
"0G1ak000003r6h7CAA","CollaborationGroup","Name","005ak00000D313JAAR","2025-01-17 14:10:44"
"0G1ak000003r6h8CAA","CollaborationGroup","Owner","005ak00000D313JAAR","2025-01-17 14:10:44"
"0G1ak000003r6h9CAA","CollaborationGroup","CollaborationType","005ak00000D313JAAR","2025-01-17 14:10:44"
"0G1ak000003r6hACAQ","CollaborationGroup","Description","005ak00000D313JAAR","2025-01-17 14:10:44"
"0G1ak000003r6hBCAQ","CollaborationGroup","InformationTitle","005ak00000D313JAAR","2025-01-17 14:10:44"
"0G1ak000003r6hCCAQ","CollaborationGroup","InformationBody","005ak00000D313JAAR","2025-01-17 14:10:44"
"0G1ak000003r6hDCAQ","CollaborationGroup","CanHaveGuests","005ak00000D313JAAR","2025-01-17 14:10:44"
"0G1ak000003r6hECAQ","CollaborationGroup","000000000000000","005ak00000D313JAAR","2025-01-17 14:10:44"
"0G1ak000003r6hFCAQ","Site","000000000000000","005ak00000D313JAAR","2025-01-17 14:10:44"
"0G1ak000003r6hGCAQ","Topic","000000000000000","005ak00000D313JAAR","2025-01-17 14:10:44"
"0G1ak000003r6hHCAQ","User","Title","005ak00000D313JAAR","2025-01-17 14:10:44"
"0G1ak000003r6hICAQ","User","Address","005ak00000D313JAAR","2025-01-17 14:10:44"
"0G1ak000003r6hJCAQ","User","Email","005ak00000D313JAAR","2025-01-17 14:10:44"
"0G1ak000003r6hKCAQ","User","Phone","005ak00000D313JAAR","2025-01-17 14:10:44"
"0G1ak000003r6hLCAQ","SOSSession","000000000000000","005ak00000D313JAAR","2025-01-17 14:10:44"
"0G1ak000003r6hMCAQ","User","Manager","005ak00000D313JAAR","2025-01-17 14:10:44"
"0G1ak000003r6hNCAQ","User","AboutMe","005ak00000D313JAAR","2025-01-17 14:10:44"
"0G1ak000003r6hOCAQ","User","000000000000000","005ak00000D313JAAR","2025-01-17 14:10:44"
"0G1ak000003r6hPCAQ","ProfileSkill","Name","005ak00000D313JAAR","2025-01-17 14:10:44"
"0G1ak000003r6hQCAQ","ProfileSkill","Description","005ak00000D313JAAR","2025-01-17 14:10:44"
"0G1ak000003r6hRCAQ","ProfileSkill","000000000000000","005ak00000D313JAAR","2025-01-17 14:10:44"
"0G1ak000003r6hSCAQ","WorkCoaching","000000000000000","005ak00000D313JAAR","2025-01-17 14:10:44"
"0G1ak000003r6hTCAQ","WorkGoal","000000000000000","005ak00000D313JAAR","2025-01-17 14:10:44"
"0G1ak000003r6hUCAQ","Goal","000000000000000","005ak00000D313JAAR","2025-01-17 14:10:44"
"0G1ak000003r6hVCAQ","Metric","000000000000000","005ak00000D313JAAR","2025-01-17 14:10:44"
"0G1ak000003r6hWCAQ","WorkPerformanceCycle","000000000000000","005ak00000D313JAAR","2025-01-17 14:10:44"
"0G1ak000003r6hXCAQ","WorkFeedbackRequest","000000000000000","005ak00000D313JAAR","2025-01-17 14:10:44"
"0G1ak000003r6hYCAQ","Topic","Description","005ak00000D313JAAR","2025-01-17 14:10:44"
"0G1ak000003r6hZCAQ","WorkUpgradeAction","000000000000000","005ak00000D313JAAR","2025-01-17 14:10:44"
"0G1ak000003r6haCAA","WorkUpgradeCustomer","000000000000000","005ak00000D313JAAR","2025-01-17 14:10:44"
