"Id","TableEnumOrId","FieldEnumOrId","CreatedById","CreatedDate"
"737ak00000BjimXAAR","Case","Asset","005ak00000D313JAAR","2025-01-17 14:10:44"
"737ak00000BjimYAAR","Case","Contact","005ak00000D313JAAR","2025-01-17 14:10:44"
"737ak00000BjimZAAR","Case","CurrencyIsoCode","005ak00000D313JAAR","2025-01-17 14:10:44"
"737ak00000BjimaAAB","Case","Description","005ak00000D313JAAR","2025-01-17 14:10:44"
"737ak00000BjimbAAB","Case","IsVisibleInSelfService","005ak00000D313JAAR","2025-01-17 14:10:44"
"737ak00000BjimcAAB","Case","Origin","005ak00000D313JAAR","2025-01-17 14:10:44"
"737ak00000BjimdAAB","Case","Owner","005ak00000D313JAAR","2025-01-17 14:10:44"
"737ak00000BjimeAAB","Case","Priority","005ak00000D313JAAR","2025-01-17 14:10:44"
"737ak00000BjimfAAB","Case","Reason","005ak00000D313JAAR","2025-01-17 14:10:44"
"737ak00000BjimgAAB","Case","RecordType","005ak00000D313JAAR","2025-01-17 14:10:44"
"737ak00000BjimhAAB","Case","Status","005ak00000D313JAAR","2025-01-17 14:10:44"
"737ak00000BjimiAAB","Case","Subject","005ak00000D313JAAR","2025-01-17 14:10:44"
"737ak00000BjimjAAB","Case","Type","005ak00000D313JAAR","2025-01-17 14:10:44"
"737ak00000BjimkAAB","Contract","Account","005ak00000D313JAAR","2025-01-17 14:10:44"
"737ak00000BjimlAAB","Contract","AutoRenewCode","005ak00000D313JAAR","2025-01-17 14:10:44"
"737ak00000BjimmAAB","Contract","BankAccountName","005ak00000D313JAAR","2025-01-17 14:10:44"
"737ak00000BjimnAAB","Contract","BankAccountNumber","005ak00000D313JAAR","2025-01-17 14:10:44"
"737ak00000BjimoAAB","Contract","BankAccountType","005ak00000D313JAAR","2025-01-17 14:10:44"
"737ak00000BjimpAAB","Contract","BankAddress","005ak00000D313JAAR","2025-01-17 14:10:44"
"737ak00000BjimqAAB","Contract","BankBranchCode","005ak00000D313JAAR","2025-01-17 14:10:44"
"737ak00000BjimrAAB","Contract","BankCode","005ak00000D313JAAR","2025-01-17 14:10:44"
"737ak00000BjimsAAB","Contract","BankName","005ak00000D313JAAR","2025-01-17 14:10:44"
"737ak00000BjimtAAB","Contract","BankReferenceNumber","005ak00000D313JAAR","2025-01-17 14:10:44"
"737ak00000BjimuAAB","Contract","BillingAddress","005ak00000D313JAAR","2025-01-17 14:10:44"
"737ak00000BjimvAAB","Contract","BillingCompany","005ak00000D313JAAR","2025-01-17 14:10:44"
"737ak00000BjimwAAB","Contract","BillingEmail","005ak00000D313JAAR","2025-01-17 14:10:44"
"737ak00000BjimxAAB","Contract","BillingFax","005ak00000D313JAAR","2025-01-17 14:10:44"
"737ak00000BjimyAAB","Contract","BillingLanguage","005ak00000D313JAAR","2025-01-17 14:10:44"
"737ak00000BjimzAAB","Contract","BillingName","005ak00000D313JAAR","2025-01-17 14:10:44"
"737ak00000Bjin0AAB","Contract","BillingPhone","005ak00000D313JAAR","2025-01-17 14:10:44"
"737ak00000Bjin1AAB","Contract","CompanySigned","005ak00000D313JAAR","2025-01-17 14:10:44"
"737ak00000Bjin2AAB","Contract","CompanySignedDate","005ak00000D313JAAR","2025-01-17 14:10:44"
"737ak00000Bjin3AAB","Contract","ContractTerm","005ak00000D313JAAR","2025-01-17 14:10:44"
"737ak00000Bjin4AAB","Contract","CreditCardExpirationDate","005ak00000D313JAAR","2025-01-17 14:10:44"
"737ak00000Bjin5AAB","Contract","CreditCardNumber","005ak00000D313JAAR","2025-01-17 14:10:44"
"737ak00000Bjin6AAB","Contract","CreditCardType","005ak00000D313JAAR","2025-01-17 14:10:44"
"737ak00000Bjin7AAB","Contract","CurrencyIsoCode","005ak00000D313JAAR","2025-01-17 14:10:44"
"737ak00000Bjin8AAB","Contract","CustomerExpirationNotice","005ak00000D313JAAR","2025-01-17 14:10:44"
"737ak00000Bjin9AAB","Contract","CustomerSigned","005ak00000D313JAAR","2025-01-17 14:10:44"
"737ak00000BjinAAAR","Contract","CustomerSignedDate","005ak00000D313JAAR","2025-01-17 14:10:44"
"737ak00000BjinBAAR","Contract","CustomerSignedTitle","005ak00000D313JAAR","2025-01-17 14:10:44"
"737ak00000BjinCAAR","Contract","Description","005ak00000D313JAAR","2025-01-17 14:10:44"
"737ak00000BjinDAAR","Contract","EndDate","005ak00000D313JAAR","2025-01-17 14:10:44"
"737ak00000BjinEAAR","Contract","InvoiceDispatchMethod","005ak00000D313JAAR","2025-01-17 14:10:44"
"737ak00000BjinFAAR","Contract","IsDunningSuppressed","005ak00000D313JAAR","2025-01-17 14:10:44"
"737ak00000BjinGAAR","Contract","OrderPrebillDays","005ak00000D313JAAR","2025-01-17 14:10:44"
"737ak00000BjinHAAR","Contract","Name","005ak00000D313JAAR","2025-01-17 14:10:44"
"737ak00000BjinIAAR","Contract","NameOnCreditCard","005ak00000D313JAAR","2025-01-17 14:10:44"
"737ak00000BjinJAAR","Contract","OfferExpirationDate","005ak00000D313JAAR","2025-01-17 14:10:44"
"737ak00000BjinKAAR","Contract","Owner","005ak00000D313JAAR","2025-01-17 14:10:44"
"737ak00000BjinLAAR","Contract","OwnerExpirationNotice","005ak00000D313JAAR","2025-01-17 14:10:44"
"737ak00000BjinMAAR","Contract","PaymentTerm","005ak00000D313JAAR","2025-01-17 14:10:44"
"737ak00000BjinNAAR","Contract","PaymentType","005ak00000D313JAAR","2025-01-17 14:10:44"
"737ak00000BjinOAAR","Contract","Pricebook2","005ak00000D313JAAR","2025-01-17 14:10:44"
"737ak00000BjinPAAR","Contract","RecordType","005ak00000D313JAAR","2025-01-17 14:10:44"
"737ak00000BjinQAAR","Contract","RenewalDays","005ak00000D313JAAR","2025-01-17 14:10:44"
"737ak00000BjinRAAR","Contract","RenewalTerm","005ak00000D313JAAR","2025-01-17 14:10:44"
"737ak00000BjinSAAR","Contract","Salesrep1","005ak00000D313JAAR","2025-01-17 14:10:44"
"737ak00000BjinTAAR","Contract","Salesrep1Percent","005ak00000D313JAAR","2025-01-17 14:10:44"
"737ak00000BjinUAAR","Contract","Salesrep2","005ak00000D313JAAR","2025-01-17 14:10:44"
"737ak00000BjinVAAR","Contract","Salesrep2Percent","005ak00000D313JAAR","2025-01-17 14:10:44"
"737ak00000BjinWAAR","Contract","Salesrep3","005ak00000D313JAAR","2025-01-17 14:10:44"
"737ak00000BjinXAAR","Contract","Salesrep3Percent","005ak00000D313JAAR","2025-01-17 14:10:44"
"737ak00000BjinYAAR","Contract","ShippingAddress","005ak00000D313JAAR","2025-01-17 14:10:44"
"737ak00000BjinZAAR","Contract","SpecialTerms","005ak00000D313JAAR","2025-01-17 14:10:44"
"737ak00000BjinaAAB","Contract","StartDate","005ak00000D313JAAR","2025-01-17 14:10:44"
"737ak00000BjinbAAB","Contract","Status","005ak00000D313JAAR","2025-01-17 14:10:44"
"737ak00000BjincAAB","Contract","TaxExemptionCode","005ak00000D313JAAR","2025-01-17 14:10:44"
"737ak00000BjindAAB","Order","BillToContact","005ak00000D313JAAR","2025-01-17 14:10:44"
"737ak00000BjineAAB","Order","BillingAddress","005ak00000D313JAAR","2025-01-17 14:10:44"
"737ak00000BjinfAAB","Order","CompanyAuthorizedBy","005ak00000D313JAAR","2025-01-17 14:10:44"
"737ak00000BjingAAB","Order","CompanyAuthorizedDate","005ak00000D313JAAR","2025-01-17 14:10:44"
"737ak00000BjinhAAB","Order","CustomerAuthorizedBy","005ak00000D313JAAR","2025-01-17 14:10:44"
"737ak00000BjiniAAB","Order","CustomerAuthorizedDate","005ak00000D313JAAR","2025-01-17 14:10:44"
"737ak00000BjinjAAB","Order","Description","005ak00000D313JAAR","2025-01-17 14:10:44"
"737ak00000BjinkAAB","Order","EffectiveDate","005ak00000D313JAAR","2025-01-17 14:10:44"
"737ak00000BjinlAAB","Order","Name","005ak00000D313JAAR","2025-01-17 14:10:44"
"737ak00000BjinmAAB","Order","OrderReferenceNumber","005ak00000D313JAAR","2025-01-17 14:10:44"
"737ak00000BjinnAAB","Order","PoDate","005ak00000D313JAAR","2025-01-17 14:10:44"
"737ak00000BjinoAAB","Order","PoNumber","005ak00000D313JAAR","2025-01-17 14:10:44"
"737ak00000BjinpAAB","Order","ShipToContact","005ak00000D313JAAR","2025-01-17 14:10:44"
"737ak00000BjinqAAB","Order","ShippingAddress","005ak00000D313JAAR","2025-01-17 14:10:44"
"737ak00000BjinrAAB","Order","Status","005ak00000D313JAAR","2025-01-17 14:10:44"
"737ak00000BjinsAAB","Order","TotalAmount","005ak00000D313JAAR","2025-01-17 14:10:44"
"737ak00000BjintAAB","Order","Type","005ak00000D313JAAR","2025-01-17 14:10:44"
"737ak00000BjinuAAB","Solution","CurrencyIsoCode","005ak00000D313JAAR","2025-01-17 14:10:44"
"737ak00000BjinvAAB","Solution","IsPublished","005ak00000D313JAAR","2025-01-17 14:10:44"
"737ak00000BjinwAAB","Solution","IsPublishedInPublicKb","005ak00000D313JAAR","2025-01-17 14:10:44"
"737ak00000BjinxAAB","Solution","Owner","005ak00000D313JAAR","2025-01-17 14:10:44"
"737ak00000BjinyAAB","Solution","RecordType","005ak00000D313JAAR","2025-01-17 14:10:44"
"737ak00000BjinzAAB","Solution","SolutionName","005ak00000D313JAAR","2025-01-17 14:10:44"
"737ak00000Bjio0AAB","Solution","SolutionNote","005ak00000D313JAAR","2025-01-17 14:10:44"
"737ak00000Bjio1AAB","Solution","Status","005ak00000D313JAAR","2025-01-17 14:10:44"
