"Id","IsDeleted","Name","CreatedDate","CreatedById","LastModifiedDate","LastModifiedById","SystemModstamp","FlowRecordId","InteractionDefVersionId","VersionNumber","ActivatedById","ActivatedDate","ProgressStatus","ErrorCode","ErrorDetails","IsPaused","PausingUserId","PausedDate","ResumingUserId","ResumedDate","ReasonPaused","ScheduledStartDate","FlowType","Status","Description","RunInMode","ApiVersion","IsTemplate","TriggerObjectOrEventLabel","Builder","SourceTemplateId","IsOverridable","OverriddenById","OverriddenFlowId","CapacityCategory"
"10vak000006S5VxAAK","0","CMS: Submit Content for Review","2025-01-17 14:10:44","005ak00000D314wAAB","2025-01-17 14:16:25","005ak00000D314wAAB","2025-01-17 14:16:25","2aFak000005HiEfEAK","","1","","","InProgress","","","0","","","","","","","Screen","","Allows a content author to conditionally view a reviewer's feedback, provide revision comments, and submit a content variant for review.","","62.0","1","","","","0","","",""
"10vak000006S5VyAAK","0","Orchestration flow for Recurrence Scheduler","2025-01-17 14:10:44","005ak00000D314wAAB","2025-01-17 14:16:25","005ak00000D314wAAB","2025-01-17 14:16:25","2aFak000005HiEgEAK","","1","","","InProgress","","","0","","","","","","","SchdTrig","","","","62.0","1","","","","0","","",""
"10vak000006S5VzAAK","0","Field Service Mobile: Create Leads and Opportunities","2025-01-17 14:10:44","005ak00000D314wAAB","2025-01-17 14:16:25","005ak00000D314wAAB","2025-01-17 14:16:25","2aFak000005HiEhEAK","","1","","","InProgress","","","0","","","","","","","FieldServiceMobileScrn","","Lets a flow user indicate customer interest in an upsell opportunity and creates any necessary lead and opportunity records.","","","1","","","","0","","",""
"10vak000006S5W0AAK","0","Reset Password","2025-01-17 14:10:44","005ak00000D314wAAB","2025-01-17 14:16:25","005ak00000D314wAAB","2025-01-17 14:16:25","2aFak000005HiEiEAK","","1","","","InProgress","","","0","","","","","","","Screen","","","","49.0","1","","","","0","","",""
"10vak000006S5W1AAK","0","Close Change Request & Related Issues","2025-01-17 14:10:44","005ak00000D314wAAB","2025-01-17 14:16:25","005ak00000D314wAAB","2025-01-17 14:16:25","2aFak000005HiEjEAK","","1","","","Draft","","","0","","","","","","","Screen","","Closes a Change Request and attempts to close its related Incidents, Problems, and Cases.","","62.0","1","","","","0","","",""
"10vak000006S5W2AAK","0","Return Item Flow","2025-01-17 14:10:44","005ak00000D314wAAB","2025-01-17 14:16:25","005ak00000D314wAAB","2025-01-17 14:16:25","2aFak000005HiEkEAK","","1","","","Draft","","","0","","","","","","","Screen","","Order Management: Return order items after fulfillment.","","62.0","1","","","","0","","",""
"10vak000006S5W3AAK","0","Create Order Summary Flow","2025-01-17 14:10:44","005ak00000D314wAAB","2025-01-17 14:16:25","005ak00000D314wAAB","2025-01-17 14:16:25","2aFak000005HiElEAK","","1","","","Draft","","","0","","","","","","","RecTrigAfterSave","","Order Management: Create an Order Summary record from an order.","","62.0","1","","","","0","","",""
"10vak000006S5W4AAK","0","CMS: Withdraw Review Request","2025-01-17 14:10:44","005ak00000D314wAAB","2025-01-17 14:16:26","005ak00000D314wAAB","2025-01-17 14:16:26","2aFak000005HiEmEAK","","1","","","InProgress","","","0","","","","","","","Screen","","Allows a content author to withdraw a review request in order to make changes to the underlying content variant.","","62.0","1","","","","0","","",""
"10vak000006S5W5AAK","0","CMS: Review Content","2025-01-17 14:10:44","005ak00000D314wAAB","2025-01-17 14:16:26","005ak00000D314wAAB","2025-01-17 14:16:26","2aFak000005HiEnEAK","","1","","","InProgress","","","0","","","","","","","Screen","","Allows a content manager to conditionally view a content author's feedback, provide revision comments, and approve or request revisions of a content variant.","","62.0","1","","","","0","","",""
"10vak000006S5W6AAK","0","Create a Case","2025-01-17 14:10:44","005ak00000D314wAAB","2025-01-17 14:16:26","005ak00000D314wAAB","2025-01-17 14:16:26","2aFak000005HiEoEAK","","1","","","InProgress","","","0","","","","","","","Screen","","","","62.0","1","","","","0","","",""
"10vak000006S5W7AAK","0","CMS: Notify Content Author","2025-01-17 14:10:44","005ak00000D314wAAB","2025-01-17 14:16:26","005ak00000D314wAAB","2025-01-17 14:16:26","2aFak000005HiEpEAK","","1","","","InProgress","","","0","","","","","","","Screen","","Notifies the content author that their content variant has been approved, and allows the content author to conditionally view the final feedback for the content variant.","","62.0","1","","","","0","","",""
"10vak000006S5W8AAK","0","Generate Payment Link","2025-01-17 14:10:44","005ak00000D314wAAB","2025-01-17 14:16:26","005ak00000D314wAAB","2025-01-17 14:16:26","2aFak000005HiEqEAK","","1","","","InProgress","","","0","","","","","","","Screen","","","","62.0","1","","","","0","","",""
"10vak000006S5W9AAK","0","Recurrence Schedule Flow","2025-01-17 14:10:44","005ak00000D314wAAB","2025-01-17 14:16:26","005ak00000D314wAAB","2025-01-17 14:16:26","2aFak000005HiErEAK","","1","","","InProgress","","","0","","","","","","","AutolnchNoTrig","","Flow for creating object items from Recurrence Scheduler Records","","62.0","0","","","","0","","",""
"10vak000006S5WAAA0","0","Basic Approval Request","2025-01-17 14:10:44","005ak00000D314wAAB","2025-01-17 14:16:26","005ak00000D314wAAB","2025-01-17 14:16:26","2aFak000005HiEsEAK","","1","","","InProgress","","","0","","","","","","","CmsOrchAutolnch","","Allows a content author to submit a content variant for content manager review, and allows for content variant revisions before the content manager approves for publication.","","62.0","1","","","","0","","",""
"10vak000006S5WBAA0","0","Change Case Owner to Incident Owner","2025-01-17 14:10:44","005ak00000D314wAAB","2025-01-17 14:16:26","005ak00000D314wAAB","2025-01-17 14:16:26","2aFak000005HiEtEAK","","1","","","Draft","","","0","","","","","","","Screen","","When Cases are identified as part of an Incident, change the Case owner to the Incident owner.","","62.0","1","","","","0","","",""
"10vak000006S5WCAA0","0","Verify Identity","2025-01-17 14:10:44","005ak00000D314wAAB","2025-01-17 14:16:26","005ak00000D314wAAB","2025-01-17 14:16:26","2aFak000005HiEuEAK","","1","","","InProgress","","","0","","","","","","","Screen","","","","49.0","1","","","","0","","",""
"10vak000006S5WDAA0","0","Create Process Exception Flow","2025-01-17 14:10:44","005ak00000D314wAAB","2025-01-17 14:16:26","005ak00000D314wAAB","2025-01-17 14:16:26","2aFak000005HiEvEAK","","1","","","Draft","","","0","","","","","","","PfrmEvntTrig","","Create a process exception record from a process exception event.","","62.0","1","","","","0","","",""
"10vak000006S5WEAA0","0","Cancel Item Flow","2025-01-17 14:10:44","005ak00000D314wAAB","2025-01-17 14:16:26","005ak00000D314wAAB","2025-01-17 14:16:26","2aFak000005HiEwEAK","","1","","","Draft","","","0","","","","","","","Screen","","Order Management: Cancel order items before fulfillment.","","62.0","1","","","","0","","",""
"10vak000006S5WFAA0","0","Find Contact Associated with Messaging Session","2025-01-17 14:10:44","005ak00000D314wAAB","2025-01-17 14:16:26","005ak00000D314wAAB","2025-01-17 14:16:26","2aFak000005HiExEAK","","1","","","InProgress","","","0","","","","","","","IndividualObjLinkingScrn","","Gets a contact record associated with the messaging user from a specified messaging session.","","62.0","1","","","","0","","",""
"10vak000006S5WGAA0","0","CMS: Check Whether Any Step is Completed","2025-01-17 14:10:44","005ak00000D314wAAB","2025-01-17 14:16:26","005ak00000D314wAAB","2025-01-17 14:16:26","2aFak000005HiEyEAK","","1","","","InProgress","","","0","","","","","","","EvaluationAutolnch","","Determines whether either of two specified steps in a stage has completed.","","62.0","1","","","","0","","",""
"10vak000006S5WHAA0","0","Check Service Plan Eligibility","2025-01-17 14:10:44","005ak00000D314wAAB","2025-01-17 14:16:26","005ak00000D314wAAB","2025-01-17 14:16:26","2aFak000005HiEzEAK","","1","","","Draft","","","0","","","","","","","AutolnchNoTrig","","Checks whether a case meets the eligibility criteria to generate an Einstein service plan.","DefaultMode","62.0","1","","","","0","","",""
"10vak000006S5WIAA0","0","Deploy Data Kit Component","2025-01-17 14:10:44","005ak00000D314wAAB","2025-01-17 14:16:26","005ak00000D314wAAB","2025-01-17 14:16:26","2aFak000005HiF0EAK","","1","","","InProgress","","","0","","","","","","","AutolnchNoTrig","","The flow deploys DataKit components in a sequential manner. It iterates through each DataKit component, deploying them one by one, and waits for a deployment event to check the status before moving on to the next component. This flow utilizes a DataKit deployment invocable action and a DataKit deployment event.","","62.0","1","","","","0","","",""
