"Id","OwnerId","IsDeleted","Name","CreatedDate","CreatedById","LastModifiedDate","LastModifiedById","SystemModstamp","DefinitionId","FlowDefinition","AssociatedRecordId","Description","Type","ProgressStatus","ScheduledStartDate","ErrorCode","ErrorDetails","FlowCategory","FlowSubcategory","IsPaused","FlowType","NamespacePrefix","ManageableState","ActiveVersionId","IsCitizenEnabled","FlowLabel","ApiName","InstalledPackageName","CapacityCategory"
"2aFak000005HiEfEAK","005ak00000D3156AAB","0","CMS: Submit Content for Review","2025-01-17 14:10:44","005ak00000D314wAAB","2025-01-17 14:16:25","005ak00000D314wAAB","2025-01-17 14:16:25","","","","Allows a content author to conditionally view a reviewer's feedback, provide revision comments, and submit a content variant for review.","","InProgress","","","","","","0","Screen","cms_orch","installed","","0","CMS: Submit Content for Review","CMS_ReviseContent","",""
"2aFak000005HiEgEAK","005ak00000D3156AAB","0","Orchestration flow for Recurrence Scheduler","2025-01-17 14:10:44","005ak00000D314wAAB","2025-01-17 14:16:25","005ak00000D314wAAB","2025-01-17 14:16:25","","","","","Scheduled","InProgress","","","","","","0","SchdTrig","runtime_industries_recurrence","installed","","0","Orchestration flow for Recurrence Scheduler","Orch","",""
"2aFak000005HiEhEAK","005ak00000D3156AAB","0","Field Service Mobile: Create Leads and Opportunities","2025-01-17 14:10:44","005ak00000D314wAAB","2025-01-17 14:16:25","005ak00000D314wAAB","2025-01-17 14:16:25","","","","Lets a flow user indicate customer interest in an upsell opportunity and creates any necessary lead and opportunity records.","","InProgress","","","","","","0","FieldServiceMobileScrn","sfdc_fieldservice","installed","","0","Field Service Mobile: Create Leads and Opportunities","CreateLeadAndOpp","",""
"2aFak000005HiEiEAK","005ak00000D3156AAB","0","Reset Password","2025-01-17 14:10:44","005ak00000D314wAAB","2025-01-17 14:16:25","005ak00000D314wAAB","2025-01-17 14:16:25","","","","","","InProgress","","","","","","0","Screen","setup_service_experience","installed","","0","Reset Password","Reset_Pwd","",""
"2aFak000005HiEjEAK","005ak00000D3156AAB","0","Close Change Request & Related Issues","2025-01-17 14:10:44","005ak00000D314wAAB","2025-01-17 14:16:25","005ak00000D314wAAB","2025-01-17 14:16:25","","","","Closes a Change Request and attempts to close its related Incidents, Problems, and Cases.","","Draft","","","","","","0","Screen","runtime_service_incident_mgmt","installed","","0","Close Change Request & Related Issues","CRRI","",""
"2aFak000005HiEkEAK","005ak00000D3156AAB","0","Return Item Flow","2025-01-17 14:10:44","005ak00000D314wAAB","2025-01-17 14:16:25","005ak00000D314wAAB","2025-01-17 14:16:25","","","","Order Management: Return order items after fulfillment.","","Draft","","","","","","0","Screen","runtime_commerce_oms","installed","","0","Return Item Flow","Return_Item","",""
"2aFak000005HiElEAK","005ak00000D3156AAB","0","Create Order Summary Flow","2025-01-17 14:10:44","005ak00000D314wAAB","2025-01-17 14:16:25","005ak00000D314wAAB","2025-01-17 14:16:25","","","","Order Management: Create an Order Summary record from an order.","RecordAfterSave","Draft","","","","","","0","RecTrigAfterSave","runtime_commerce_oms","installed","","0","Create Order Summary Flow","Create_OS","",""
"2aFak000005HiEmEAK","005ak00000D3156AAB","0","CMS: Withdraw Review Request","2025-01-17 14:10:44","005ak00000D314wAAB","2025-01-17 14:16:25","005ak00000D314wAAB","2025-01-17 14:16:25","","","","Allows a content author to withdraw a review request in order to make changes to the underlying content variant.","","InProgress","","","","","","0","Screen","cms_orch","installed","","0","CMS: Withdraw Review Request","CMS_WithdrawReviewRequest","",""
"2aFak000005HiEnEAK","005ak00000D3156AAB","0","CMS: Review Content","2025-01-17 14:10:44","005ak00000D314wAAB","2025-01-17 14:16:26","005ak00000D314wAAB","2025-01-17 14:16:26","","","","Allows a content manager to conditionally view a content author's feedback, provide revision comments, and approve or request revisions of a content variant.","","InProgress","","","","","","0","Screen","cms_orch","installed","","0","CMS: Review Content","CMS_ReviewContent","",""
"2aFak000005HiEoEAK","005ak00000D3156AAB","0","Create a Case","2025-01-17 14:10:44","005ak00000D314wAAB","2025-01-17 14:16:26","005ak00000D314wAAB","2025-01-17 14:16:26","","","","","","InProgress","","","","","","0","Screen","setup_service_experience","installed","","0","Create a Case","Create_Case","",""
"2aFak000005HiEpEAK","005ak00000D3156AAB","0","CMS: Notify Content Author","2025-01-17 14:10:44","005ak00000D314wAAB","2025-01-17 14:16:26","005ak00000D314wAAB","2025-01-17 14:16:26","","","","Notifies the content author that their content variant has been approved, and allows the content author to conditionally view the final feedback for the content variant.","","InProgress","","","","","","0","Screen","cms_orch","installed","","0","CMS: Notify Content Author","CMS_NotifyRequester","",""
"2aFak000005HiEqEAK","005ak00000D3156AAB","0","Generate Payment Link","2025-01-17 14:10:44","005ak00000D314wAAB","2025-01-17 14:16:26","005ak00000D314wAAB","2025-01-17 14:16:26","","","","","","InProgress","","","","","","0","Screen","runtime_payments","installed","","0","Generate Payment Link","GeneratePaymentLink","",""
"2aFak000005HiErEAK","005ak00000D3156AAB","0","Recurrence Schedule Flow","2025-01-17 14:10:44","005ak00000D314wAAB","2025-01-17 14:16:26","005ak00000D314wAAB","2025-01-17 14:16:26","","","","Flow for creating object items from Recurrence Scheduler Records","","InProgress","","","","","","0","AutolnchNoTrig","runtime_industries_recurrence","installed","","0","Recurrence Schedule Flow","Schdlr","",""
"2aFak000005HiEsEAK","005ak00000D3156AAB","0","Basic Approval Request","2025-01-17 14:10:44","005ak00000D314wAAB","2025-01-17 14:16:26","005ak00000D314wAAB","2025-01-17 14:16:26","","","","Allows a content author to submit a content variant for content manager review, and allows for content variant revisions before the content manager approves for publication.","","InProgress","","","","","","0","CmsOrchAutolnch","cms_orch","installed","","0","Basic Approval Request","CMS_BasicApprovalRequest","",""
"2aFak000005HiEtEAK","005ak00000D3156AAB","0","Change Case Owner to Incident Owner","2025-01-17 14:10:44","005ak00000D314wAAB","2025-01-17 14:16:26","005ak00000D314wAAB","2025-01-17 14:16:26","","","","When Cases are identified as part of an Incident, change the Case owner to the Incident owner.","","Draft","","","","","","0","Screen","runtime_service_incident_mgmt","installed","","0","Change Case Owner to Incident Owner","CCOIO","",""
"2aFak000005HiEuEAK","005ak00000D3156AAB","0","Verify Identity","2025-01-17 14:10:44","005ak00000D314wAAB","2025-01-17 14:16:26","005ak00000D314wAAB","2025-01-17 14:16:26","","","","","","InProgress","","","","","","0","Screen","setup_service_experience","installed","","0","Verify Identity","Verify_Cust","",""
"2aFak000005HiEvEAK","005ak00000D3156AAB","0","Create Process Exception Flow","2025-01-17 14:10:44","005ak00000D314wAAB","2025-01-17 14:16:26","005ak00000D314wAAB","2025-01-17 14:16:26","","","","Create a process exception record from a process exception event.","PlatformEvent","Draft","","","","","","0","PfrmEvntTrig","runtime_commerce_oms","installed","","0","Create Process Exception Flow","Create_PE","",""
"2aFak000005HiEwEAK","005ak00000D3156AAB","0","Cancel Item Flow","2025-01-17 14:10:44","005ak00000D314wAAB","2025-01-17 14:16:26","005ak00000D314wAAB","2025-01-17 14:16:26","","","","Order Management: Cancel order items before fulfillment.","","Draft","","","","","","0","Screen","runtime_commerce_oms","installed","","0","Cancel Item Flow","Cancel_Item","",""
"2aFak000005HiExEAK","005ak00000D3156AAB","0","Find Contact Associated with Messaging Session","2025-01-17 14:10:44","005ak00000D314wAAB","2025-01-17 14:16:26","005ak00000D314wAAB","2025-01-17 14:16:26","","","","Gets a contact record associated with the messaging user from a specified messaging session.","","InProgress","","","","","","0","IndividualObjLinkingScrn","setup_service_folmessaging","installed","","0","Find Contact Associated with Messaging Session","MSContact","",""
"2aFak000005HiEyEAK","005ak00000D3156AAB","0","CMS: Check Whether Any Step is Completed","2025-01-17 14:10:44","005ak00000D314wAAB","2025-01-17 14:16:26","005ak00000D314wAAB","2025-01-17 14:16:26","","","","Determines whether either of two specified steps in a stage has completed.","","InProgress","","","","","","0","EvaluationAutolnch","cms_orch","installed","","0","CMS: Check Whether Any Step is Completed","CMS_EvalApprovalStepStatus","",""
"2aFak000005HiEzEAK","005ak00000D3156AAB","0","Check Service Plan Eligibility","2025-01-17 14:10:44","005ak00000D314wAAB","2025-01-17 14:16:26","005ak00000D314wAAB","2025-01-17 14:16:26","","","","Checks whether a case meets the eligibility criteria to generate an Einstein service plan.","","Draft","","","","","","0","AutolnchNoTrig","setup_service_plan","installed","","0","Check Service Plan Eligibility","CheckEligibility","",""
"2aFak000005HiF0EAK","005ak00000D3156AAB","0","Deploy Data Kit Component","2025-01-17 14:10:44","005ak00000D314wAAB","2025-01-17 14:16:26","005ak00000D314wAAB","2025-01-17 14:16:26","","","","The flow deploys DataKit components in a sequential manner. It iterates through each DataKit component, deploying them one by one, and waits for a deployment event to check the status before moving on to the next component. This flow utilizes a DataKit deployment invocable action and a DataKit deployment event.","","InProgress","","","","","","0","AutolnchNoTrig","sfdatakit","installed","","0","Deploy Data Kit Component","DeployDataKitComponents","",""
