"Id","OwnerId","IsDeleted","Name","RecordTypeId","CreatedDate","CreatedById","LastModifiedDate","LastModifiedById","SystemModstamp","FSL__Active__c","FSL__Boolean_Operator__c","FSL__Break_Duration__c","FSL__Break_Start__c","FSL__Crew_Resources_Availability__c","FSL__Description__c","FSL__Enable_Overtime__c","FSL__Is_Fixed_Gap__c","FSL__Match_Constant_Boolean_Value__c","FSL__Match_Skill_Level__c","FSL__Maximum_Travel_From_Home_Type__c","FSL__Maximum_Travel_From_Home__c","FSL__Minimum_Gap__c","FSL__Object_Group_Field__c","FSL__Pass_Empty_Values__c","FSL__Resource_Group_Field__c","FSL__Resource_Property__c","FSL__Service_Property__c","FSL__Service_Schedule_Time_Property__c","FSL__Service_Time_Operator__c","FSL__Service_Time_Property__c","FSL__Start_of_Day__c","FSL__Travel_From_Home__c","FSL__Travel_To_Home__c","FSL__Working_Location_Enable_Primary__c","FSL__Enhanced_Match_Linking_Object__c","FSL__Service_Appointment_Matching_Field__c","FSL__Service_Linking_Object_Reference_Field__c","FSL__WorkRule_End_DateTime_Field__c","FSL__WorkRule_Start_DateTime_Field__c","FSL__isTimephased__c","FSL__CountObject__c","FSL__CountTimeResolution__c","FSL__CountType__c","FSL__CustomFieldName__c","FSL__DefaultLimit__c"
"a0hak00000DqZv3AAF","005ak00000D314xAAB","0","Earliest Start Permitted","012ak00000553iX","2025-01-17 14:10:44","005ak00000D314xAAB","2025-01-17 14:10:44","005ak00000D314xAAB","2025-01-17 14:10:44","1","=","","","0","","0","0","1","1","Distance","","","","1","","","ServiceTerritory","SchedStartTime","Later than or Equal to","EarliestStartTime","00:00","","","0","","","","","","","","","","",""
"a0hak00000DqZv4AAF","005ak00000D314xAAB","0","Due Date","012ak00000553iX","2025-01-17 14:10:44","005ak00000D314xAAB","2025-01-17 14:10:44","005ak00000D314xAAB","2025-01-17 14:10:44","1","=","","","0","","0","0","1","1","Distance","","","","1","","","ServiceTerritory","SchedEndTime","Before or Equal to","DueDate","00:00","","","0","","","","","","","","","","",""
"a0hak00000DqZv6AAF","005ak00000D314xAAB","0","Required Service Resource","012ak00000553if","2025-01-17 14:10:44","005ak00000D314xAAB","2025-01-17 14:10:44","005ak00000D314xAAB","2025-01-17 14:10:44","1","=","","","0","","0","0","1","1","Distance","","","","0","","","ServiceTerritory","SchedStartTime","Before","EarliestStartTime","00:00","","","0","","","","","","","","","","",""
"a0hak00000DqZv7AAF","005ak00000D314xAAB","0","Match Skills","012ak00000553ic","2025-01-17 14:10:44","005ak00000D314xAAB","2025-01-17 14:10:44","005ak00000D314xAAB","2025-01-17 14:10:44","1","=","","","0","","0","0","1","0","Distance","","","","0","","","ServiceTerritory","SchedStartTime","Before","EarliestStartTime","00:00","","","0","","","","","","","","","","",""
"a0hak00000DqZv8AAF","005ak00000D314xAAB","0","Match Territory","012ak00000553ie","2025-01-17 14:10:44","005ak00000D314xAAB","2025-01-17 14:10:44","005ak00000D314xAAB","2025-01-17 14:10:44","1","=","","","0","","0","0","1","1","Distance","","","","0","","","ServiceTerritory","SchedStartTime","Before","EarliestStartTime","00:00","","","0","","","","","","","","","","",""
"a0hak00000DqZv9AAF","005ak00000D314xAAB","0","Active Resources","012ak00000553iY","2025-01-17 14:10:44","005ak00000D314xAAB","2025-01-17 14:10:44","005ak00000D314xAAB","2025-01-17 14:10:44","1","=","","","0","","0","0","1","1","Distance","","","","0","","IsActive","ServiceTerritory","SchedStartTime","Before","EarliestStartTime","00:00","","","0","","","","","","","","","","",""
"a0hak00000DqZvAAAV","005ak00000D314xAAB","0","Service Appointment Visiting Hours","012ak00000553iW","2025-01-17 14:10:44","005ak00000D314xAAB","2025-01-17 14:10:44","005ak00000D314xAAB","2025-01-17 14:10:44","1","=","","","0","","0","0","1","1","Distance","","","","0","","","ServiceTerritory","SchedStartTime","Before","EarliestStartTime","00:00","","","0","","","","","","","","","","",""
"a0hak00000DqZvBAAV","005ak00000D314xAAB","0","Service Crew Resources Availability","012ak00000553ib","2025-01-17 14:10:44","005ak00000D314xAAB","2025-01-17 14:10:44","005ak00000D314xAAB","2025-01-17 14:10:44","1","=","","","0","","0","0","1","1","Distance","","","","0","","","ServiceTerritory","SchedStartTime","Before","EarliestStartTime","00:00","","","0","","","","","","","","","","",""
"a0hak00000DqZvCAAV","005ak00000D314xAAB","0","Scheduled Start","012ak00000553iX","2025-01-17 14:10:44","005ak00000D314xAAB","2025-01-17 14:10:44","005ak00000D314xAAB","2025-01-17 14:10:44","1","=","","","0","","0","0","1","1","Distance","","","","1","","","ServiceTerritory","SchedStartTime","Later than or Equal to","ArrivalWindowStartTime","00:00","","","0","","","","","","","","","","",""
"a0hak00000DqZvDAAV","005ak00000D314xAAB","0","Scheduled End","012ak00000553iX","2025-01-17 14:10:44","005ak00000D314xAAB","2025-01-17 14:10:44","005ak00000D314xAAB","2025-01-17 14:10:44","1","=","","","0","","0","0","1","1","Distance","","","","1","","","ServiceTerritory","SchedStartTime","Before or Equal to","ArrivalWindowEndTime","00:00","","","0","","","","","","","","","","",""
"a0hak00000DqZvEAAV","005ak00000D314xAAB","0","Excluded Resources","012ak00000553iO","2025-01-17 14:10:44","005ak00000D314xAAB","2025-01-17 14:10:44","005ak00000D314xAAB","2025-01-17 14:10:44","1","=","","","0","","0","0","1","1","Distance","","","","0","","","ServiceTerritory","SchedStartTime","Before","EarliestStartTime","00:00","","","0","","","","","","","","","","",""
"a0hak00000DqZvFAAV","005ak00000D314xAAB","0","Maximum Travel From Home","012ak00000553ig","2025-01-17 14:10:44","005ak00000D314xAAB","2025-01-28 13:52:01","005ak00000D313JAAR","2025-01-28 13:52:01","1","=","","","0","","0","0","1","1","Distance","500","","","0","","","ServiceTerritory","SchedStartTime","Before","EarliestStartTime","00:00","","","0","","","","","","0","","","","",""
"a0hak00000DqZvGAAV","005ak00000D314xAAB","0","Working Territories","012ak00000553iN","2025-01-17 14:10:44","005ak00000D314xAAB","2025-01-17 14:10:44","005ak00000D314xAAB","2025-01-17 14:10:44","1","=","","","0","","0","0","1","1","Distance","","","","0","","","ServiceTerritory","SchedStartTime","Before","EarliestStartTime","00:00","","","0","","","","","","","","","","",""
"a0hak00000Dr7FBAAZ","005ak00000D313JAAR","0","Ursa Major Resource Availability","012ak00000553iZ","2025-01-17 18:04:44","005ak00000D313JAAR","2025-01-17 18:04:44","005ak00000D313JAAR","2025-01-17 18:04:44","1","=","45","12:00","0","Determine lunch breaks","0","1","1","1","Distance","","5","","0","","","ServiceTerritory","SchedStartTime","Before","EarliestStartTime","00:00","","","0","","","","","","0","ServiceAppointment","Daily","Assignments","",""
"a0hak00000EDoIHAA1","005ak00000D313JAAR","0","Client Visiting Hours","012ak00000553iW","2025-01-28 13:50:37","005ak00000D313JAAR","2025-01-28 13:50:37","005ak00000D313JAAR","2025-01-28 13:50:37","1","=","","","0","Time of the day where the client is available for the service appointment","0","0","1","1","Distance","","","","0","","","ServiceTerritory","SchedStartTime","Before","EarliestStartTime","00:00","","","0","","","","","","0","ServiceAppointment","Daily","Assignments","",""
