"Id","OwnerId","IsDeleted","Name","CreatedDate","CreatedById","LastModifiedDate","LastModifiedById","SystemModstamp","FSL__Commit_Mode__c","FSL__Daily_Optimization__c","FSL__Description__c","FSL__Fix_Overlaps__c","FSL__Service_Clustering_Weight__c","FSL__Service_Priority_Weight__c","FSL__Travel_Mode__c"
"a0Vak00000APRdZEAX","005ak00000D314xAAB","0","Customer First","2025-01-17 14:10:44","005ak00000D314xAAB","2025-01-28 12:12:13","005ak00000D313JAAR","2025-01-28 12:12:13","AlwaysCommit","0","This policy balances great customer service with travel minimization. Appointments are graded first by the customer\'s selection of a preferred employee and by the ability to provide the service as soon as possible. Travel minimization is considered as a second priority.","1","","","0"
"a0Vak00000APRdaEAH","005ak00000D314xAAB","0","Soft Boundaries","2025-01-17 14:10:44","005ak00000D314xAAB","2025-01-17 14:10:44","005ak00000D314xAAB","2025-01-17 14:10:44","AlwaysCommit","0","This policy is identical to the customer first policy, but allows the sharing of employees between different territories in order to enhance service coverage","0","","","0"
"a0Vak00000APRdbEAH","005ak00000D314xAAB","0","High Intensity","2025-01-17 14:10:44","005ak00000D314xAAB","2025-01-17 14:10:44","005ak00000D314xAAB","2025-01-17 14:10:44","AlwaysCommit","0","This policy is typically used in times of high service volumes, like a storm scenario, where the business is focusing on employee productivity first and customer preferences are considered as a second priority","0","","","0"
"a0Vak00000APRdcEAH","005ak00000D314xAAB","0","Emergency","2025-01-17 14:10:44","005ak00000D314xAAB","2025-01-17 14:10:44","005ak00000D314xAAB","2025-01-17 14:10:44","AlwaysCommit","0","This policy is used in order to schedule emergencies from the emergency action","0","","","0"
"a0Vak00000APxYbEAL","005ak00000D313JAAR","0","Customer Satisfaction","2025-01-17 18:52:40","005ak00000D313JAAR","2025-01-17 19:12:07","005ak00000D313JAAR","2025-01-17 19:12:07","AlwaysCommit","0","This policy balances great customer service with travel minimization. Appointments are graded first by the customer\'s selection of a preferred employee and by the ability to provide the service as soon as possible. Travel minimization is considered as a second priority.","0","","","0"
