"Id","OwnerId","IsDeleted","Name","CreatedDate","CreatedById","LastModifiedDate","LastModifiedById","SystemModstamp","FSL__All_Tasks_Mode__c","FSL__Avg_Travel_After_Rso__c","FSL__Avg_Travel_Before_Rso__c","FSL__CandidatesIds_Json__c","FSL__Completed_With_Errors__c","FSL__Failure_Details__c","FSL__Failure_Reason__c","FSL__Finish__c","FSL__Include_Services_With_Empty_Location__c","FSL__Objects_Scheduled__c","FSL__Objects_To_Schedule__c","FSL__Optimization_Data__c","FSL__Originating_Resource_Absence__c","FSL__Originating_Service_Appointment__c","FSL__Request_Progress_Start__c","FSL__Result_Json__c","FSL__Result__c","FSL__Scheduling_Policy__c","FSL__Scheduling_Recipe__c","FSL__Service_Appointment__c","FSL__Service_Resource__c","FSL__Start__c","FSL__Status__c","FSL__Text_Status__c","FSL__Type__c","FSL__Optimization_Request_Queue__c","FSL__AvgTravelTimeAfter__c","FSL__AvgTravelTimeBefore__c","FSL__AvgTravelTimeWithoutHomeAfter__c","FSL__AvgTravelTimeWithoutHomeBefore__c","FSL__Filter_By_Boolean__c","FSL__Time_Per_Service__c","FSL__TotalNumberOfCapacityBasedResources__c","FSL__TotalNumberOfCrews__c","FSL__TotalNumberOfOptimizableServices__c","FSL__TotalNumberOfResources__c","FSL__TotalNumberOfScheduledServicesAfter__c","FSL__TotalNumberOfScheduledServicesBefore__c","FSL__TotalTravelTimeAfter__c","FSL__TotalTravelTimeBefore__c","FSL__TotalTravelTimeWithoutHomeAfter__c","FSL__TotalTravelTimeWithoutHomeBefore__c","FSL__TotalWorkCapacity__c","FSL__TotalWorkDurationScheduledAfter__c","FSL__TotalWorkDurationScheduledBefore__c","FSL__Total_Optimization_Time__c","FSL__UtilizationTotalAfter__c","FSL__UtilizationTotalBefore__c","FSL__UtilizationWrenchAfter__c","FSL__UtilizationWrenchBefore__c","FSL__IsHealthCheckFailed__c"
"a0Nak00000QmwXOEAZ","005ak00000D313JAAR","0","OR-2020-06-4","2025-01-17 14:10:44","005ak00000D313JAAR","2025-01-17 14:10:44","005ak00000D313JAAR","2025-01-17 14:10:44","0","","","","0","","","2021-12-10 07:00:00","0","","","","","","","{}","Could not find any appointments to add to Jacinta Silva on 6/10/2020","","","","0Hnak0000006qaECAQ","2021-12-09 07:00:00","Completed","Completed","Fill-In Schedule","","","","","","","","","","","","","","","","","","","","","","","","","",""
"a0Nak00000QmwXPEAZ","005ak00000D313JAAR","0","OR-2020-06-5","2025-01-17 14:10:44","005ak00000D313JAAR","2025-01-17 14:10:44","005ak00000D313JAAR","2025-01-17 14:10:44","0","","","","0","","","2021-12-14 07:00:00","0","","","","","","","{""08p4T000000hoSDQAY"":{""ServiceName"":""SA-0608"",""ServiceId"":""08p4T000000hoSDQAY"",""ScheduleBefore"":false,""Before"":{""ServiceStart"":null,""ServiceEnd"":null,""ResourceName"":null,""ResourceId"":null,""InJeopardy"":null},""After"":{""ServiceStart"":""2020-06-14T17:40:00.000Z"",""ServiceEnd"":""2020-06-14T18:40:00.000Z"",""ResourceName"":""Alan Reed"",""ResourceId"":""0Hn4T000000Y1HaSAK"",""InJeopardy"":null}}}","1 appointments were scheduled to Alan Reed on 6/14/2020:
1 unscheduled appointments were scheduled","","","","0Hnak0000006qaFCAQ","2021-12-13 07:00:00","Completed","Completed","Fill-In Schedule","","","","","","","","","","","","","","","","","","","","","","","","","",""
"a0Nak00000QmwXQEAZ","005ak00000D313JAAR","0","OR-2020-06-6","2025-01-17 14:10:44","005ak00000D313JAAR","2025-01-17 14:10:44","005ak00000D313JAAR","2025-01-17 14:10:44","0","","","","0","","","2021-12-14 07:00:00","0","","","","","","","{""08p4T000000hoQjQAI"":{""ServiceName"":""SA-0516"",""ServiceId"":""08p4T000000hoQjQAI"",""ScheduleBefore"":false,""Before"":{""ServiceStart"":null,""ServiceEnd"":null,""ResourceName"":null,""ResourceId"":null,""InJeopardy"":null},""After"":{""ServiceStart"":""2020-06-14T15:08:00.000Z"",""ServiceEnd"":""2020-06-14T17:08:00.000Z"",""ResourceName"":""Martino Castanon"",""ResourceId"":""0Hn4T000000Y1HkSAK"",""InJeopardy"":null}}}","1 appointments were scheduled to Martino Castanon on 6/14/2020:
1 unscheduled appointments were scheduled","","","","0Hnak0000006qaICAQ","2021-12-13 07:00:00","Completed","Completed","Fill-In Schedule","","","","","","","","","","","","","","","","","","","","","","","","","",""
"a0Nak00000QmwXREAZ","005ak00000D313JAAR","0","OR-2020-06-7","2025-01-17 14:10:44","005ak00000D313JAAR","2025-01-17 14:10:44","005ak00000D313JAAR","2025-01-17 14:10:44","0","","","","0","","","2021-12-14 07:00:00","0","","","","","","","{""08p4T000000hoSBQAY"":{""ServiceName"":""SA-0606"",""ServiceId"":""08p4T000000hoSBQAY"",""ScheduleBefore"":false,""Before"":{""ServiceStart"":null,""ServiceEnd"":null,""ResourceName"":null,""ResourceId"":null,""InJeopardy"":null},""After"":{""ServiceStart"":""2020-06-14T21:35:00.000Z"",""ServiceEnd"":""2020-06-14T22:35:00.000Z"",""ResourceName"":""Alan Reed"",""ResourceId"":""0Hn4T000000Y1HaSAK"",""InJeopardy"":null}}}","1 appointments were scheduled to Alan Reed on 6/14/2020:
1 unscheduled appointments were scheduled","","","","0Hnak0000006qaFCAQ","2021-12-13 07:00:00","Completed","Completed","Fill-In Schedule","","","","","","","","","","","","","","","","","","","","","","","","","",""
"a0Nak00000QmwXSEAZ","005ak00000D313JAAR","0","OR-2020-06-8","2025-01-17 14:10:44","005ak00000D313JAAR","2025-01-17 14:10:44","005ak00000D313JAAR","2025-01-17 14:10:44","0","","","","0","","","2021-12-14 07:00:00","0","","","","","","","{""08p4T000000hoSFQAY"":{""ServiceName"":""SA-0610"",""ServiceId"":""08p4T000000hoSFQAY"",""ScheduleBefore"":false,""Before"":{""ServiceStart"":null,""ServiceEnd"":null,""ResourceName"":null,""ResourceId"":null,""InJeopardy"":null},""After"":{""ServiceStart"":""2020-06-14T20:58:00.000Z"",""ServiceEnd"":""2020-06-14T21:58:00.000Z"",""ResourceName"":""Martino Castanon"",""ResourceId"":""0Hn4T000000Y1HkSAK"",""InJeopardy"":null}},""08p4T000000hoSIQAY"":{""ServiceName"":""SA-0613"",""ServiceId"":""08p4T000000hoSIQAY"",""ScheduleBefore"":false,""Before"":{""ServiceStart"":null,""ServiceEnd"":null,""ResourceName"":null,""ResourceId"":null,""InJeopardy"":null},""After"":{""ServiceStart"":""2020-06-14T19:52:00.000Z"",""ServiceEnd"":""2020-06-14T20:52:00.000Z"",""ResourceName"":""Martino Castanon"",""ResourceId"":""0Hn4T000000Y1HkSAK"",""InJeopardy"":null}}}","2 appointments were scheduled to Martino Castanon on 6/14/2020:
2 unscheduled appointments were scheduled","","","","0Hnak0000006qaICAQ","2021-12-13 07:00:00","Completed","Completed","Fill-In Schedule","","","","","","","","","","","","","","","","","","","","","","","","","",""
"a0Nak00000QmwXTEAZ","005ak00000D313JAAR","0","OR-2020-06-9","2025-01-17 14:10:44","005ak00000D313JAAR","2025-01-17 14:10:44","005ak00000D313JAAR","2025-01-17 14:10:44","0","","","","0","","","2021-12-16 07:00:00","0","","","","","","","{""08p4T000000hoU0QAI"":{""ServiceName"":""SA-0713"",""ServiceId"":""08p4T000000hoU0QAI"",""ScheduleBefore"":false,""Before"":{""ServiceStart"":null,""ServiceEnd"":null,""ResourceName"":null,""ResourceId"":null,""InJeopardy"":null},""After"":{""ServiceStart"":""2020-06-16T21:54:00.000Z"",""ServiceEnd"":""2020-06-16T22:54:00.000Z"",""ResourceName"":""Lamar Smith"",""ResourceId"":""0Hn4T000000Y1HfSAK"",""InJeopardy"":null}}}","1 appointments were scheduled to Lamar Smith on 6/16/2020:
1 unscheduled appointments were scheduled","","","","0Hnak0000006qaGCAQ","2021-12-15 07:00:00","Completed","Completed","Fill-In Schedule","","","","","","","","","","","","","","","","","","","","","","","","","",""
"a0Nak00000QmwXUEAZ","005ak00000D313JAAR","0","OR-2019-09-0","2025-01-17 14:10:44","005ak00000D313JAAR","2025-01-17 14:10:44","005ak00000D313JAAR","2025-01-17 14:10:44","1","","","","0","","Not Authorized","2021-03-26 07:00:00","0","","","a0Mak000000F3gjEAC","","","","","","a0Vak00000APRdZEAX","","","","2021-03-24 07:00:00","Failed","Failed","Global Optimization","","","","","","","","","","","","","","","","","","","","","","","","","",""
"a0Nak00000QmwXVEAZ","005ak00000D313JAAR","0","OR-2019-09-1","2025-01-17 14:10:44","005ak00000D313JAAR","2025-01-17 14:10:44","005ak00000D313JAAR","2025-01-17 14:10:44","0","","","[]","0","","Could not run reshuffle since no candidates were found for the service appointment","2021-03-31 00:12:00","0","","","","","","","","","a0Vak00000APRdZEAX","","","","2021-03-24 00:12:00","Failed","Failed","SA Reshuffle","","","","","","","","","","","","","","","","","","","","","","","","","",""
"a0Nak00000QmwXWEAZ","005ak00000D313JAAR","0","OR-2019-09-2","2025-01-17 14:10:44","005ak00000D313JAAR","2025-01-17 14:10:44","005ak00000D313JAAR","2025-01-17 14:10:44","0","","","","0","","","2021-03-25 07:00:00","0","","","","","","","","No overlapping services were found","","","","0Hnak0000006qaDCAQ","2021-03-24 07:00:00","Completed","Completed","Fix Overlaps","","","","","","","","","","","","","","","","","","","","","","","","","",""
"a0Nak00000QmwXXEAZ","005ak00000D313JAAR","0","OR-2020-01-3","2025-01-17 14:10:44","005ak00000D313JAAR","2025-01-17 14:10:44","005ak00000D313JAAR","2025-01-17 14:10:44","0","","","","0","","","2026-07-03 08:00:00","0","","","","","","","{""08p4T000000hmp2QAA"":{""ServiceName"":""SA-0125"",""ServiceId"":""08p4T000000hmp2QAA"",""ScheduleBefore"":null,""Before"":{""ServiceStart"":""2025-01-01T20:58:00.000Z"",""ServiceEnd"":""2025-01-01T22:58:00.000Z"",""ResourceName"":""Alan Reed"",""ResourceId"":""0Hn4T000000Y1HaSAK"",""InJeopardy"":false},""After"":{""ServiceStart"":""2025-01-01T20:54:00.000Z"",""ServiceEnd"":""2025-01-01T22:54:00.000Z"",""ResourceName"":""Alan Reed"",""ResourceId"":""0Hn4T000000Y1HaSAK"",""InJeopardy"":false}},""08p4T000000hmnyQAA"":{""ServiceName"":""SA-0069"",""ServiceId"":""08p4T000000hmnyQAA"",""ScheduleBefore"":null,""Before"":{""ServiceStart"":""2025-01-01T18:08:00.000Z"",""ServiceEnd"":""2025-01-01T19:38:00.000Z"",""ResourceName"":""Alan Reed"",""ResourceId"":""0Hn4T000000Y1HaSAK"",""InJeopardy"":false},""After"":{""ServiceStart"":""2025-01-01T18:30:00.000Z"",""ServiceEnd"":""2025-01-01T20:00:00.000Z"",""ResourceName"":""Alan Reed"",""ResourceId"":""0Hn4T000000Y1HaSAK"",""InJeopardy"":false}}}","Fixed overlaps for Alan Reed on Wed, Jan 1 2025 00:00
The following appointments were changed:
SA-0125 was rescheduled to 2025-01-01 12:54:00
SA-0069 was rescheduled to 2025-01-01 10:30:00","","","","0Hnak0000006qaFCAQ","2026-07-02 08:00:00","Completed","Completed","Fix Overlaps","","","","","","","","","","","","","","","","","","","","","","","","","",""
"a0Nak00000Qn3ygEAB","005ak00000D313JAAR","0","OR-2025-01-10","2025-01-17 15:43:22","005ak00000D313JAAR","2025-01-17 15:43:33","005ak00000D313JAAR","2025-01-17 15:43:33","1","","","","0","","Not Authorized","2025-01-19 05:00:00","0","","","a0Mak000000F3vFEAS","","","","","","a0Vak00000APRdZEAX","","","","2025-01-17 05:00:00","Failed","Failed","Global Optimization","","","","","","","Low","","","","","","","","","","","","","","","","","","","0"
"a0Nak00000Qn6enEAB","005ak00000D313JAAR","0","OR-2025-01-11","2025-01-17 15:44:12","005ak00000D313JAAR","2025-01-17 15:44:34","005ak00000D313JAAR","2025-01-17 15:44:34","1","","","","0","","Not Authorized","2025-01-19 05:00:00","0","","","a0Mak000000F3wrEAC","","","","","","a0Vak00000APRdZEAX","","","","2025-01-17 05:00:00","Failed","Failed","Global Optimization","","","","","","","Low","","","","","","","","","","","","","","","","","","","0"
"a0Nak00000Qn6i1EAB","005ak00000D313JAAR","0","OR-2025-01-12","2025-01-17 15:45:09","005ak00000D313JAAR","2025-01-17 15:45:09","005ak00000D313JAAR","2025-01-17 15:45:09","0","","","[]","0","","Could not run reshuffle since service appointment is pinned","2025-01-24 15:45:00","0","","","","","","","","","a0Vak00000APRdZEAX","","08pak0000003xjPAAQ","","2025-01-17 15:45:00","Failed","Failed","SA Reshuffle","","","","","","","","","","","","","","","","","","","","","","","","","","0"
"a0Nak00000Qn6oTEAR","005ak00000D313JAAR","0","OR-2025-01-13","2025-01-17 15:46:25","005ak00000D313JAAR","2025-01-17 15:46:35","005ak00000D313JAAR","2025-01-17 15:46:35","0","","","","0","","","2025-01-18 08:00:00","0","","","","","","","{}","Could not find near-by appointments to add to James Clifton after SA-0374","a0Vak00000APRdZEAX","","08pak0000003xjPAAQ","0Hnak0000006qaDCAQ","2025-01-17 08:00:00","Completed","Completed","Group Nearby SAs","","","","","","","","","","","","","","","","","","","","","","","","","","0"
"a0Nak00000QwBDpEAN","005ak00000D313JAAR","0","OR-2025-01-14","2025-01-20 12:22:57","005ak00000D313JAAR","2025-01-20 12:22:57","005ak00000D313JAAR","2025-01-20 12:22:57","1","","","","0","","Data is corrupted, check failure details.","2021-09-24 04:00:00","0","","","","","","","","","a0Vak00000APRdZEAX","","","","2021-09-22 04:00:00","Failed","Failed","Global Optimization","","","","","","","Low","","","","","","","","","","","","","","","","","","","0"
"a0Nak00000QwBFREA3","005ak00000D313JAAR","0","OR-2025-01-15","2025-01-20 12:23:49","005ak00000D313JAAR","2025-01-20 12:23:49","005ak00000D313JAAR","2025-01-20 12:23:49","1","","","","0","","Data is corrupted, check failure details.","2021-09-24 04:00:00","0","","","","","","","","","a0Vak00000APRdZEAX","","","","2021-09-22 04:00:00","Failed","Failed","Global Optimization","","","","","","","Low","","","","","","","","","","","","","","","","","","","0"
"a0Nak00000QwBIfEAN","005ak00000D313JAAR","0","OR-2025-01-16","2025-01-20 12:25:11","005ak00000D313JAAR","2025-01-20 12:26:05","005ak00000D315CAAR","2025-01-20 12:26:05","1","","","","0","","","2025-01-19 05:00:00","0","0","0","a0Mak000000FBMXEA4","","","","","","a0Vak00000APRdcEAH","","","","2025-01-17 05:00:00","Completed","Completed","Global Optimization","","","","","","","Low","","","","","","","","","","","","","","","","","","","0"
"a0Nak00000QwBLtEAN","005ak00000D313JAAR","0","OR-2025-01-17","2025-01-20 12:26:33","005ak00000D313JAAR","2025-01-20 12:27:20","005ak00000D315CAAR","2025-01-20 12:27:20","1","","","","0","","","2025-01-19 05:00:00","0","0","1","a0Mak000000FBO9EAO","","","2025-01-20 12:26:56","","","a0Vak00000APRdZEAX","","","","2025-01-17 05:00:00","Completed","Completed","Global Optimization","","","","","","","Low","","","","","","","","","","","","","","","","","","","0"
"a0Nak00000QwC6fEAF","005ak00000D313JAAR","0","OR-2025-01-18","2025-01-20 12:54:25","005ak00000D313JAAR","2025-01-20 12:55:05","005ak00000D315CAAR","2025-01-20 12:55:05","1","","","","0","","","2025-01-22 12:54:24","0","2","2","a0Mak000000FBRNEA4","","","2025-01-20 12:54:37","","","a0Vak00000APRdZEAX","","","","2025-01-20 12:54:24","Completed","Completed","Global Optimization","","","","","","","Low","","","","","","","","","","","","","","","","","","","0"
"a0Nak00000QwC8HEAV","005ak00000D313JAAR","0","OR-2025-01-19","2025-01-20 12:54:31","005ak00000D313JAAR","2025-01-20 12:55:06","005ak00000D315CAAR","2025-01-20 12:55:06","1","","","","0","","","2025-01-22 12:54:24","0","0","0","a0Mak000000FBSzEAO","","","","","","a0Vak00000APRdZEAX","","","","2025-01-20 12:54:24","Completed","Completed","Global Optimization","","","","","","","Low","","","","","","","","","","","","","","","","","","","0"
"a0Nak00000QxoZhEAJ","005ak00000D313JAAR","0","OR-2025-01-20","2025-01-21 06:00:16","005ak00000D313JAAR","2025-01-21 06:01:25","005ak00000D315CAAR","2025-01-21 06:01:25","1","","","","0","","","2025-01-23 06:00:12","0","0","0","a0Mak000000FCfBEAW","","","","","","a0Vak00000APRdZEAX","","","","2025-01-21 06:00:12","Completed","Completed","Global Optimization","","","","","","","Medium","","","","","","","","","","","","","","","","","","","0"
"a0Nak00000QxohlEAB","005ak00000D313JAAR","0","OR-2025-01-21","2025-01-21 06:00:49","005ak00000D313JAAR","2025-01-21 06:01:25","005ak00000D315CAAR","2025-01-21 06:01:25","1","","","","0","","","2025-01-23 06:00:12","0","0","0","a0Mak000000FCnFEAW","","","","","","a0Vak00000APRdZEAX","","","","2025-01-21 06:00:12","Completed","Completed","Global Optimization","","","","","","","Medium","","","","","","","","","","","","","","","","","","","0"
"a0Nak00000R0Rs1EAF","005ak00000D313JAAR","0","OR-2025-01-23","2025-01-22 06:01:25","005ak00000D313JAAR","2025-01-22 06:02:33","005ak00000D315CAAR","2025-01-22 06:02:33","1","","","","0","","","2025-01-24 06:00:36","0","0","0","a0Mak000000FFefEAG","","","","","","a0Vak00000APRdZEAX","","","","2025-01-22 06:00:36","Completed","Completed","Global Optimization","","","","","","","Medium","","","","","","","","","","","","","","","","","","","0"
"a0Nak00000R0UwHEAV","005ak00000D313JAAR","0","OR-2025-01-22","2025-01-22 06:00:38","005ak00000D313JAAR","2025-01-22 06:01:52","005ak00000D315CAAR","2025-01-22 06:01:52","1","","","","0","","","2025-01-24 06:00:36","0","0","0","a0Mak000000FFZpEAO","","","","","","a0Vak00000APRdZEAX","","","","2025-01-22 06:00:36","Completed","Completed","Global Optimization","","","","","","","Medium","","","","","","","","","","","","","","","","","","","0"
"a0Nak00000R7WjZEAV","005ak00000D313JAAR","0","OR-2025-01-24","2025-01-23 06:01:08","005ak00000D313JAAR","2025-01-23 06:02:26","005ak00000D315CAAR","2025-01-23 06:02:26","1","","","","0","","","2025-01-25 06:01:06","0","0","0","a0Mak000000FJ5ZEAW","","","","","","a0Vak00000APRdZEAX","","","","2025-01-23 06:01:06","Completed","Completed","Global Optimization","","","","","","","Medium","","","","","","","","","","","","","","","","","","","0"
"a0Nak00000R7XXZEA3","005ak00000D313JAAR","0","OR-2025-01-25","2025-01-23 06:02:01","005ak00000D313JAAR","2025-01-23 06:02:29","005ak00000D315CAAR","2025-01-23 06:02:29","1","","","","0","","","2025-01-25 06:01:06","0","0","0","a0Mak000000FJOvEAO","","","","","","a0Vak00000APRdZEAX","","","","2025-01-23 06:01:06","Completed","Completed","Global Optimization","","","","","","","Medium","","","","","","","","","","","","","","","","","","","0"
"a0Nak00000RB8HFEA1","005ak00000D313JAAR","0","OR-2025-01-26","2025-01-24 06:01:12","005ak00000D313JAAR","2025-01-24 06:02:16","005ak00000D315CAAR","2025-01-24 06:02:16","1","","","","0","","","2025-01-26 06:01:10","0","0","0","a0Mak000000FOMzEAO","","","","","","a0Vak00000APRdZEAX","","","","2025-01-24 06:01:10","Completed","Completed","Global Optimization","","","","","","","Medium","","","","","","","","","","","","","","","","","","","0"
"a0Nak00000RB8U9EAL","005ak00000D313JAAR","0","OR-2025-01-27","2025-01-24 06:01:53","005ak00000D313JAAR","2025-01-24 06:02:21","005ak00000D315CAAR","2025-01-24 06:02:21","1","","","","0","","","2025-01-26 06:01:10","0","0","0","a0Mak000000FOV3EAO","","","","","","a0Vak00000APRdZEAX","","","","2025-01-24 06:01:10","Completed","Completed","Global Optimization","","","","","","","Medium","","","","","","","","","","","","","","","","","","","0"
"a0Nak00000RDE7FEAX","005ak00000D313JAAR","0","OR-2025-01-28","2025-01-25 06:00:13","005ak00000D313JAAR","2025-01-25 06:01:26","005ak00000D315CAAR","2025-01-25 06:01:26","1","","","","0","","","2025-01-27 06:00:10","0","1","2","a0Mak000000FRxZEAW","","","2025-01-25 06:01:06","","","a0Vak00000APRdZEAX","","","","2025-01-25 06:00:10","Completed","Completed","Global Optimization","","","","","","","Medium","","","","","","","","","","","","","","","","","","","0"
"a0Nak00000RDELlEAP","005ak00000D313JAAR","0","OR-2025-01-29","2025-01-25 06:00:49","005ak00000D313JAAR","2025-01-25 06:01:24","005ak00000D315CAAR","2025-01-25 06:01:24","1","","","","0","","","2025-01-27 06:00:10","0","0","0","a0Mak000000FS8rEAG","","","","","","a0Vak00000APRdZEAX","","","","2025-01-25 06:00:10","Completed","Completed","Global Optimization","","","","","","","Medium","","","","","","","","","","","","","","","","","","","0"
"a0Nak00000REO1JEAX","005ak00000D313JAAR","0","OR-2025-01-30","2025-01-26 06:00:23","005ak00000D313JAAR","2025-01-26 06:01:21","005ak00000D315CAAR","2025-01-26 06:01:21","1","","","","0","","","2025-01-28 06:00:21","0","0","0","a0Mak000000FU4DEAW","","","","","","a0Vak00000APRdZEAX","","","","2025-01-26 06:00:21","Completed","Completed","Global Optimization","","","","","","","Medium","","","","","","","","","","","","","","","","","","","0"
"a0Nak00000REO7lEAH","005ak00000D313JAAR","0","OR-2025-01-31","2025-01-26 06:01:03","005ak00000D313JAAR","2025-01-26 06:01:31","005ak00000D315CAAR","2025-01-26 06:01:31","1","","","","0","","","2025-01-28 06:00:21","0","0","0","a0Mak000000FUAfEAO","","","","","","a0Vak00000APRdZEAX","","","","2025-01-26 06:00:21","Completed","Completed","Global Optimization","","","","","","","Medium","","","","","","","","","","","","","","","","","","","0"
"a0Nak00000RFWL0EAP","005ak00000D313JAAR","0","OR-2025-01-32","2025-01-27 06:00:10","005ak00000D313JAAR","2025-01-27 06:00:55","005ak00000D315CAAR","2025-01-27 06:00:55","1","","","","0","","","2025-01-29 06:00:08","0","0","0","a0Mak000000FWcHEAW","","","","","","a0Vak00000APRdZEAX","","","","2025-01-27 06:00:08","Completed","Completed","Global Optimization","","","","","","","Medium","","","","","","","","","","","","","","","","","","","0"
"a0Nak00000RFZSXEA5","005ak00000D313JAAR","0","OR-2025-01-33","2025-01-27 06:00:36","005ak00000D313JAAR","2025-01-27 06:00:54","005ak00000D315CAAR","2025-01-27 06:00:54","1","","","","0","","","2025-01-29 06:00:08","0","0","0","a0Mak000000FWnZEAW","","","","","","a0Vak00000APRdZEAX","","","","2025-01-27 06:00:08","Completed","Completed","Global Optimization","","","","","","","Medium","","","","","","","","","","","","","","","","","","","0"
"a0Nak00000RGezdEAD","005ak00000D313JAAR","0","OR-2025-01-34","2025-01-27 18:26:49","005ak00000D313JAAR","2025-01-27 18:27:38","005ak00000D315CAAR","2025-01-27 18:27:38","1","","","","0","","","2025-01-31 05:00:00","0","8","9","a0Mak000000FZGnEAO","","","2025-01-27 18:27:14","","","a0Vak00000APRdZEAX","","","","2025-01-28 05:00:00","Completed","Completed","Global Optimization","","","","","","","Medium","","","","","","","","","","","","","","","","","","","0"
"a0Nak00000RGoK5EAL","005ak00000D313JAAR","0","OR-2025-01-37","2025-01-27 20:04:39","005ak00000D313JAAR","2025-01-27 20:05:32","005ak00000D315CAAR","2025-01-27 20:05:32","1","","","","0","","","2025-01-30 05:00:00","0","5","12","a0Mak000000FZQTEA4","","","2025-01-27 20:04:51","","","a0Vak00000APRdZEAX","","","","2025-01-28 05:00:00","Completed","Completed","Global Optimization","","","","","","","Medium","","","","","","","","","","","","","","","","","","","0"
"a0Nak00000RGtkAEAT","005ak00000D313JAAR","0","OR-2025-01-40","2025-01-27 20:13:19","005ak00000D313JAAR","2025-01-27 20:13:27","005ak00000D315CAAR","2025-01-27 20:13:27","1","0","0","","0","","","2025-01-31 05:00:00","0","0","0","a0Mak000000FZVJEA4","","","","","","a0Vak00000APRdZEAX","","","0Hnak0000006xVFCAY","2025-01-29 05:00:00","Completed","Completed","Resource Schedule Optimization","","","","","","","","","","","","","","","","","","","","","","","","","","0"
"a0Nak00000RGvKXEA1","005ak00000D313JAAR","0","OR-2025-01-35","2025-01-27 19:53:37","005ak00000D313JAAR","2025-01-27 19:53:59","005ak00000D313JAAR","2025-01-27 19:53:59","0","","","","0","","","2025-01-29 05:00:00","0","","","","","","","{}","Could not find near-by appointments to add to �mile Le Sage after SA-0837","a0Vak00000APRdZEAX","","08pak00000043NVAAY","0Hnak0000006xVFCAY","2025-01-28 05:00:00","Completed","Completed","Group Nearby SAs","","","","","","","","","","","","","","","","","","","","","","","","","","0"
"a0Nak00000RGvXREA1","005ak00000D313JAAR","0","OR-2025-01-36","2025-01-27 19:55:06","005ak00000D313JAAR","2025-01-27 19:55:06","005ak00000D313JAAR","2025-01-27 19:55:06","0","","","","0","","","2025-01-29 05:00:00","0","","","","","","","","No overlapping services were found","","","","0Hnak0000006xVFCAY","2025-01-28 05:00:00","Completed","Completed","Fix Overlaps","","","","","","","","","","","","","","","","","","","","","","","","","","0"
"a0Nak00000RGwF0EAL","005ak00000D313JAAR","0","OR-2025-01-38","2025-01-27 20:07:22","005ak00000D313JAAR","2025-01-27 20:07:41","005ak00000D315CAAR","2025-01-27 20:07:41","1","0","0","","0","","","2025-01-30 05:00:00","0","3","3","a0Mak000000FZS5EAO","","","2025-01-27 20:07:29","","","a0Vak00000APRdZEAX","","","0Hnak0000006xVFCAY","2025-01-28 05:00:00","Completed","Completed","Resource Schedule Optimization","","","","","","","","","","","","","","","","","","","","","","","","","","0"
"a0Nak00000RGxivEAD","005ak00000D313JAAR","0","OR-2025-01-39","2025-01-27 20:09:23","005ak00000D313JAAR","2025-01-27 20:09:23","005ak00000D313JAAR","2025-01-27 20:09:23","0","","","[]","0","","Could not run reshuffle since service appointment is pinned","2025-02-03 20:09:00","0","","","","","","","","","a0Vak00000APRdZEAX","","08pak00000043NVAAY","","2025-01-27 20:09:00","Failed","Failed","SA Reshuffle","","","","","","","","","","","","","","","","","","","","","","","","","","0"
"a0Nak00000RGyThEAL","005ak00000D313JAAR","0","OR-2025-01-41","2025-01-27 20:15:04","005ak00000D313JAAR","2025-01-27 20:15:46","005ak00000D315CAAR","2025-01-27 20:15:46","1","","","","0","","","2025-01-31 05:00:00","0","4","12","a0Mak000000FZWvEAO","","","2025-01-27 20:15:17","","","a0Vak00000APRdZEAX","","","","2025-01-29 05:00:00","Completed","Completed","Global Optimization","","","","","","","Medium","","","","","","","","","","","","","","","","","","","0"
"a0Nak00000RGyqHEAT","005ak00000D313JAAR","0","OR-2025-01-42","2025-01-27 20:18:34","005ak00000D313JAAR","2025-01-27 20:19:22","005ak00000D315CAAR","2025-01-27 20:19:22","1","","","","0","","","2025-01-31 05:00:00","0","4","13","a0Mak000000FZYXEA4","","","2025-01-27 20:18:47","","","a0Vak00000APRdZEAX","","","","2025-01-29 05:00:00","Completed","Completed","Global Optimization","","","","","","","Medium","","","","","","","","","","","","","","","","","","","0"
"a0Nak00000RGzrBEAT","005ak00000D313JAAR","0","OR-2025-01-43","2025-01-27 20:25:05","005ak00000D313JAAR","2025-01-27 20:25:58","005ak00000D315CAAR","2025-01-27 20:25:58","1","","","","0","","","2025-01-31 05:00:00","0","5","13","a0Mak000000FZa9EAG","","","2025-01-27 20:25:24","","","a0Vak00000APRdZEAX","","","","2025-01-28 05:00:00","Completed","Completed","Global Optimization","","","","","","","Medium","","","","","","","","","","","","","","","","","","","0"
"a0Nak00000RI1J4EAL","005ak00000D313JAAR","0","OR-2025-01-44","2025-01-28 06:00:10","005ak00000D313JAAR","2025-01-28 06:01:01","005ak00000D315CAAR","2025-01-28 06:01:01","1","","","","0","Please run FSL Health Check on the optimization data domain for more information.","An Optimization Request must include at least one ServiceTerritory of type 'Primary'","2025-01-30 06:00:09","0","","","a0Mak000000FamLEAS","","","","","","a0Vak00000APRdZEAX","","","","2025-01-28 06:00:09","Failed","Failed","Global Optimization","","","","","","","Medium","","","","","","","","","","","","","","","","","","","0"
"a0Nak00000RI4OzEAL","005ak00000D313JAAR","0","OR-2025-01-45","2025-01-28 06:00:48","005ak00000D313JAAR","2025-01-28 06:01:02","005ak00000D315CAAR","2025-01-28 06:01:02","1","","","","0","Please run FSL Health Check on the optimization data domain for more information.","An Optimization Request must include at least one ServiceTerritory of type 'Primary'","2025-01-30 06:00:09","0","","","a0Mak000000Faw1EAC","","","","","","a0Vak00000APRdZEAX","","","","2025-01-28 06:00:09","Failed","Failed","Global Optimization","","","","","","","Medium","","","","","","","","","","","","","","","","","","","0"
"a0Nak00000RRx1jEAD","005ak00000D313JAAR","0","OR-2025-01-47","2025-01-28 12:25:07","005ak00000D313JAAR","2025-01-28 12:25:07","005ak00000D313JAAR","2025-01-28 12:25:07","1","","","","0","","Requested optimization is already running for ID: a0Nak00000RU5NhEAL","2025-01-31 12:25:07","0","","","","","","","","","a0Vak00000APRdZEAX","","","","2025-01-28 12:25:07","Failed","Failed","Global Optimization","","","","","","","Medium","","","","","","","","","","","","","","","","","","","0"
"a0Nak00000RU5NhEAL","005ak00000D313JAAR","0","OR-2025-01-46","2025-01-28 12:24:31","005ak00000D313JAAR","2025-01-28 12:28:26","005ak00000D315CAAR","2025-01-28 12:28:26","1","","","","0","","","2025-01-31 12:24:30","0","5","12","a0Mak000000Fc3NEAS","","","2025-01-28 12:26:44","","","a0Vak00000APRdZEAX","","","","2025-01-28 12:24:30","Completed","Completed","Global Optimization","","","","","","","Medium","","","","","","","","","","","","","","","","","","","0"
"a0Nak00000RrAJSEA3","005ak00000D313JAAR","0","OR-2025-01-48","2025-01-29 05:00:12","005ak00000D313JAAR","2025-01-29 05:00:12","005ak00000D313JAAR","2025-01-29 05:00:12","1","","","","0","","Availability Rule Doesnt Exists In Policy","2025-02-01 05:00:10","0","","","","","","","","","a0Vak00000APRdZEAX","","","","2025-01-29 05:00:10","Failed","Failed","Global Optimization","","","","","","","Medium","","","","","","","","","","","","","","","","","","","0"
"a0Nak00000RuZd3EAF","005ak00000D313JAAR","0","OR-2025-01-49","2025-01-30 05:00:07","005ak00000D313JAAR","2025-01-30 05:00:07","005ak00000D313JAAR","2025-01-30 05:00:07","1","","","","0","","Availability Rule Doesnt Exists In Policy","2025-02-02 05:00:05","0","","","","","","","","","a0Vak00000APRdZEAX","","","","2025-01-30 05:00:05","Failed","Failed","Global Optimization","","","","","","","Medium","","","","","","","","","","","","","","","","","","","0"
"a0Nak00000Rxjl9EAB","005ak00000D313JAAR","0","OR-2025-01-50","2025-01-31 05:00:14","005ak00000D313JAAR","2025-01-31 05:00:14","005ak00000D313JAAR","2025-01-31 05:00:14","1","","","","0","","Availability Rule Doesnt Exists In Policy","2025-02-03 05:00:12","0","","","","","","","","","a0Vak00000APRdZEAX","","","","2025-01-31 05:00:12","Failed","Failed","Global Optimization","","","","","","","Medium","","","","","","","","","","","","","","","","","","","0"
"a0Nak00000S3lYXEAZ","005ak00000D313JAAR","0","OR-2025-02-51","2025-02-01 05:00:17","005ak00000D313JAAR","2025-02-01 05:00:17","005ak00000D313JAAR","2025-02-01 05:00:17","1","","","","0","","Availability Rule Doesnt Exists In Policy","2025-02-04 05:00:16","0","","","","","","","","","a0Vak00000APRdZEAX","","","","2025-02-01 05:00:16","Failed","Failed","Global Optimization","","","","","","","Medium","","","","","","","","","","","","","","","","","","","0"
"a0Nak00000SQQ1xEAH","005ak00000D313JAAR","0","OR-2025-02-52","2025-02-02 05:00:22","005ak00000D313JAAR","2025-02-02 05:00:22","005ak00000D313JAAR","2025-02-02 05:00:22","1","","","","0","","Availability Rule Doesnt Exists In Policy","2025-02-05 05:00:20","0","","","","","","","","","a0Vak00000APRdZEAX","","","","2025-02-02 05:00:20","Failed","Failed","Global Optimization","","","","","","","Medium","","","","","","","","","","","","","","","","","","","0"
"a0Nak00000Su4f7EAB","005ak00000D313JAAR","0","OR-2025-02-53","2025-02-03 05:00:27","005ak00000D313JAAR","2025-02-03 05:00:27","005ak00000D313JAAR","2025-02-03 05:00:27","1","","","","0","","Availability Rule Doesnt Exists In Policy","2025-02-06 05:00:21","0","","","","","","","","","a0Vak00000APRdZEAX","","","","2025-02-03 05:00:21","Failed","Failed","Global Optimization","","","","","","","Medium","","","","","","","","","","","","","","","","","","","0"
"a0Nak00000T6DjREAV","005ak00000D313JAAR","0","OR-2025-02-54","2025-02-04 05:00:36","005ak00000D313JAAR","2025-02-04 05:00:36","005ak00000D313JAAR","2025-02-04 05:00:36","1","","","","0","","Availability Rule Doesnt Exists In Policy","2025-02-07 05:00:35","0","","","","","","","","","a0Vak00000APRdZEAX","","","","2025-02-04 05:00:35","Failed","Failed","Global Optimization","","","","","","","Medium","","","","","","","","","","","","","","","","","","","0"
