"Id","OwnerId","IsDeleted","Name","RecordTypeId","CreatedDate","CreatedById","LastModifiedDate","LastModifiedById","SystemModstamp","FSL__Ignore_Home_Base_Coordinates__c","FSL__Object_Group_Field__c","FSL__Prioritize_Resource__c","FSL__Resource_Group_Field__c","FSL__Resource_Priority_Field__c","FSL__Custom_Logic_Data__c","FSL__Custom_Type__c"
"a0Xak00000CwVnjEAF","005ak00000D314xAAB","0","Preferred Service Resource","012ak00000553iR","2025-01-17 14:10:44","005ak00000D314xAAB","2025-01-17 14:10:44","005ak00000D314xAAB","2025-01-17 14:10:44","0","","Least Qualified","","","",""
"a0Xak00000CwVnkEAF","005ak00000D314xAAB","0","ASAP","012ak00000553iP","2025-01-17 14:10:44","005ak00000D314xAAB","2025-01-17 14:10:44","005ak00000D314xAAB","2025-01-17 14:10:44","0","","Least Qualified","","","",""
"a0Xak00000CwVnlEAF","005ak00000D314xAAB","0","Minimize Travel","012ak00000553iS","2025-01-17 14:10:44","005ak00000D314xAAB","2025-01-17 14:10:44","005ak00000D314xAAB","2025-01-17 14:10:44","0","","Least Qualified","","","",""
"a0Xak00000CwVnmEAF","005ak00000D314xAAB","0","Resource Priority","012ak00000553iU","2025-01-17 14:10:44","005ak00000D314xAAB","2025-01-17 14:10:44","005ak00000D314xAAB","2025-01-17 14:10:44","0","","Least Qualified","","priority__c","",""
"a0Xak00000CwVnnEAF","005ak00000D314xAAB","0","Minimize Overtime","012ak00000553iT","2025-01-17 14:10:44","005ak00000D314xAAB","2025-01-17 14:10:44","005ak00000D314xAAB","2025-01-17 14:10:44","0","","Least Qualified","","","",""
"a0Xak00000CwVnoEAF","005ak00000D314xAAB","0","Skill Level","012ak00000553iM","2025-01-17 14:10:44","005ak00000D314xAAB","2025-01-17 14:10:44","005ak00000D314xAAB","2025-01-17 14:10:44","0","","Most Qualified","","","",""
