"Id","IsDeleted","Name","CreatedDate","CreatedById","LastModifiedDate","LastModifiedById","SystemModstamp","FSL__ServiceTerritory__c","FSL__User__c"
"a0gak0000005MntAAE","0","ULID-000001","2025-01-17 14:10:44","005ak00000D313JAAR","2025-01-17 14:10:44","005ak00000D313JAAR","2025-01-17 14:10:44","0Hhak0000003yUHCAY","005ak00000D313JAAR"
"a0gak0000005MnuAAE","0","ULID-000002","2025-01-17 14:10:44","005ak00000D313JAAR","2025-01-17 14:10:44","005ak00000D313JAAR","2025-01-17 14:10:44","0Hhak0000003yUICAY","005ak00000D313JAAR"
"a0gak0000005Wk1AAE","0","ULID-000003","2025-01-27 16:15:37","005ak00000D313JAAR","2025-01-27 16:15:37","005ak00000D313JAAR","2025-01-27 16:15:37","0Hhak00000042knCAA","005ak00000D313JAAR"
"a0gak0000005WldAAE","0","ULID-000004","2025-01-27 16:18:17","005ak00000D313JAAR","2025-01-27 16:18:17","005ak00000D313JAAR","2025-01-27 16:18:17","0Hhak000000437NCAQ","005ak00000D313JAAR"
