"Id","IsDeleted","Name","CreatedDate","CreatedById","LastModifiedDate","LastModifiedById","SystemModstamp","FSL__Optimization_Request__c","FSL__ServiceTerritory__c","FSL__AvgTravelTimeAfter__c","FSL__AvgTravelTimeBefore__c","FSL__AvgTravelTimeWithoutHomeAfter__c","FSL__AvgTravelTimeWithoutHomeBefore__c","FSL__NonCapacityBasedServicesAfter__c","FSL__NonCapacityBasedServicesBefore__c","FSL__TotalNumberOfCapacityBasedResources__c","FSL__TotalNumberOfCrews__c","FSL__TotalNumberOfOptimizableServices__c","FSL__TotalNumberOfResources__c","FSL__TotalNumberOfScheduledServicesAfter__c","FSL__TotalNumberOfScheduledServicesBefore__c","FSL__TotalTravelByPrimaryMembershipAfter__c","FSL__TotalTravelByPrimaryMembershipBefore__c","FSL__TotalTravelTimeAfter__c","FSL__TotalTravelTimeBefore__c","FSL__TotalTravelTimeWithoutHomeAfter__c","FSL__TotalTravelTimeWithoutHomeBefore__c","FSL__TotalWorkCapacity__c","FSL__TotalWorkDurationScheduledAfter__c","FSL__TotalWorkDurationScheduledBefore__c","FSL__UtilizationTotalAfter__c","FSL__UtilizationTotalBefore__c","FSL__UtilizationWrenchAfter__c","FSL__UtilizationWrenchBefore__c"
"a0aak000004JMQjAAO","0","LOR-00000","2025-01-17 14:10:44","005ak00000D313JAAR","2025-01-17 14:10:44","005ak00000D313JAAR","2025-01-17 14:10:44","a0Nak00000QmwXUEAZ","0Hhak0000003yUHCAY","","","","","","","","","","","","","","","","","","","","","","","","",""
"a0aak000004JPLNAA4","0","LOR-00001","2025-01-17 15:43:22","005ak00000D313JAAR","2025-01-17 15:43:22","005ak00000D313JAAR","2025-01-17 15:43:22","a0Nak00000Qn3ygEAB","0Hhak0000003yUICAY","","","","","","","","","","","","","","","","","","","","","","","","",""
"a0aak000004JPMzAAO","0","LOR-00002","2025-01-17 15:44:12","005ak00000D313JAAR","2025-01-17 15:44:12","005ak00000D313JAAR","2025-01-17 15:44:12","a0Nak00000Qn6enEAB","0Hhak0000003yUICAY","","","","","","","","","","","","","","","","","","","","","","","","",""
"a0aak000004KjQ5AAK","0","LOR-00003","2025-01-20 12:22:57","005ak00000D313JAAR","2025-01-20 12:22:57","005ak00000D313JAAR","2025-01-20 12:22:57","a0Nak00000QwBDpEAN","0Hhak0000003yUHCAY","","","","","","","","","","","","","","","","","","","","","","","","",""
"a0aak000004KjUvAAK","0","LOR-00004","2025-01-20 12:23:49","005ak00000D313JAAR","2025-01-20 12:23:49","005ak00000D313JAAR","2025-01-20 12:23:49","a0Nak00000QwBFREA3","0Hhak0000003yUICAY","","","","","","","","","","","","","","","","","","","","","","","","",""
"a0aak000004KjZlAAK","0","LOR-00005","2025-01-20 12:25:11","005ak00000D313JAAR","2025-01-20 12:25:11","005ak00000D313JAAR","2025-01-20 12:25:11","a0Nak00000QwBIfEAN","0Hhak0000003yUICAY","","","","","","","","","","","","","","","","","","","","","","","","",""
"a0aak000004KjczAAC","0","LOR-00006","2025-01-20 12:26:33","005ak00000D313JAAR","2025-01-20 12:26:33","005ak00000D313JAAR","2025-01-20 12:26:33","a0Nak00000QwBLtEAN","0Hhak0000003yUHCAY","","","","","","","","","","","","","","","","","","","","","","","","",""
"a0aak000004KkArAAK","0","LOR-00007","2025-01-20 12:54:25","005ak00000D313JAAR","2025-01-20 12:54:25","005ak00000D313JAAR","2025-01-20 12:54:25","a0Nak00000QwC6fEAF","0Hhak0000003yUHCAY","","","","","","","","","","","","","","","","","","","","","","","","",""
"a0aak000004KkCTAA0","0","LOR-00008","2025-01-20 12:54:31","005ak00000D313JAAR","2025-01-20 12:54:31","005ak00000D313JAAR","2025-01-20 12:54:31","a0Nak00000QwC8HEAV","0Hhak0000003yUICAY","","","","","","","","","","","","","","","","","","","","","","","","",""
"a0aak000004LAmrAAG","0","LOR-00009","2025-01-21 06:00:16","005ak00000D313JAAR","2025-01-21 06:00:16","005ak00000D313JAAR","2025-01-21 06:00:16","a0Nak00000QxoZhEAJ","0Hhak0000003yUHCAY","","","","","","","","","","","","","","","","","","","","","","","","",""
"a0aak000004LAwXAAW","0","LOR-00010","2025-01-21 06:00:49","005ak00000D313JAAR","2025-01-21 06:00:49","005ak00000D313JAAR","2025-01-21 06:00:49","a0Nak00000QxohlEAB","0Hhak0000003yUICAY","","","","","","","","","","","","","","","","","","","","","","","","",""
"a0aak000004LkgfAAC","0","LOR-00011","2025-01-22 06:00:38","005ak00000D313JAAR","2025-01-22 06:00:38","005ak00000D313JAAR","2025-01-22 06:00:38","a0Nak00000R0UwHEAV","0Hhak0000003yUHCAY","","","","","","","","","","","","","","","","","","","","","","","","",""
"a0aak000004Lkn7AAC","0","LOR-00012","2025-01-22 06:01:25","005ak00000D313JAAR","2025-01-22 06:01:25","005ak00000D313JAAR","2025-01-22 06:01:25","a0Nak00000R0Rs1EAF","0Hhak0000003yUICAY","","","","","","","","","","","","","","","","","","","","","","","","",""
"a0aak000004MLGPAA4","0","LOR-00013","2025-01-23 06:01:08","005ak00000D313JAAR","2025-01-23 06:01:08","005ak00000D313JAAR","2025-01-23 06:01:08","a0Nak00000R7WjZEAV","0Hhak0000003yUHCAY","","","","","","","","","","","","","","","","","","","","","","","","",""
"a0aak000004MLUvAAO","0","LOR-00014","2025-01-23 06:02:01","005ak00000D313JAAR","2025-01-23 06:02:01","005ak00000D313JAAR","2025-01-23 06:02:01","a0Nak00000R7XXZEA3","0Hhak0000003yUICAY","","","","","","","","","","","","","","","","","","","","","","","","",""
"a0aak000004MyhZAAS","0","LOR-00015","2025-01-24 06:01:12","005ak00000D313JAAR","2025-01-24 06:01:12","005ak00000D313JAAR","2025-01-24 06:01:12","a0Nak00000RB8HFEA1","0Hhak0000003yUHCAY","","","","","","","","","","","","","","","","","","","","","","","","",""
"a0aak000004Myw5AAC","0","LOR-00016","2025-01-24 06:01:53","005ak00000D313JAAR","2025-01-24 06:01:53","005ak00000D313JAAR","2025-01-24 06:01:53","a0Nak00000RB8U9EAL","0Hhak0000003yUICAY","","","","","","","","","","","","","","","","","","","","","","","","",""
"a0aak000004NYOTAA4","0","LOR-00017","2025-01-25 06:00:13","005ak00000D313JAAR","2025-01-25 06:00:13","005ak00000D313JAAR","2025-01-25 06:00:13","a0Nak00000RDE7FEAX","0Hhak0000003yUHCAY","","","","","","","","","","","","","","","","","","","","","","","","",""
"a0aak000004NYebAAG","0","LOR-00018","2025-01-25 06:00:49","005ak00000D313JAAR","2025-01-25 06:00:49","005ak00000D313JAAR","2025-01-25 06:00:49","a0Nak00000RDELlEAP","0Hhak0000003yUICAY","","","","","","","","","","","","","","","","","","","","","","","","",""
"a0aak000004O3bxAAC","0","LOR-00019","2025-01-26 06:00:23","005ak00000D313JAAR","2025-01-26 06:00:23","005ak00000D313JAAR","2025-01-26 06:00:23","a0Nak00000REO1JEAX","0Hhak0000003yUHCAY","","","","","","","","","","","","","","","","","","","","","","","","",""
"a0aak000004O3orAAC","0","LOR-00020","2025-01-26 06:01:03","005ak00000D313JAAR","2025-01-26 06:01:03","005ak00000D313JAAR","2025-01-26 06:01:03","a0Nak00000REO7lEAH","0Hhak0000003yUICAY","","","","","","","","","","","","","","","","","","","","","","","","",""
"a0aak000004OXF3AAO","0","LOR-00021","2025-01-27 06:00:10","005ak00000D313JAAR","2025-01-27 06:00:10","005ak00000D313JAAR","2025-01-27 06:00:10","a0Nak00000RFWL0EAP","0Hhak0000003yUHCAY","","","","","","","","","","","","","","","","","","","","","","","","",""
"a0aak000004OXQLAA4","0","LOR-00022","2025-01-27 06:00:36","005ak00000D313JAAR","2025-01-27 06:00:36","005ak00000D313JAAR","2025-01-27 06:00:36","a0Nak00000RFZSXEA5","0Hhak0000003yUICAY","","","","","","","","","","","","","","","","","","","","","","","","",""
"a0aak000004Op5VAAS","0","LOR-00023","2025-01-27 18:26:49","005ak00000D313JAAR","2025-01-27 18:26:49","005ak00000D313JAAR","2025-01-27 18:26:49","a0Nak00000RGezdEAD","0Hhak00000042knCAA","","","","","","","","","","","","","","","","","","","","","","","","",""
"a0aak000004OrnFAAS","0","LOR-00024","2025-01-27 20:04:39","005ak00000D313JAAR","2025-01-27 20:04:39","005ak00000D313JAAR","2025-01-27 20:04:39","a0Nak00000RGoK5EAL","0Hhak00000042knCAA","","","","","","","","","","","","","","","","","","","","","","","","",""
"a0aak000004OrwvAAC","0","LOR-00025","2025-01-27 20:07:22","005ak00000D313JAAR","2025-01-27 20:07:22","005ak00000D313JAAR","2025-01-27 20:07:22","a0Nak00000RGwF0EAL","0Hhak00000042knCAA","","","","","","","","","","","","","","","","","","","","","","","","",""
"a0aak000004Os9pAAC","0","LOR-00026","2025-01-27 20:13:19","005ak00000D313JAAR","2025-01-27 20:13:19","005ak00000D313JAAR","2025-01-27 20:13:19","a0Nak00000RGtkAEAT","0Hhak00000042knCAA","","","","","","","","","","","","","","","","","","","","","","","","",""
"a0aak000004OsJVAA0","0","LOR-00027","2025-01-27 20:15:05","005ak00000D313JAAR","2025-01-27 20:15:05","005ak00000D313JAAR","2025-01-27 20:15:05","a0Nak00000RGyThEAL","0Hhak00000042knCAA","","","","","","","","","","","","","","","","","","","","","","","","",""
"a0aak000004OsPxAAK","0","LOR-00028","2025-01-27 20:18:34","005ak00000D313JAAR","2025-01-27 20:18:34","005ak00000D313JAAR","2025-01-27 20:18:34","a0Nak00000RGyqHEAT","0Hhak00000042knCAA","","","","","","","","","","","","","","","","","","","","","","","","",""
"a0aak000004OseTAAS","0","LOR-00029","2025-01-27 20:25:05","005ak00000D313JAAR","2025-01-27 20:25:05","005ak00000D313JAAR","2025-01-27 20:25:05","a0Nak00000RGzrBEAT","0Hhak00000042knCAA","","","","","","","","","","","","","","","","","","","","","","","","",""
"a0aak000004P8GDAA0","0","LOR-00030","2025-01-28 06:00:10","005ak00000D313JAAR","2025-01-28 06:00:10","005ak00000D313JAAR","2025-01-28 06:00:10","a0Nak00000RI1J4EAL","0Hhak0000003yUHCAY","","","","","","","","","","","","","","","","","","","","","","","","",""
"a0aak000004P8T7AAK","0","LOR-00031","2025-01-28 06:00:48","005ak00000D313JAAR","2025-01-28 06:00:48","005ak00000D313JAAR","2025-01-28 06:00:48","a0Nak00000RI4OzEAL","0Hhak0000003yUICAY","","","","","","","","","","","","","","","","","","","","","","","","",""
"a0aak000004Po5lAAC","0","LOR-00032","2025-01-28 12:24:31","005ak00000D313JAAR","2025-01-28 12:24:31","005ak00000D313JAAR","2025-01-28 12:24:31","a0Nak00000RU5NhEAL","0Hhak00000042knCAA","","","","","","","","","","","","","","","","","","","","","","","","",""
"a0aak000004Po8zAAC","0","LOR-00033","2025-01-28 12:25:07","005ak00000D313JAAR","2025-01-28 12:25:07","005ak00000D313JAAR","2025-01-28 12:25:07","a0Nak00000RRx1jEAD","0Hhak00000042knCAA","","","","","","","","","","","","","","","","","","","","","","","","",""
"a0aak000004QzojAAC","0","LOR-00034","2025-01-29 05:00:12","005ak00000D313JAAR","2025-01-29 05:00:12","005ak00000D313JAAR","2025-01-29 05:00:12","a0Nak00000RrAJSEA3","0Hhak00000042knCAA","","","","","","","","","","","","","","","","","","","","","","","","",""
"a0aak000004S3ofAAC","0","LOR-00035","2025-01-30 05:00:07","005ak00000D313JAAR","2025-01-30 05:00:07","005ak00000D313JAAR","2025-01-30 05:00:07","a0Nak00000RuZd3EAF","0Hhak00000042knCAA","","","","","","","","","","","","","","","","","","","","","","","","",""
"a0aak000004SvKPAA0","0","LOR-00036","2025-01-31 05:00:14","005ak00000D313JAAR","2025-01-31 05:00:14","005ak00000D313JAAR","2025-01-31 05:00:14","a0Nak00000Rxjl9EAB","0Hhak00000042knCAA","","","","","","","","","","","","","","","","","","","","","","","","",""
"a0aak000004TzLxAAK","0","LOR-00037","2025-02-01 05:00:18","005ak00000D313JAAR","2025-02-01 05:00:18","005ak00000D313JAAR","2025-02-01 05:00:18","a0Nak00000S3lYXEAZ","0Hhak00000042knCAA","","","","","","","","","","","","","","","","","","","","","","","","",""
"a0aak000004W64oAAC","0","LOR-00038","2025-02-02 05:00:22","005ak00000D313JAAR","2025-02-02 05:00:22","005ak00000D313JAAR","2025-02-02 05:00:22","a0Nak00000SQQ1xEAH","0Hhak00000042knCAA","","","","","","","","","","","","","","","","","","","","","","","","",""
"a0aak000004ZE4DAAW","0","LOR-00039","2025-02-03 05:00:27","005ak00000D313JAAR","2025-02-03 05:00:27","005ak00000D313JAAR","2025-02-03 05:00:27","a0Nak00000Su4f7EAB","0Hhak00000042knCAA","","","","","","","","","","","","","","","","","","","","","","","","",""
"a0aak000004atBlAAI","0","LOR-00040","2025-02-04 05:00:36","005ak00000D313JAAR","2025-02-04 05:00:36","005ak00000D313JAAR","2025-02-04 05:00:36","a0Nak00000T6DjREAV","0Hhak00000042knCAA","","","","","","","","","","","","","","","","","","","","","","","","",""
