"Id","OwnerId","IsDeleted","Name","CreatedDate","CreatedById","LastModifiedDate","LastModifiedById","SystemModstamp","Description","TimeZone","OperatingHoursRowType"
"0OHak000000g0jZGAQ","005ak00000D314xAAB","0","Base Calendar","2025-01-17 14:10:44","005ak00000D314xAAB","2025-01-17 14:10:44","005ak00000D314xAAB","2025-01-17 14:10:44","","America/Los_Angeles",""
"0OHak000000g0jaGAA","005ak00000D314xAAB","0","Gold Appointments Calendar","2025-01-17 14:10:44","005ak00000D314xAAB","2025-01-17 14:10:44","005ak00000D314xAAB","2025-01-17 14:10:44","Two hour slots","America/Los_Angeles",""
"0OHak000000g0jbGAA","005ak00000D313JAAR","0","Pacific Coast 8 am to 4 pm","2025-01-17 14:10:44","005ak00000D313JAAR","2025-01-17 14:10:44","005ak00000D313JAAR","2025-01-17 14:10:44","Operating hours for California.","America/Los_Angeles",""
"0OHak000000jaYnGAI","005ak00000D313JAAR","0","Uni-Recycle Operating Hours","2025-01-27 12:14:38","005ak00000D313JAAR","2025-01-27 12:14:38","005ak00000D313JAAR","2025-01-27 12:14:38","","America/Montreal","Service"
