"Id","IsDeleted","AccountId","IsPrivate","Name","Description","StageName","StageSortOrder","Amount","Probability","ExpectedRevenue","TotalOpportunityQuantity","CloseDate","Type","NextStep","LeadSource","IsClosed","IsWon","ForecastCategory","ForecastCategoryName","CampaignId","HasOpportunityLineItem","Pricebook2Id","OwnerId","CreatedDate","CreatedById","LastModifiedDate","LastModifiedById","SystemModstamp","LastActivityDate","LastStageChangeDate","FiscalYear","FiscalQuarter","ContactId","PrimaryPartnerAccountId","ContractId","LastAmountChangedHistoryId","LastCloseDateChangedHistoryId","DeliveryInstallationStatus__c","TrackingNumber__c","OrderNumber__c","CurrentGenerators__c","MainCompetitors__c"
"006ak000008YjCbAAK","0","001ak00000rH6XBAA0","0","Dickenson Mobile Generators","","Qualification","2","15000","10","1500","","2021-01-23 00:00:00","New Customer","","Purchased List","0","0","Pipeline","Pipeline","000000000000000AAA","","","005ak00000D313JAAR","2025-01-17 14:10:44","005ak00000D313JAAR","2025-01-17 14:10:44","005ak00000D313JAAR","2025-01-17 14:10:44","","","2015","1","000000000000000AAA","","","","","","","","","Honda"
"006ak000008YjCcAAK","0","001ak00000rH6XDAA0","0","United Oil Office Portable Generators","","Negotiation/Review","8","125000","90","112500","","2021-01-11 00:00:00","Existing Customer - Upgrade","","","0","0","Pipeline","Pipeline","000000000000000AAA","","","005ak00000D313JAAR","2025-01-17 14:10:44","005ak00000D313JAAR","2025-01-17 14:10:44","005ak00000D313JAAR","2025-01-17 14:10:44","","","2015","1","000000000000000AAA","","","","","","","","Yamaha","Yamaha"
"006ak000008YjCdAAK","0","001ak00000rH6XEAA0","0","Express Logistics Standby Generator","","Closed Won","9","220000","100","220000","","2020-12-07 00:00:00","New Customer","","Trade Show","1","1","Closed","Closed","000000000000000AAA","","","005ak00000D313JAAR","2025-01-17 14:10:44","005ak00000D313JAAR","2025-01-17 14:10:44","005ak00000D313JAAR","2025-01-17 14:10:44","","","2015","1","000000000000000AAA","","","","","","830150301420","653276","Hawkpower","Fujitsu"
"006ak000008YjCeAAK","0","001ak00000rH6XIAA0","0","GenePoint Standby Generator","","Closed Won","9","85000","100","85000","","2021-01-14 00:00:00","New Customer","","Partner","1","1","Closed","Closed","000000000000000AAA","","","005ak00000D313JAAR","2025-01-17 14:10:44","005ak00000D313JAAR","2025-01-17 14:10:44","005ak00000D313JAAR","2025-01-17 14:10:44","","","2015","1","000000000000000AAA","","","","","Completed","830150301420","908676","Honda","Honda"
"006ak000008YjCfAAK","0","001ak00000rH6XCAA0","0","Grand Hotels Kitchen Generator","","Id. Decision Makers","5","15000","60","9000","","2020-12-02 00:00:00","Existing Customer - Upgrade","","","0","0","Pipeline","Pipeline","000000000000000AAA","","","005ak00000D313JAAR","2025-01-17 14:10:44","005ak00000D313JAAR","2025-01-17 14:10:44","005ak00000D313JAAR","2025-01-17 14:10:44","","","2015","1","000000000000000AAA","","","","","Yet to begin","","","John Deere","Fujitsu, Hawkpower"
"006ak000008YjCgAAK","0","001ak00000rH6XDAA0","0","United Oil Refinery Generators","","Proposal/Price Quote","7","270000","75","202500","","2021-02-25 00:00:00","Existing Customer - Upgrade","","","0","0","Pipeline","Pipeline","000000000000000AAA","","","005ak00000D313JAAR","2025-01-17 14:10:44","005ak00000D313JAAR","2025-01-17 14:10:44","005ak00000D313JAAR","2025-01-17 14:10:44","","","2015","2","000000000000000AAA","","","","","Yet to begin","","","Caterpillar","John Deere"
"006ak000008YjChAAK","0","001ak00000rH6XDAA0","0","United Oil SLA","","Closed Won","9","120000","100","120000","","2021-03-04 00:00:00","Existing Customer - Upgrade","","Partner","1","1","Closed","Closed","000000000000000AAA","","","005ak00000D313JAAR","2025-01-17 14:10:44","005ak00000D313JAAR","2025-01-17 14:10:44","005ak00000D313JAAR","2025-01-17 14:10:44","","","2015","2","000000000000000AAA","","","","","In progress","","926363","",""
"006ak000008YjCiAAK","0","001ak00000rH6XCAA0","0","Grand Hotels Guest Portable Generators","","Value Proposition","4","250000","50","125000","","2021-03-12 00:00:00","Existing Customer - Upgrade","","Employee Referral","0","0","Pipeline","Pipeline","000000000000000AAA","","","005ak00000D313JAAR","2025-01-17 14:10:44","005ak00000D313JAAR","2025-01-17 14:10:44","005ak00000D313JAAR","2025-01-17 14:10:44","","","2015","2","000000000000000AAA","","","","","Yet to begin","","","Honda","Honda"
"006ak000008YjCjAAK","0","001ak00000rH6X8AAK","0","Edge Emergency Generator","","Closed Won","9","75000","100","75000","","2021-03-12 00:00:00","New Customer","","Word of mouth","1","1","Closed","Closed","000000000000000AAA","","","005ak00000D313JAAR","2025-01-17 14:10:44","005ak00000D313JAAR","2025-01-17 14:10:44","005ak00000D313JAAR","2025-01-17 14:10:44","","","2015","2","000000000000000AAA","","","","","Completed","830150301420","731645","John Deere","John Deere"
"006ak000008YjCkAAK","0","001ak00000rH6XFAA0","0","University of AZ Portable Generators","","Closed Won","9","50000","100","50000","","2020-12-11 00:00:00","New Customer","","Public Relations","1","1","Closed","Closed","000000000000000AAA","","","005ak00000D313JAAR","2025-01-17 14:10:44","005ak00000D313JAAR","2025-01-17 14:10:44","005ak00000D313JAAR","2025-01-17 14:10:44","","","2015","1","000000000000000AAA","","","","","Completed","830150301360","768934","Mitsubishi","Honda, Mitsubishi"
"006ak000008YjClAAK","0","001ak00000rH6XAAA0","0","Pyramid Emergency Generators","","Prospecting","1","100000","10","10000","","2021-01-19 00:00:00","","","Phone Inquiry","0","0","Pipeline","Pipeline","000000000000000AAA","","","005ak00000D313JAAR","2025-01-17 14:10:44","005ak00000D313JAAR","2025-01-17 14:10:44","005ak00000D313JAAR","2025-01-17 14:10:44","","","2015","1","000000000000000AAA","","","","","","","","",""
"006ak000008YjCmAAK","0","001ak00000rH6XEAA0","0","Express Logistics Portable Truck Generators","","Value Proposition","4","80000","50","40000","","2020-12-05 00:00:00","Existing Customer - Upgrade","","External Referral","0","0","Pipeline","Pipeline","000000000000000AAA","","","005ak00000D313JAAR","2025-01-17 14:10:44","005ak00000D313JAAR","2025-01-17 14:10:44","005ak00000D313JAAR","2025-01-17 14:10:44","","","2015","1","000000000000000AAA","","","","","Yet to begin","","","Fujitsu","Honda"
"006ak000008YjCnAAK","0","001ak00000rH6XIAA0","0","GenePoint Lab Generators","","Id. Decision Makers","5","60000","60","36000","","2021-03-06 00:00:00","","","","0","0","Pipeline","Pipeline","000000000000000AAA","","","005ak00000D313JAAR","2025-01-17 14:10:44","005ak00000D313JAAR","2025-01-17 14:10:44","005ak00000D313JAAR","2025-01-17 14:10:44","","","2015","2","000000000000000AAA","","","","","Yet to begin","","","Hawkpower, Fujitsu","Hawkpower"
"006ak000008YjCoAAK","0","001ak00000rH6XIAA0","0","GenePoint SLA","","Closed Won","9","30000","100","30000","","2021-03-09 00:00:00","Existing Customer - Upgrade","","Partner","1","1","Closed","Closed","000000000000000AAA","","","005ak00000D313JAAR","2025-01-17 14:10:44","005ak00000D313JAAR","2025-01-17 14:10:44","005ak00000D313JAAR","2025-01-17 14:10:44","","","2015","2","000000000000000AAA","","","","","In progress","","546512","",""
"006ak000008YjCpAAK","0","001ak00000rH6XDAA0","0","United Oil Installations","","Negotiation/Review","8","270000","90","243000","","2021-01-07 00:00:00","Existing Customer - Upgrade","","","0","0","Pipeline","Pipeline","000000000000000AAA","","","005ak00000D313JAAR","2025-01-17 14:10:44","005ak00000D313JAAR","2025-01-17 14:10:44","005ak00000D313JAAR","2025-01-17 14:10:44","","","2015","1","000000000000000AAA","","","","","Yet to begin","","","",""
"006ak000008YjCqAAK","0","001ak00000rH6X8AAK","0","Edge Installation","","Closed Won","9","50000","100","50000","","2021-01-01 00:00:00","Existing Customer - Upgrade","","Word of mouth","1","1","Closed","Closed","000000000000000AAA","","","005ak00000D313JAAR","2025-01-17 14:10:44","005ak00000D313JAAR","2025-01-17 14:10:44","005ak00000D313JAAR","2025-01-17 14:10:44","","","2015","1","000000000000000AAA","","","","","Completed","","835178","",""
"006ak000008YjCrAAK","0","001ak00000rH6X8AAK","0","Edge SLA","","Closed Won","9","60000","100","60000","","2020-11-27 00:00:00","Existing Customer - Upgrade","","Word of mouth","1","1","Closed","Closed","000000000000000AAA","","","005ak00000D313JAAR","2025-01-17 14:10:44","005ak00000D313JAAR","2025-01-17 14:10:44","005ak00000D313JAAR","2025-01-17 14:10:44","","","2015","1","000000000000000AAA","","","","","","","847564","",""
"006ak000008YjCsAAK","0","001ak00000rH6XDAA0","0","United Oil Installations","","Closed Won","9","270000","100","270000","","2021-01-06 00:00:00","Existing Customer - Upgrade","","Partner","1","1","Closed","Closed","000000000000000AAA","","","005ak00000D313JAAR","2025-01-17 14:10:44","005ak00000D313JAAR","2025-01-17 14:10:44","005ak00000D313JAAR","2025-01-17 14:10:44","","","2015","1","000000000000000AAA","","","","","In progress","","427609","",""
"006ak000008YjCtAAK","0","001ak00000rH6XCAA0","0","Grand Hotels Generator Installations","","Closed Won","9","350000","100","350000","","2021-02-23 00:00:00","Existing Customer - Upgrade","","External Referral","1","1","Closed","Closed","000000000000000AAA","","","005ak00000D313JAAR","2025-01-17 14:10:44","005ak00000D313JAAR","2025-01-17 14:10:44","005ak00000D313JAAR","2025-01-17 14:10:44","","","2015","2","000000000000000AAA","","","","","Completed","","763546","",""
"006ak000008YjCuAAK","0","001ak00000rH6XDAA0","0","United Oil Refinery Generators","","Closed Won","9","915000","100","915000","","2021-02-18 00:00:00","New Customer","","Partner","1","1","Closed","Closed","000000000000000AAA","","","005ak00000D313JAAR","2025-01-17 14:10:44","005ak00000D313JAAR","2025-01-17 14:10:44","005ak00000D313JAAR","2025-01-17 14:10:44","","","2015","2","000000000000000AAA","","","","","Completed","830150301360","744343","John Deere","John Deere, Mitsubishi, Hawkpower"
"006ak000008YjCvAAK","0","001ak00000rH6XFAA0","0","University of AZ Installations","","Proposal/Price Quote","7","100000","75","75000","","2020-12-08 00:00:00","Existing Customer - Upgrade","","Employee Referral","0","0","Pipeline","Pipeline","000000000000000AAA","","","005ak00000D313JAAR","2025-01-17 14:10:44","005ak00000D313JAAR","2025-01-17 14:10:44","005ak00000D313JAAR","2025-01-17 14:10:44","","","2015","1","000000000000000AAA","","","","","Yet to begin","","","",""
"006ak000008YjCwAAK","0","001ak00000rH6XEAA0","0","Express Logistics SLA","","Perception Analysis","6","120000","70","84000","","2020-12-06 00:00:00","Existing Customer - Upgrade","","External Referral","0","0","Pipeline","Pipeline","000000000000000AAA","","","005ak00000D313JAAR","2025-01-17 14:10:44","005ak00000D313JAAR","2025-01-17 14:10:44","005ak00000D313JAAR","2025-01-17 14:10:44","","","2015","1","000000000000000AAA","","","","","In progress","","","",""
"006ak000008YjCxAAK","0","001ak00000rH6XFAA0","0","University of AZ SLA","","Closed Won","9","90000","100","90000","","2020-12-15 00:00:00","Existing Customer - Upgrade","","Public Relations","1","1","Closed","Closed","000000000000000AAA","","","005ak00000D313JAAR","2025-01-17 14:10:44","005ak00000D313JAAR","2025-01-17 14:10:44","005ak00000D313JAAR","2025-01-17 14:10:44","","","2015","1","000000000000000AAA","","","","","In progress","","654985","",""
"006ak000008YjCyAAK","0","001ak00000rH6X9AAK","0","Burlington Textiles Weaving Plant Generator","","Closed Won","9","235000","100","235000","","2021-01-16 00:00:00","New Customer","","Web","1","1","Closed","Closed","000000000000000AAA","","","005ak00000D313JAAR","2025-01-17 14:10:44","005ak00000D313JAAR","2025-01-17 14:10:44","005ak00000D313JAAR","2025-01-17 14:10:44","","","2015","1","000000000000000AAA","","","","","Yet to begin","830150301360","645612","John Deere","John Deere"
"006ak000008YjCzAAK","0","001ak00000rH6XDAA0","0","United Oil Installations","","Closed Won","9","235000","100","235000","","2021-01-18 00:00:00","Existing Customer - Upgrade","","External Referral","1","1","Closed","Closed","000000000000000AAA","","","005ak00000D313JAAR","2025-01-17 14:10:44","005ak00000D313JAAR","2025-01-17 14:10:44","005ak00000D313JAAR","2025-01-17 14:10:44","","","2015","1","000000000000000AAA","","","","","In progress","","554821","",""
"006ak000008YjD0AAK","0","001ak00000rH6XDAA0","0","United Oil Emergency Generators","","Closed Won","9","440000","100","440000","","2020-12-31 00:00:00","Existing Customer - Upgrade","","External Referral","1","1","Closed","Closed","000000000000000AAA","","","005ak00000D313JAAR","2025-01-17 14:10:44","005ak00000D313JAAR","2025-01-17 14:10:44","005ak00000D313JAAR","2025-01-17 14:10:44","","","2015","1","000000000000000AAA","","","","","Completed","830150301420","847324","Fujitsu","Honda, Mitsubishi"
"006ak000008YjD1AAK","0","001ak00000rH6XCAA0","0","Grand Hotels SLA","","Closed Won","9","90000","100","90000","","2020-12-04 00:00:00","Existing Customer - Upgrade","","External Referral","1","1","Closed","Closed","000000000000000AAA","","","005ak00000D313JAAR","2025-01-17 14:10:44","005ak00000D313JAAR","2025-01-17 14:10:44","005ak00000D313JAAR","2025-01-17 14:10:44","","","2015","1","000000000000000AAA","","","","","In progress","","254676","",""
"006ak000008YjD2AAK","0","001ak00000rH6XDAA0","0","United Oil Standby Generators","","Closed Won","9","120000","100","120000","","2021-03-05 00:00:00","Existing Customer - Upgrade","","External Referral","1","1","Closed","Closed","000000000000000AAA","","","005ak00000D313JAAR","2025-01-17 14:10:44","005ak00000D313JAAR","2025-01-17 14:10:44","005ak00000D313JAAR","2025-01-17 14:10:44","","","2015","2","000000000000000AAA","","","","","","830150301360","525476","John Deere","John Deere, Mitsubishi, Hawkpower"
"006ak000008YjD3AAK","0","001ak00000rH6XCAA0","0","Grand Hotels Emergency Generators","","Closed Won","9","210000","100","210000","","2021-02-21 00:00:00","New Customer","","External Referral","1","1","Closed","Closed","000000000000000AAA","","","005ak00000D313JAAR","2025-01-17 14:10:44","005ak00000D313JAAR","2025-01-17 14:10:44","005ak00000D313JAAR","2025-01-17 14:10:44","","","2015","2","000000000000000AAA","","","","","Completed","830150301360","387624","Fujitsu","Caterpillar"
"006ak000008YjD4AAK","0","001ak00000rH6XDAA0","0","United Oil Plant Standby Generators","","Needs Analysis","3","675000","20","135000","","2021-02-04 00:00:00","Existing Customer - Upgrade","","","0","0","Pipeline","Pipeline","000000000000000AAA","","","005ak00000D313JAAR","2025-01-17 14:10:44","005ak00000D313JAAR","2025-01-17 14:10:44","005ak00000D313JAAR","2025-01-17 14:10:44","","","2015","1","000000000000000AAA","","","","","","","","Caterpillar","Caterpillar, Mitsubishi, Hawkpower"
"006ak000008YjD5AAK","0","001ak00000rH6X8AAK","0","Edge Emergency Generator","","Id. Decision Makers","5","35000","60","21000","","2021-03-18 00:00:00","Existing Customer - Replacement","","","0","0","Pipeline","Pipeline","000000000000000AAA","","","005ak00000D313JAAR","2025-01-17 14:10:44","005ak00000D313JAAR","2025-01-17 14:10:44","005ak00000D313JAAR","2025-01-17 14:10:44","","","2015","2","000000000000000AAA","","","","","","","","","John Deere, Mitsubishi, Hawkpower"
