"Id","OwnerId","IsDeleted","Name","CreatedDate","CreatedById","LastModifiedDate","LastModifiedById","SystemModstamp","PromptVersionId","UserId","TimesDisplayed","TimesActionTaken","TimesDismissed","LastDisplayDate","LastResult","LastResultDate","StepNumber","StepCount","SnoozeUntil","TimesSnoozed"
"0buak00000AS469AAD","005ak00000D313JAAR","0","PromptAction","2025-01-18 18:18:06","005ak00000D313JAAR","2025-02-03 12:17:41","005ak00000D313JAAR","2025-02-03 12:17:41","0btak00000BtB1WAAV","005ak00000D313JAAR","3","","3","2025-02-03 12:17:33","Dismiss","2025-02-03 12:17:41","","","",""
"0buak00000ATUHtAAP","005ak00000D313JAAR","0","PromptAction","2025-01-20 12:01:37","005ak00000D313JAAR","2025-01-30 14:36:38","005ak00000D313JAAR","2025-01-30 14:36:38","0btak00000Bt9tyAAB","005ak00000D313JAAR","2","","2","2025-01-30 14:36:14","Dismiss","2025-01-30 14:36:38","1","2","",""
"0buak00000AZE7BAAX","005ak00000D313JAAR","0","PromptAction","2025-01-23 19:10:30","005ak00000D313JAAR","2025-01-23 19:11:50","005ak00000D313JAAR","2025-01-23 19:11:50","0btak00000BtB1VAAV","005ak00000D313JAAR","1","","1","2025-01-23 19:10:30","Dismiss","2025-01-23 19:11:50","","","",""
"0buak00000AgSN7AAN","005ak00000D313JAAR","0","PromptAction","2025-01-28 19:47:11","005ak00000D313JAAR","2025-01-28 19:47:13","005ak00000D313JAAR","2025-01-28 19:47:13","0btak00000BtB1wAAF","005ak00000D313JAAR","1","","1","2025-01-28 19:47:11","Dismiss","2025-01-28 19:47:13","","","",""
