"Id","IsDeleted","Name","CreatedDate","CreatedById","LastModifiedDate","LastModifiedById","SystemModstamp","Data"
"0QRak000000DqATGA0","0","__RTA_FIELD0","2025-01-17 14:10:44","005ak00000D313JAAR","2025-01-17 14:10:44","005ak00000D313JAAR","2025-01-17 14:10:44","Prepared for:"
"0QRak000000DqAUGA0","0","__RTA_FIELD1","2025-01-17 14:10:44","005ak00000D313JAAR","2025-01-17 14:10:44","005ak00000D313JAAR","2025-01-17 14:10:44","Prepared By:"
"0QRak000000DqAVGA0","0","__RTA_FIELD2","2025-01-17 14:10:44","005ak00000D313JAAR","2025-01-17 14:10:44","005ak00000D313JAAR","2025-01-17 14:10:44","The following parts and material were included above as part of this work order&#39;s line item detail. They are broken out in this section for quick reference."
"0QRak000000DqAWGA0","0","__RTA_FIELD0","2025-01-17 14:10:44","005ak00000D313JAAR","2025-01-17 14:10:44","005ak00000D313JAAR","2025-01-17 14:10:44","Prepared for:"
"0QRak000000DqAXGA0","0","__RTA_FIELD1","2025-01-17 14:10:44","005ak00000D313JAAR","2025-01-17 14:10:44","005ak00000D313JAAR","2025-01-17 14:10:44","Prepared By:"
"0QRak000000DqAYGA0","0","__RTA_FIELD2","2025-01-17 14:10:44","005ak00000D313JAAR","2025-01-17 14:10:44","005ak00000D313JAAR","2025-01-17 14:10:44","The following parts and material were included above as part of this work order&#39;s line item detail. They are broken out in this section for quick reference."
"0QRak000000DqAZGA0","0","__RTA_FIELD0","2025-01-17 14:10:44","005ak00000D313JAAR","2025-01-17 14:10:44","005ak00000D313JAAR","2025-01-17 14:10:44","<div>Prepared for:</div>"
"0QRak000000DqAaGAK","0","__RTA_FIELD1","2025-01-17 14:10:44","005ak00000D313JAAR","2025-01-17 14:10:44","005ak00000D313JAAR","2025-01-17 14:10:44","Prepared By:"
"0QRak000000DqAbGAK","0","__RTA_FIELD2","2025-01-17 14:10:44","005ak00000D313JAAR","2025-01-17 14:10:44","005ak00000D313JAAR","2025-01-17 14:10:44","The following parts and material were included above as part of this work order&#39;s line item detail. They are broken out in this section for quick reference."
"0QRak000000DqAcGAK","0","__RTA_FIELD0","2025-01-17 14:10:44","005ak00000D313JAAR","2025-01-17 14:10:44","005ak00000D313JAAR","2025-01-17 14:10:44","<div>Prepared for:</div>"
"0QRak000000DqAdGAK","0","__RTA_FIELD1","2025-01-17 14:10:44","005ak00000D313JAAR","2025-01-17 14:10:44","005ak00000D313JAAR","2025-01-17 14:10:44","Prepared By:"
"0QRak000000DqAeGAK","0","__RTA_FIELD2","2025-01-17 14:10:44","005ak00000D313JAAR","2025-01-17 14:10:44","005ak00000D313JAAR","2025-01-17 14:10:44","The following parts and material were included above as part of this work order&#39;s line item detail. They are broken out in this section for quick reference."
