"Id","Name","ModuleNamespace","Description","BusinessProcessId","SobjectType","IsActive","CreatedById","CreatedDate","LastModifiedById","LastModifiedDate","SystemModstamp","IsDeleted"
"012ak00000553iLAAQ","Break","","","","ResourceAbsence","1","005ak00000D313JAAR","2025-01-17 14:10:44","005ak00000D313JAAR","2025-01-17 14:10:44","2025-01-17 14:10:44","0"
"012ak00000553iMAAQ","Skill Level","","Prefer the least/most qualified candidate","","01Iak000003HhWf","1","005ak00000D313JAAR","2025-01-17 14:10:44","005ak00000D313JAAR","2025-01-17 14:10:44","2025-01-17 14:10:44","0"
"012ak00000553iNAAQ","Field Service - Working Territories","","Match service resource working territories","","01Iak000003HhWk","1","005ak00000D313JAAR","2025-01-17 14:10:44","005ak00000D313JAAR","2025-01-17 14:10:44","2025-01-17 14:10:44","0"
"012ak00000553iOAAQ","Field Service - Excluded Resources","","Ensures that the assigned resource for the service appointment is not one of the excluded resources","","01Iak000003HhWk","1","005ak00000D313JAAR","2025-01-17 14:10:44","005ak00000D313JAAR","2025-01-17 14:10:44","2025-01-17 14:10:44","0"
"012ak00000553iPAAQ","ASAP","","Schedule as soon as possible","","01Iak000003HhWf","1","005ak00000D313JAAR","2025-01-17 14:10:44","005ak00000D313JAAR","2025-01-17 14:10:44","2025-01-17 14:10:44","0"
"012ak00000553iQAAQ","Non Availability","","","","ResourceAbsence","1","005ak00000D313JAAR","2025-01-17 14:10:44","005ak00000D313JAAR","2025-01-17 14:10:44","2025-01-17 14:10:44","0"
"012ak00000553iRAAQ","Preferred Resource","","Prioritize scheduling according to preferred resource","","01Iak000003HhWf","1","005ak00000D313JAAR","2025-01-17 14:10:44","005ak00000D313JAAR","2025-01-17 14:10:44","2025-01-17 14:10:44","0"
"012ak00000553iSAAQ","Minimize Travel","","Minimize travel time","","01Iak000003HhWf","1","005ak00000D313JAAR","2025-01-17 14:10:44","005ak00000D313JAAR","2025-01-17 14:10:44","2025-01-17 14:10:44","0"
"012ak00000553iTAAQ","Minimize Overtime","","Minimize the use of overtime","","01Iak000003HhWf","1","005ak00000D313JAAR","2025-01-17 14:10:44","005ak00000D313JAAR","2025-01-17 14:10:44","2025-01-17 14:10:44","0"
"012ak00000553iUAAQ","Resource Priority","","Prefer a resource based on a field value on the resource","","01Iak000003HhWf","1","005ak00000D313JAAR","2025-01-17 14:10:44","005ak00000D313JAAR","2025-01-17 14:10:44","2025-01-17 14:10:44","0"
"012ak00000553iVAAQ","Field Service - TimeSlot Designated Work","","Ensures that the service appointment is permitted to be scheduled on the time slots it is spread upon.","","01Iak000003HhWk","1","005ak00000D313JAAR","2025-01-17 14:10:44","005ak00000D313JAAR","2025-01-17 14:10:44","2025-01-17 14:10:44","0"
"012ak00000553iWAAQ","Field Service - Service Appointment Visiting Hours","","Ensures that the service appointment is scheduled within the customer defined visiting hours.","","01Iak000003HhWk","1","005ak00000D313JAAR","2025-01-17 14:10:44","005ak00000D313JAAR","2025-01-17 14:10:44","2025-01-17 14:10:44","0"
"012ak00000553iXAAQ","Field Service - Match Time Rule","","Limits the scheduling time window according to service appointment datetime properties","","01Iak000003HhWk","1","005ak00000D313JAAR","2025-01-17 14:10:44","005ak00000D313JAAR","2025-01-17 14:10:44","2025-01-17 14:10:44","0"
"012ak00000553iYAAQ","Field Service - Match Boolean","","Validates boolean property is set to true or false","","01Iak000003HhWk","1","005ak00000D313JAAR","2025-01-17 14:10:44","005ak00000D313JAAR","2025-01-17 14:10:44","2025-01-17 14:10:44","0"
"012ak00000553iZAAQ","Field Service - Service Resource Availability","","Ensures that the service resource is available for a service appointment","","01Iak000003HhWk","1","005ak00000D313JAAR","2025-01-17 14:10:44","005ak00000D313JAAR","2025-01-17 14:10:44","2025-01-17 14:10:44","0"
"012ak00000553iaAAA","Field Service - Match Fields","","Matches a property between a service appointment object and a service resource object","","01Iak000003HhWk","1","005ak00000D313JAAR","2025-01-17 14:10:44","005ak00000D313JAAR","2025-01-17 14:10:44","2025-01-17 14:10:44","0"
"012ak00000553ibAAA","Field Service - Service Crew Resources Availability","","Match crew size to  service parent minimum crew size","","01Iak000003HhWk","1","005ak00000D313JAAR","2025-01-17 14:10:44","005ak00000D313JAAR","2025-01-17 14:10:44","2025-01-17 14:10:44","0"
"012ak00000553icAAA","Field Service - Match Skills","","Matches the required skills for a service appointment with the service resource's skills","","01Iak000003HhWk","1","005ak00000D313JAAR","2025-01-17 14:10:44","005ak00000D313JAAR","2025-01-17 14:10:44","2025-01-17 14:10:44","0"
"012ak00000553idAAA","Field Service - Extended Match","","Matches a property between a service appointment object to a property cointained in a list in service resource object","","01Iak000003HhWk","1","005ak00000D314xAAB","2025-01-17 14:10:44","005ak00000D313JAAR","2025-01-17 14:10:44","2025-01-17 14:10:44","0"
"012ak00000553ieAAA","Field Service - Match Territory","","Matches the territory between a service appointment object and a service resource object with Relocation support","","01Iak000003HhWk","1","005ak00000D313JAAR","2025-01-17 14:10:44","005ak00000D313JAAR","2025-01-17 14:10:44","2025-01-17 14:10:44","0"
"012ak00000553ifAAA","Field Service - Required Resources","","Ensures that the assigned resource for the service appointment is one of the required resources","","01Iak000003HhWk","1","005ak00000D313JAAR","2025-01-17 14:10:44","005ak00000D313JAAR","2025-01-17 14:10:44","2025-01-17 14:10:44","0"
"012ak00000553igAAA","Field Service - Maximum Travel From Home","","Limits service resources travel distance\time from home","","01Iak000003HhWk","1","005ak00000D313JAAR","2025-01-17 14:10:44","005ak00000D313JAAR","2025-01-17 14:10:44","2025-01-17 14:10:44","0"
"012ak00000553ihAAA","Custom Objective","","Custom Objective","","01Iak000003HhWf","1","005ak00000D313JAAR","2025-01-17 14:10:44","005ak00000D313JAAR","2025-01-17 14:10:44","2025-01-17 14:10:44","0"
"012ak00000553iiAAA","Field Service - Count Rule","","Limits service resources based on a number of items such as service appointments, appointment durations, or custom field values","","01Iak000003HhWk","1","005ak00000D313JAAR","2025-01-17 14:10:44","005ak00000D313JAAR","2025-01-17 14:10:44","2025-01-17 14:10:44","0"
"012ak00000553ijAAA","Internal Zone: Question Record Type","","Record type used to associate Question with a specific zone","","Question","1","005ak00000D314wAAB","2025-01-17 14:10:44","005ak00000D314wAAB","2025-01-17 14:10:44","2025-01-17 14:10:44","0"
"012ak00000553ikAAA","Internal Zone: Reply Record Type","","Record type used to associate Reply with a specific zone","","Reply","1","005ak00000D314wAAB","2025-01-17 14:10:44","005ak00000D314wAAB","2025-01-17 14:10:44","2025-01-17 14:10:44","0"
"012ak00000553ilAAA","Progress","","Measure achievement based on how much is finished compared to a targeted value. Ideal for tracking hard numbers and percentages. For example: Convert 50 Leads or Achieve 100% Customer Satisfaction.","","Metric","1","005ak00000D313JAAR","2025-01-17 14:10:44","005ak00000D313JAAR","2025-01-17 14:10:44","2025-01-17 14:10:44","0"
"012ak00000553imAAA","Completion","","Measure achievement based on whether or not the metric is finished. Ideal for tracking milestones, or when you don't have metrics based on hard numbers. For example: Become Salesforce Certified.","","Metric","1","005ak00000D313JAAR","2025-01-17 14:10:44","005ak00000D313JAAR","2025-01-17 14:10:44","2025-01-17 14:10:44","0"
"012ak00000553inAAA","Internal Ideas: Idea Record Type","","Record Type used to associate ideas with a specific community","","Idea","1","005ak00000D313JAAR","2025-01-17 14:10:44","005ak00000D313JAAR","2025-01-17 14:10:44","2025-01-17 14:10:44","0"
