"Id","OwnerId","IsDeleted","Name","CreatedDate","CreatedById","LastModifiedDate","LastModifiedById","SystemModstamp","RelatedRecordId","ResourceType","Description","IsActive","IsCapacityBased","IsOptimizationCapable","LastKnownLatitude","LastKnownLongitude","LastKnownLocationDate","LocationId","ServiceCrewId","AccountId","SchedulingConstraintId","FSL__Efficiency__c","FSL__GanttLabel__c","FSL__Online_Offset__c","FSL__Picture_Link__c","FSL__Priority__c","FSL__Travel_Speed__c"
"0Hnak0000006qaDCAQ","005ak00000D313JAAR","0","James Clifton","2025-01-17 14:10:44","005ak00000D313JAAR","2025-01-27 18:13:36","005ak00000D313JAAR","2025-01-27 18:13:36","005ak00000D3159AAB","T","","1","0","1","","","","","","","","","","","","",""
"0Hnak0000006qaECAQ","005ak00000D313JAAR","0","Jacinta Silva","2025-01-17 14:10:44","005ak00000D313JAAR","2025-01-27 16:24:37","005ak00000D313JAAR","2025-01-27 16:24:37","005ak00000D3152AAB","T","Field tech for San Francisco area.","0","0","0","","","","","","","","","","","","",""
"0Hnak0000006qaFCAQ","005ak00000D313JAAR","0","Alan Reed","2025-01-17 14:10:44","005ak00000D313JAAR","2025-01-27 16:24:37","005ak00000D313JAAR","2025-01-27 16:24:37","005ak00000D3153AAB","T","","0","0","0","","","","","","","","","","","","",""
"0Hnak0000006qaGCAQ","005ak00000D313JAAR","0","Lamar Smith","2025-01-17 14:10:44","005ak00000D313JAAR","2025-01-27 16:24:37","005ak00000D313JAAR","2025-01-27 16:24:37","005ak00000D3154AAB","T","","0","0","0","","","","","","","","","","","","",""
"0Hnak0000006qaHCAQ","005ak00000D313JAAR","0","Louise Martin","2025-01-17 14:10:44","005ak00000D313JAAR","2025-01-27 16:24:37","005ak00000D313JAAR","2025-01-27 16:24:37","005ak00000D3155AAB","T","","0","0","0","","","","","","","","","","","","",""
"0Hnak0000006qaICAQ","005ak00000D313JAAR","0","Martino Castanon","2025-01-17 14:10:44","005ak00000D313JAAR","2025-01-27 16:24:37","005ak00000D313JAAR","2025-01-27 16:24:37","005ak00000D3156AAB","T","","0","0","0","","","","","","","","","","","","",""
"0Hnak0000006xVFCAY","005ak00000D313JAAR","0","�mile Le Sage","2025-01-27 13:08:54","005ak00000D313JAAR","2025-01-27 15:46:37","005ak00000D313JAAR","2025-01-27 15:46:37","005ak00000D313JAAR","T","","1","0","1","","","","","","","","","","","","",""
