"Id","IsDeleted","MemberNumber","CreatedDate","CreatedById","LastModifiedDate","LastModifiedById","SystemModstamp","ServiceTerritoryId","ServiceResourceId","TerritoryType","EffectiveStartDate","EffectiveEndDate","Street","City","State","PostalCode","Country","Latitude","Longitude","GeocodeAccuracy","OperatingHoursId","TravelModeId","FSL__Internal_SLR_HomeAddress_Geolocation__Latitude__s","FSL__Internal_SLR_HomeAddress_Geolocation__Longitude__s"
"0Huak00000032riCAA","0","STM-0006","2025-01-17 14:10:44","005ak00000D313JAAR","2025-01-17 14:10:44","005ak00000D313JAAR","2025-01-17 14:10:44","0Hhak0000003yUHCAY","0Hnak0000006qaECAQ","P","2019-11-12 11:00:00","","","","","","","","","","","","",""
"0Huak00000032rjCAA","0","STM-0005","2025-01-17 14:10:44","005ak00000D313JAAR","2025-01-17 14:10:44","005ak00000D313JAAR","2025-01-17 14:10:44","0Hhak0000003yUICAY","0Hnak0000006qaFCAQ","P","2019-11-12 08:00:00","","","","","","","","","","","","",""
"0Huak00000032rkCAA","0","STM-0007","2025-01-17 14:10:44","005ak00000D313JAAR","2025-01-17 14:10:44","005ak00000D313JAAR","2025-01-17 14:10:44","0Hhak0000003yUHCAY","0Hnak0000006qaHCAQ","P","2019-11-12 08:00:00","","","","","","","","","","","","",""
"0Huak00000032rlCAA","0","STM-0008","2025-01-17 14:10:44","005ak00000D313JAAR","2025-01-17 14:10:44","005ak00000D313JAAR","2025-01-17 14:10:44","0Hhak0000003yUHCAY","0Hnak0000006qaGCAQ","P","2019-11-12 08:00:00","","","","","","","","","","","","",""
"0Huak00000032rmCAA","0","STM-0009","2025-01-17 14:10:44","005ak00000D313JAAR","2025-01-17 14:10:44","005ak00000D313JAAR","2025-01-17 14:10:44","0Hhak0000003yUICAY","0Hnak0000006qaICAQ","P","2019-11-12 08:00:00","","","","","","","","","","","","",""
"0Huak00000036DlCAI","0","STM-0014","2025-01-27 16:18:55","005ak00000D313JAAR","2025-01-27 16:18:55","005ak00000D313JAAR","2025-01-27 16:18:55","0Hhak00000042knCAA","0Hnak0000006xVFCAY","P","2025-01-26 17:00:00","","","","","","","","","","","","",""
"0Huak00000036FNCAY","0","STM-0015","2025-01-27 18:14:08","005ak00000D313JAAR","2025-01-27 18:14:08","005ak00000D313JAAR","2025-01-27 18:14:08","0Hhak00000042knCAA","0Hnak0000006qaDCAQ","P","2025-01-26 17:00:00","","","","","","","","","","","","",""
