"Id","IsDeleted","Name","CreatedDate","CreatedById","LastModifiedDate","LastModifiedById","SystemModstamp","MetricIdentifier","DetailIdentifier","Tenant","TenantName","MetricsType","Username","UserEmail","UserLicense","Context","ContextType","Action","ActionDate","ActionBy"
"1Vhak000000Z2F3CAK","0","UsersWithManageConnectedApp","2025-01-19 01:49:37","005ak00000D314wAAB","2025-01-19 01:49:37","005ak00000D314wAAB","2025-01-19 01:49:37","809bc32599d8447f8d9233311b4682c1","6c35e42ebe7f4450bc9d88ab64727b86","00Dak00000LLqsL","Uni Recycle","UsersWithManageConnectedApp","emile.lesage@uni-recycle.com","emile.lesage@uni-recycle.com","Standard","System Administrator","User Profile","Added","2025-01-19 01:49:37","-"
"1Vhak000000Z2F4CAK","0","UsersWithManageConnectedApp","2025-01-19 01:49:37","005ak00000D314wAAB","2025-01-19 01:49:37","005ak00000D314wAAB","2025-01-19 01:49:37","809bc32599d8447f8d9233311b4682c1","6566d2f9caf54b9b829ed00224b97bf9","00Dak00000LLqsL","Uni Recycle","UsersWithManageConnectedApp","sharon+louise.zpnxvx5vtjdy.yh9twblfal07.ly7vqezlat41@uni-recycle.com","noreply@example.com","Standard","Service Cloud User","User Profile","Added","2025-01-19 01:49:37","-"
"1Vhak000000Z2F5CAK","0","UsersWithManageConnectedApp","2025-01-19 01:49:37","005ak00000D314wAAB","2025-01-19 01:49:37","005ak00000D314wAAB","2025-01-19 01:49:37","809bc32599d8447f8d9233311b4682c1","e4a4f872d0644d78a9bdd4b82d118bfa","00Dak00000LLqsL","Uni Recycle","UsersWithManageConnectedApp","sadler+james.xl7w6cmbww5s.px7tvidbgiua.kmwrg9l96vi2.g7pbejdoumyv@uni-recycle.com","noreply@example.com","Standard","Service Cloud User","User Profile","Added","2025-01-19 01:49:37","-"
"1Vhak000000Z2F6CAK","0","UsersWithManageConnectedApp","2025-01-19 01:49:37","005ak00000D314wAAB","2025-01-19 01:49:37","005ak00000D314wAAB","2025-01-19 01:49:37","809bc32599d8447f8d9233311b4682c1","dd72151bec9f45eab5ecab00062bd671","00Dak00000LLqsL","Uni Recycle","UsersWithManageConnectedApp","sharon+martino.4ydrsn1gcqwz.xg91zvdbllxv.bemzvyaidfgz@uni-recycle.com","noreply@example.com","Standard","Service Cloud","User Profile","Added","2025-01-19 01:49:37","-"
"1Vhak000000Z2GfCAK","0","UsersWithMonitorLoginHistory","2025-01-19 01:49:37","005ak00000D314wAAB","2025-01-19 01:49:37","005ak00000D314wAAB","2025-01-19 01:49:37","a8bd62513d004dd7b98b51ce5876d562","225995bee86d4363a024c505d36ab4aa","00Dak00000LLqsL","Uni Recycle","UsersWithMonitorLoginHistory","emile.lesage@uni-recycle.com","emile.lesage@uni-recycle.com","Standard","System Administrator","User Profile","Added","2025-01-19 01:49:37","-"
"1Vhak000000Z2GgCAK","0","UsersWithMonitorLoginHistory","2025-01-19 01:49:37","005ak00000D314wAAB","2025-01-19 01:49:37","005ak00000D314wAAB","2025-01-19 01:49:37","a8bd62513d004dd7b98b51ce5876d562","b2c3becc0f834bcaa400d90af1948a6b","00Dak00000LLqsL","Uni Recycle","UsersWithMonitorLoginHistory","sharon+louise.zpnxvx5vtjdy.yh9twblfal07.ly7vqezlat41@uni-recycle.com","noreply@example.com","Standard","Service Cloud User","User Profile","Added","2025-01-19 01:49:37","-"
"1Vhak000000Z2GhCAK","0","UsersWithMonitorLoginHistory","2025-01-19 01:49:37","005ak00000D314wAAB","2025-01-19 01:49:37","005ak00000D314wAAB","2025-01-19 01:49:37","a8bd62513d004dd7b98b51ce5876d562","27f94c2a659249c08be886b31a6bfbcb","00Dak00000LLqsL","Uni Recycle","UsersWithMonitorLoginHistory","emile.lesage@uni-recycle.com","emile.lesage@uni-recycle.com","Standard","Field Service Admin Permissions","Permission Set","Added","2025-01-19 01:49:37","-"
"1Vhak000000Z2GiCAK","0","UsersWithMonitorLoginHistory","2025-01-19 01:49:37","005ak00000D314wAAB","2025-01-19 01:49:37","005ak00000D314wAAB","2025-01-19 01:49:37","a8bd62513d004dd7b98b51ce5876d562","9634f79acb3f4dec835ab19517bd32c8","00Dak00000LLqsL","Uni Recycle","UsersWithMonitorLoginHistory","sadler+james.xl7w6cmbww5s.px7tvidbgiua.kmwrg9l96vi2.g7pbejdoumyv@uni-recycle.com","noreply@example.com","Standard","Service Cloud User","User Profile","Added","2025-01-19 01:49:37","-"
"1Vhak000000Z2GjCAK","0","UsersWithMonitorLoginHistory","2025-01-19 01:49:37","005ak00000D314wAAB","2025-01-19 01:49:37","005ak00000D314wAAB","2025-01-19 01:49:37","a8bd62513d004dd7b98b51ce5876d562","4938aed918b348cfbc14adb59aaf8d07","00Dak00000LLqsL","Uni Recycle","UsersWithMonitorLoginHistory","sharon+martino.4ydrsn1gcqwz.xg91zvdbllxv.bemzvyaidfgz@uni-recycle.com","noreply@example.com","Standard","Service Cloud","User Profile","Added","2025-01-19 01:49:37","-"
"1Vhak000000Z2IHCA0","0","UsersWitModifyMetadata","2025-01-19 01:49:37","005ak00000D314wAAB","2025-01-19 01:49:37","005ak00000D314wAAB","2025-01-19 01:49:37","cd19cdd8648945359b95119a2f36a666","ea6b7dc1aa2b46f7a70dade8ca9db5e4","00Dak00000LLqsL","Uni Recycle","UsersWitModifyMetadata","emile.lesage@uni-recycle.com","emile.lesage@uni-recycle.com","Standard","System Administrator","User Profile","Added","2025-01-19 01:49:37","-"
"1Vhak000000Z2IICA0","0","UsersWitModifyMetadata","2025-01-19 01:49:37","005ak00000D314wAAB","2025-01-19 01:49:37","005ak00000D314wAAB","2025-01-19 01:49:37","cd19cdd8648945359b95119a2f36a666","c78ecf9f1bd04f91bb1c0119dfb60590","00Dak00000LLqsL","Uni Recycle","UsersWitModifyMetadata","sharon+louise.zpnxvx5vtjdy.yh9twblfal07.ly7vqezlat41@uni-recycle.com","noreply@example.com","Standard","Service Cloud User","User Profile","Added","2025-01-19 01:49:37","-"
"1Vhak000000Z2IJCA0","0","UsersWitModifyMetadata","2025-01-19 01:49:37","005ak00000D314wAAB","2025-01-19 01:49:37","005ak00000D314wAAB","2025-01-19 01:49:37","cd19cdd8648945359b95119a2f36a666","8fc923e4d2b243c2b526f7c31f4d33c7","00Dak00000LLqsL","Uni Recycle","UsersWitModifyMetadata","sadler+james.xl7w6cmbww5s.px7tvidbgiua.kmwrg9l96vi2.g7pbejdoumyv@uni-recycle.com","noreply@example.com","Standard","Service Cloud User","User Profile","Added","2025-01-19 01:49:37","-"
"1Vhak000000Z2IKCA0","0","UsersWitModifyMetadata","2025-01-19 01:49:37","005ak00000D314wAAB","2025-01-19 01:49:37","005ak00000D314wAAB","2025-01-19 01:49:37","cd19cdd8648945359b95119a2f36a666","37078a1cd04549e7b4289bbe701661ae","00Dak00000LLqsL","Uni Recycle","UsersWitModifyMetadata","sharon+martino.4ydrsn1gcqwz.xg91zvdbllxv.bemzvyaidfgz@uni-recycle.com","noreply@example.com","Standard","Service Cloud","User Profile","Added","2025-01-19 01:49:37","-"
"1Vhak000000Z2ILCA0","0","UsersWithQueryAllFiles","2025-01-19 01:49:38","005ak00000D314wAAB","2025-01-19 01:49:38","005ak00000D314wAAB","2025-01-19 01:49:38","d636769fa651465894b1141277183404","10a2051b09c74bdabe44c24328a46597","00Dak00000LLqsL","Uni Recycle","UsersWithQueryAllFiles","integration@00dak00000llqsleat.com","noreply@example.com","Standard","Analytics Cloud Integration User","User Profile","Added","2025-01-19 01:49:38","-"
"1Vhak000000Z2JtCAK","0","UsersWithWeeklyDataExport","2025-01-19 01:49:37","005ak00000D314wAAB","2025-01-19 01:49:37","005ak00000D314wAAB","2025-01-19 01:49:37","021be12fb50a4456ab4209d8b005c44e","decc59d7bf0a4833a982cb1744a27555","00Dak00000LLqsL","Uni Recycle","UsersWithWeeklyDataExport","emile.lesage@uni-recycle.com","emile.lesage@uni-recycle.com","Standard","System Administrator","User Profile","Added","2025-01-19 01:49:37","-"
"1Vhak000000Z2JuCAK","0","UsersWithWeeklyDataExport","2025-01-19 01:49:37","005ak00000D314wAAB","2025-01-19 01:49:37","005ak00000D314wAAB","2025-01-19 01:49:37","021be12fb50a4456ab4209d8b005c44e","90349eb2ec254bc29983853a253b9f42","00Dak00000LLqsL","Uni Recycle","UsersWithWeeklyDataExport","sharon+louise.zpnxvx5vtjdy.yh9twblfal07.ly7vqezlat41@uni-recycle.com","noreply@example.com","Standard","Service Cloud User","User Profile","Added","2025-01-19 01:49:37","-"
"1Vhak000000Z2JvCAK","0","UsersWithWeeklyDataExport","2025-01-19 01:49:37","005ak00000D314wAAB","2025-01-19 01:49:37","005ak00000D314wAAB","2025-01-19 01:49:37","021be12fb50a4456ab4209d8b005c44e","f1a111650b734025a4640189ed92fa48","00Dak00000LLqsL","Uni Recycle","UsersWithWeeklyDataExport","sadler+james.xl7w6cmbww5s.px7tvidbgiua.kmwrg9l96vi2.g7pbejdoumyv@uni-recycle.com","noreply@example.com","Standard","Service Cloud User","User Profile","Added","2025-01-19 01:49:37","-"
"1Vhak000000Z2JwCAK","0","UsersWithWeeklyDataExport","2025-01-19 01:49:37","005ak00000D314wAAB","2025-01-19 01:49:37","005ak00000D314wAAB","2025-01-19 01:49:37","021be12fb50a4456ab4209d8b005c44e","368b387d8e504df895bc861ad20d2105","00Dak00000LLqsL","Uni Recycle","UsersWithWeeklyDataExport","sharon+martino.4ydrsn1gcqwz.xg91zvdbllxv.bemzvyaidfgz@uni-recycle.com","noreply@example.com","Standard","Service Cloud","User Profile","Added","2025-01-19 01:49:37","-"
"1Vhak000000Z2LVCA0","0","UsersWithManageLoginAccessPolicy","2025-01-19 01:49:37","005ak00000D314wAAB","2025-01-19 01:49:37","005ak00000D314wAAB","2025-01-19 01:49:37","7dfaacbc01e2416f8f7b6cd35c1be95b","2c21730b1b574325935c33134640e9c1","00Dak00000LLqsL","Uni Recycle","UsersWithManageLoginAccessPolicy","emile.lesage@uni-recycle.com","emile.lesage@uni-recycle.com","Standard","System Administrator","User Profile","Added","2025-01-19 01:49:37","-"
"1Vhak000000Z2LWCA0","0","UsersWithManageLoginAccessPolicy","2025-01-19 01:49:37","005ak00000D314wAAB","2025-01-19 01:49:37","005ak00000D314wAAB","2025-01-19 01:49:37","7dfaacbc01e2416f8f7b6cd35c1be95b","cbc472fb8b444b6f9bcb048b812acf65","00Dak00000LLqsL","Uni Recycle","UsersWithManageLoginAccessPolicy","sharon+louise.zpnxvx5vtjdy.yh9twblfal07.ly7vqezlat41@uni-recycle.com","noreply@example.com","Standard","Service Cloud User","User Profile","Added","2025-01-19 01:49:37","-"
"1Vhak000000Z2LXCA0","0","UsersWithManageLoginAccessPolicy","2025-01-19 01:49:37","005ak00000D314wAAB","2025-01-19 01:49:37","005ak00000D314wAAB","2025-01-19 01:49:37","7dfaacbc01e2416f8f7b6cd35c1be95b","51024cba1f154f9eba63fc6782015209","00Dak00000LLqsL","Uni Recycle","UsersWithManageLoginAccessPolicy","emile.lesage@uni-recycle.com","emile.lesage@uni-recycle.com","Standard","Field Service Admin Permissions","Permission Set","Added","2025-01-19 01:49:37","-"
"1Vhak000000Z2LYCA0","0","UsersWithManageLoginAccessPolicy","2025-01-19 01:49:37","005ak00000D314wAAB","2025-01-19 01:49:37","005ak00000D314wAAB","2025-01-19 01:49:37","7dfaacbc01e2416f8f7b6cd35c1be95b","528f349246b14f9d990becf9dae280c5","00Dak00000LLqsL","Uni Recycle","UsersWithManageLoginAccessPolicy","sadler+james.xl7w6cmbww5s.px7tvidbgiua.kmwrg9l96vi2.g7pbejdoumyv@uni-recycle.com","noreply@example.com","Standard","Service Cloud User","User Profile","Added","2025-01-19 01:49:37","-"
"1Vhak000000Z2LZCA0","0","UsersWithManageLoginAccessPolicy","2025-01-19 01:49:37","005ak00000D314wAAB","2025-01-19 01:49:37","005ak00000D314wAAB","2025-01-19 01:49:37","7dfaacbc01e2416f8f7b6cd35c1be95b","ad4a691b99b740478404d2d57f6bd058","00Dak00000LLqsL","Uni Recycle","UsersWithManageLoginAccessPolicy","sharon+martino.4ydrsn1gcqwz.xg91zvdbllxv.bemzvyaidfgz@uni-recycle.com","noreply@example.com","Standard","Service Cloud","User Profile","Added","2025-01-19 01:49:37","-"
"1Vhak000000Z2N7CAK","0","UsersWithSendEmail","2025-01-19 01:49:37","005ak00000D314wAAB","2025-01-19 01:49:37","005ak00000D314wAAB","2025-01-19 01:49:37","863ea7a9acb242d8ba741ef6ea81cb35","e36ed2b6b3b54bb5bee4cfce60e78139","00Dak00000LLqsL","Uni Recycle","UsersWithSendEmail","emile.lesage@uni-recycle.com","emile.lesage@uni-recycle.com","Standard","System Administrator","User Profile","Added","2025-01-19 01:49:37","-"
"1Vhak000000Z2N8CAK","0","UsersWithSendEmail","2025-01-19 01:49:37","005ak00000D314wAAB","2025-01-19 01:49:37","005ak00000D314wAAB","2025-01-19 01:49:37","863ea7a9acb242d8ba741ef6ea81cb35","558546dfb41f488fb9281519ace6f77c","00Dak00000LLqsL","Uni Recycle","UsersWithSendEmail","sharon+lamar.q6g0tom2vqgl.fqlqruwhqs9j.5mufnhbxtsa8.iexjr1yggdsw@uni-recycle.com","noreply@example.com","Standard","Standard Platform User","User Profile","Added","2025-01-19 01:49:37","-"
"1Vhak000000Z2N9CAK","0","UsersWithSendEmail","2025-01-19 01:49:37","005ak00000D314wAAB","2025-01-19 01:49:37","005ak00000D314wAAB","2025-01-19 01:49:37","863ea7a9acb242d8ba741ef6ea81cb35","77c928a162084b259e6d82ad583fda4c","00Dak00000LLqsL","Uni Recycle","UsersWithSendEmail","sharon+alan.jmueyz1jg9gi.rtws2o61ymmb.dpypltcdyean.6jziyfplfh51@uni-recycle.com","noreply@example.com","Standard","Standard Platform User","User Profile","Added","2025-01-19 01:49:37","-"
"1Vhak000000Z2NACA0","0","UsersWithSendEmail","2025-01-19 01:49:37","005ak00000D314wAAB","2025-01-19 01:49:37","005ak00000D314wAAB","2025-01-19 01:49:37","863ea7a9acb242d8ba741ef6ea81cb35","0dd8dc1655b54fd7938ad404a690da89","00Dak00000LLqsL","Uni Recycle","UsersWithSendEmail","jacinta+sharon.d8gvrbzi5x38.klzcrdor0kpm.tm1kr3skd6lp@uni-recycle.com","noreply@example.com","Standard","Standard Platform User","User Profile","Added","2025-01-19 01:49:37","-"
"1Vhak000000Z2NBCA0","0","UsersWithSendEmail","2025-01-19 01:49:37","005ak00000D314wAAB","2025-01-19 01:49:37","005ak00000D314wAAB","2025-01-19 01:49:37","863ea7a9acb242d8ba741ef6ea81cb35","a670425a7e5f4a14887491363b598616","00Dak00000LLqsL","Uni Recycle","UsersWithSendEmail","sharon+louise.zpnxvx5vtjdy.yh9twblfal07.ly7vqezlat41@uni-recycle.com","noreply@example.com","Standard","Service Cloud User","User Profile","Added","2025-01-19 01:49:37","-"
"1Vhak000000Z2NCCA0","0","UsersWithSendEmail","2025-01-19 01:49:37","005ak00000D314wAAB","2025-01-19 01:49:37","005ak00000D314wAAB","2025-01-19 01:49:37","863ea7a9acb242d8ba741ef6ea81cb35","46bbd6ba12f443fa94c03597e1e13fc7","00Dak00000LLqsL","Uni Recycle","UsersWithSendEmail","fs.00d5y000002tkj0uak.0ogovtmfpvek.aadacmx38nps@uni-recycle.com","emile.lesage@uni-recycle.com","Standard","Field Service Optimization","User Profile","Added","2025-01-19 01:49:37","-"
"1Vhak000000Z2NDCA0","0","UsersWithSendEmail","2025-01-19 01:49:37","005ak00000D314wAAB","2025-01-19 01:49:37","005ak00000D314wAAB","2025-01-19 01:49:37","863ea7a9acb242d8ba741ef6ea81cb35","65cc4ff5808f445fa3a1160d60bb3f0e","00Dak00000LLqsL","Uni Recycle","UsersWithSendEmail","sadler+james.xl7w6cmbww5s.px7tvidbgiua.kmwrg9l96vi2.g7pbejdoumyv@uni-recycle.com","noreply@example.com","Standard","Service Cloud User","User Profile","Added","2025-01-19 01:49:37","-"
"1Vhak000000Z2NECA0","0","UsersWithSendEmail","2025-01-19 01:49:37","005ak00000D314wAAB","2025-01-19 01:49:37","005ak00000D314wAAB","2025-01-19 01:49:37","863ea7a9acb242d8ba741ef6ea81cb35","4bab63344ee54f1db9b6ea22f5663b71","00Dak00000LLqsL","Uni Recycle","UsersWithSendEmail","sharon+martino.4ydrsn1gcqwz.xg91zvdbllxv.bemzvyaidfgz@uni-recycle.com","noreply@example.com","Standard","Service Cloud","User Profile","Added","2025-01-19 01:49:37","-"
"1Vhak000000Z2OjCAK","0","UsersWithViewEventMonitoringData","2025-01-19 01:49:37","005ak00000D314wAAB","2025-01-19 01:49:37","005ak00000D314wAAB","2025-01-19 01:49:37","ebf29cab72ea480e8f0d859acb4e27cb","5a1c32d348d441529e148a8911d90d24","00Dak00000LLqsL","Uni Recycle","UsersWithViewEventMonitoringData","emile.lesage@uni-recycle.com","emile.lesage@uni-recycle.com","Standard","System Administrator","User Profile","Added","2025-01-19 01:49:37","-"
"1Vhak000000Z2OkCAK","0","UsersWithViewEventMonitoringData","2025-01-19 01:49:37","005ak00000D314wAAB","2025-01-19 01:49:37","005ak00000D314wAAB","2025-01-19 01:49:37","ebf29cab72ea480e8f0d859acb4e27cb","4334c0155aaf41959d8b9e6a952a01dc","00Dak00000LLqsL","Uni Recycle","UsersWithViewEventMonitoringData","sharon+louise.zpnxvx5vtjdy.yh9twblfal07.ly7vqezlat41@uni-recycle.com","noreply@example.com","Standard","Service Cloud User","User Profile","Added","2025-01-19 01:49:37","-"
"1Vhak000000Z2OlCAK","0","UsersWithViewEventMonitoringData","2025-01-19 01:49:37","005ak00000D314wAAB","2025-01-19 01:49:37","005ak00000D314wAAB","2025-01-19 01:49:37","ebf29cab72ea480e8f0d859acb4e27cb","4a2c1e52e8154237acefabad0310dc82","00Dak00000LLqsL","Uni Recycle","UsersWithViewEventMonitoringData","integration@00dak00000llqsleat.com","noreply@example.com","Standard","Analytics Cloud Integration User","User Profile","Added","2025-01-19 01:49:37","-"
"1Vhak000000Z2OmCAK","0","UsersWithViewEventMonitoringData","2025-01-19 01:49:37","005ak00000D314wAAB","2025-01-19 01:49:37","005ak00000D314wAAB","2025-01-19 01:49:37","ebf29cab72ea480e8f0d859acb4e27cb","c735f399cd5b4108a967f242f38a1e59","00Dak00000LLqsL","Uni Recycle","UsersWithViewEventMonitoringData","sadler+james.xl7w6cmbww5s.px7tvidbgiua.kmwrg9l96vi2.g7pbejdoumyv@uni-recycle.com","noreply@example.com","Standard","Service Cloud User","User Profile","Added","2025-01-19 01:49:37","-"
"1Vhak000000Z2OnCAK","0","UsersWithViewEventMonitoringData","2025-01-19 01:49:37","005ak00000D314wAAB","2025-01-19 01:49:37","005ak00000D314wAAB","2025-01-19 01:49:37","ebf29cab72ea480e8f0d859acb4e27cb","940b4639c0c6470abf7a3e87cc4daa09","00Dak00000LLqsL","Uni Recycle","UsersWithViewEventMonitoringData","insightssecurity@00dak00000llqsleat.com","noreply@example.com","Standard","Analytics Cloud Security User","User Profile","Added","2025-01-19 01:49:37","-"
"1Vhak000000Z2OoCAK","0","UsersWithViewEventMonitoringData","2025-01-19 01:49:37","005ak00000D314wAAB","2025-01-19 01:49:37","005ak00000D314wAAB","2025-01-19 01:49:37","ebf29cab72ea480e8f0d859acb4e27cb","c310fbee2ca348709308ea33ac6f6feb","00Dak00000LLqsL","Uni Recycle","UsersWithViewEventMonitoringData","sharon+martino.4ydrsn1gcqwz.xg91zvdbllxv.bemzvyaidfgz@uni-recycle.com","noreply@example.com","Standard","Service Cloud","User Profile","Added","2025-01-19 01:49:37","-"
"1Vhak000000Z2QLCA0","0","UsersWithEditReadOnly","2025-01-19 01:49:37","005ak00000D314wAAB","2025-01-19 01:49:37","005ak00000D314wAAB","2025-01-19 01:49:37","c0652ebbca1e44b6bd02851ddd7a9bd5","a4f503b0c6bb4fa7ae80e8c93af3dce0","00Dak00000LLqsL","Uni Recycle","UsersWithEditReadOnly","emile.lesage@uni-recycle.com","emile.lesage@uni-recycle.com","Standard","System Administrator","User Profile","Added","2025-01-19 01:49:37","-"
"1Vhak000000Z2QMCA0","0","UsersWithEditReadOnly","2025-01-19 01:49:37","005ak00000D314wAAB","2025-01-19 01:49:37","005ak00000D314wAAB","2025-01-19 01:49:37","c0652ebbca1e44b6bd02851ddd7a9bd5","20a20f82a8d84d239cbff74e64fb6c99","00Dak00000LLqsL","Uni Recycle","UsersWithEditReadOnly","sharon+louise.zpnxvx5vtjdy.yh9twblfal07.ly7vqezlat41@uni-recycle.com","noreply@example.com","Standard","Service Cloud User","User Profile","Added","2025-01-19 01:49:37","-"
"1Vhak000000Z2QNCA0","0","UsersWithEditReadOnly","2025-01-19 01:49:37","005ak00000D314wAAB","2025-01-19 01:49:37","005ak00000D314wAAB","2025-01-19 01:49:37","c0652ebbca1e44b6bd02851ddd7a9bd5","736d04c20d2447ceae34d9ee9cc89aae","00Dak00000LLqsL","Uni Recycle","UsersWithEditReadOnly","sadler+james.xl7w6cmbww5s.px7tvidbgiua.kmwrg9l96vi2.g7pbejdoumyv@uni-recycle.com","noreply@example.com","Standard","Service Cloud User","User Profile","Added","2025-01-19 01:49:37","-"
"1Vhak000000Z2QOCA0","0","UsersWithEditReadOnly","2025-01-19 01:49:37","005ak00000D314wAAB","2025-01-19 01:49:37","005ak00000D314wAAB","2025-01-19 01:49:37","c0652ebbca1e44b6bd02851ddd7a9bd5","17ac5ad1c4874dc791bb52aef21058e9","00Dak00000LLqsL","Uni Recycle","UsersWithEditReadOnly","sharon+martino.4ydrsn1gcqwz.xg91zvdbllxv.bemzvyaidfgz@uni-recycle.com","noreply@example.com","Standard","Service Cloud","User Profile","Added","2025-01-19 01:49:37","-"
"1Vhak000000Z2RxCAK","0","UsersWithModifyDataClassification","2025-01-19 01:49:37","005ak00000D314wAAB","2025-01-19 01:49:37","005ak00000D314wAAB","2025-01-19 01:49:37","e0677d037946414bad91af1abd84c4a2","75900f149d3a4cdeaecc8f55484d9dff","00Dak00000LLqsL","Uni Recycle","UsersWithModifyDataClassification","emile.lesage@uni-recycle.com","emile.lesage@uni-recycle.com","Standard","System Administrator","User Profile","Added","2025-01-19 01:49:37","-"
"1Vhak000000Z2TZCA0","0","UsersWithVAD","2025-01-19 01:49:37","005ak00000D314wAAB","2025-01-19 01:49:37","005ak00000D314wAAB","2025-01-19 01:49:37","3685ef5f98d64034ab0fddeb76f14ecf","4d50b1994cc34627bc015800b3159be3","00Dak00000LLqsL","Uni Recycle","UsersWithVAD","emile.lesage@uni-recycle.com","emile.lesage@uni-recycle.com","Standard","System Administrator","User Profile","Added","2025-01-19 01:49:37","-"
"1Vhak000000Z2TaCAK","0","UsersWithVAD","2025-01-19 01:49:37","005ak00000D314wAAB","2025-01-19 01:49:37","005ak00000D314wAAB","2025-01-19 01:49:37","3685ef5f98d64034ab0fddeb76f14ecf","960ab3622a91486c883134dfad17e26b","00Dak00000LLqsL","Uni Recycle","UsersWithVAD","sharon+louise.zpnxvx5vtjdy.yh9twblfal07.ly7vqezlat41@uni-recycle.com","noreply@example.com","Standard","Service Cloud User","User Profile","Added","2025-01-19 01:49:37","-"
"1Vhak000000Z2TbCAK","0","UsersWithVAD","2025-01-19 01:49:37","005ak00000D314wAAB","2025-01-19 01:49:37","005ak00000D314wAAB","2025-01-19 01:49:37","3685ef5f98d64034ab0fddeb76f14ecf","8425be614e844070921d17f47ae9aca1","00Dak00000LLqsL","Uni Recycle","UsersWithVAD","integration@00dak00000llqsleat.com","noreply@example.com","Standard","Analytics Cloud Integration User","User Profile","Added","2025-01-19 01:49:37","-"
"1Vhak000000Z2TcCAK","0","UsersWithVAD","2025-01-19 01:49:37","005ak00000D314wAAB","2025-01-19 01:49:37","005ak00000D314wAAB","2025-01-19 01:49:37","3685ef5f98d64034ab0fddeb76f14ecf","56b29f892f0f4a4eae233eaee9670aac","00Dak00000LLqsL","Uni Recycle","UsersWithVAD","sadler+james.xl7w6cmbww5s.px7tvidbgiua.kmwrg9l96vi2.g7pbejdoumyv@uni-recycle.com","noreply@example.com","Standard","Service Cloud User","User Profile","Added","2025-01-19 01:49:37","-"
"1Vhak000000Z2TdCAK","0","UsersWithVAD","2025-01-19 01:49:37","005ak00000D314wAAB","2025-01-19 01:49:37","005ak00000D314wAAB","2025-01-19 01:49:37","3685ef5f98d64034ab0fddeb76f14ecf","ce83ccafcb1f41bd9f99a53bca7bf96c","00Dak00000LLqsL","Uni Recycle","UsersWithVAD","sharon+martino.4ydrsn1gcqwz.xg91zvdbllxv.bemzvyaidfgz@uni-recycle.com","noreply@example.com","Standard","Service Cloud","User Profile","Added","2025-01-19 01:49:37","-"
"1Vhak000000Z2VBCA0","0","UsersWithMAD","2025-01-19 01:49:37","005ak00000D314wAAB","2025-01-19 01:49:37","005ak00000D314wAAB","2025-01-19 01:49:37","69512ddb7c584dc098816725adcaf1eb","85fa47a196714b67abdb6358e5532929","00Dak00000LLqsL","Uni Recycle","UsersWithMAD","emile.lesage@uni-recycle.com","emile.lesage@uni-recycle.com","Standard","System Administrator","User Profile","Added","2025-01-19 01:49:37","-"
"1Vhak000000Z2VCCA0","0","UsersWithMAD","2025-01-19 01:49:37","005ak00000D314wAAB","2025-01-19 01:49:37","005ak00000D314wAAB","2025-01-19 01:49:37","69512ddb7c584dc098816725adcaf1eb","8e53fcc81a5c4990a382e8b145be5a82","00Dak00000LLqsL","Uni Recycle","UsersWithMAD","sharon+louise.zpnxvx5vtjdy.yh9twblfal07.ly7vqezlat41@uni-recycle.com","noreply@example.com","Standard","Service Cloud User","User Profile","Added","2025-01-19 01:49:37","-"
"1Vhak000000Z2VDCA0","0","UsersWithMAD","2025-01-19 01:49:37","005ak00000D314wAAB","2025-01-19 01:49:37","005ak00000D314wAAB","2025-01-19 01:49:37","69512ddb7c584dc098816725adcaf1eb","d74630090a60477091538415ef0e95c4","00Dak00000LLqsL","Uni Recycle","UsersWithMAD","sadler+james.xl7w6cmbww5s.px7tvidbgiua.kmwrg9l96vi2.g7pbejdoumyv@uni-recycle.com","noreply@example.com","Standard","Service Cloud User","User Profile","Added","2025-01-19 01:49:37","-"
"1Vhak000000Z2VECA0","0","UsersWithMAD","2025-01-19 01:49:37","005ak00000D314wAAB","2025-01-19 01:49:37","005ak00000D314wAAB","2025-01-19 01:49:37","69512ddb7c584dc098816725adcaf1eb","e0ce0605c57747c3977da6b3bf184c7c","00Dak00000LLqsL","Uni Recycle","UsersWithMAD","sharon+martino.4ydrsn1gcqwz.xg91zvdbllxv.bemzvyaidfgz@uni-recycle.com","noreply@example.com","Standard","Service Cloud","User Profile","Added","2025-01-19 01:49:37","-"
"1Vhak000000Z2WnCAK","0","UsersWithManageCustomPerm","2025-01-19 01:49:37","005ak00000D314wAAB","2025-01-19 01:49:37","005ak00000D314wAAB","2025-01-19 01:49:37","a2e00ebf7e99492e980fd9864a28b715","7643f91e7d684106b125ea9d3d64cd45","00Dak00000LLqsL","Uni Recycle","UsersWithManageCustomPerm","emile.lesage@uni-recycle.com","emile.lesage@uni-recycle.com","Standard","System Administrator","User Profile","Added","2025-01-19 01:49:37","-"
"1Vhak000000Z2WoCAK","0","UsersWithManageCustomPerm","2025-01-19 01:49:37","005ak00000D314wAAB","2025-01-19 01:49:37","005ak00000D314wAAB","2025-01-19 01:49:37","a2e00ebf7e99492e980fd9864a28b715","f108aca5a2344108abc2b631adb3f3d3","00Dak00000LLqsL","Uni Recycle","UsersWithManageCustomPerm","sharon+louise.zpnxvx5vtjdy.yh9twblfal07.ly7vqezlat41@uni-recycle.com","noreply@example.com","Standard","Service Cloud User","User Profile","Added","2025-01-19 01:49:37","-"
"1Vhak000000Z2WpCAK","0","UsersWithManageCustomPerm","2025-01-19 01:49:37","005ak00000D314wAAB","2025-01-19 01:49:37","005ak00000D314wAAB","2025-01-19 01:49:37","a2e00ebf7e99492e980fd9864a28b715","a7f46e2c99004b3b8ed2b530604fc059","00Dak00000LLqsL","Uni Recycle","UsersWithManageCustomPerm","sadler+james.xl7w6cmbww5s.px7tvidbgiua.kmwrg9l96vi2.g7pbejdoumyv@uni-recycle.com","noreply@example.com","Standard","Service Cloud User","User Profile","Added","2025-01-19 01:49:37","-"
"1Vhak000000Z2WqCAK","0","UsersWithManageCustomPerm","2025-01-19 01:49:37","005ak00000D314wAAB","2025-01-19 01:49:37","005ak00000D314wAAB","2025-01-19 01:49:37","a2e00ebf7e99492e980fd9864a28b715","96d6e04544d44f6fa01fa444c8ac8752","00Dak00000LLqsL","Uni Recycle","UsersWithManageCustomPerm","sharon+martino.4ydrsn1gcqwz.xg91zvdbllxv.bemzvyaidfgz@uni-recycle.com","noreply@example.com","Standard","Service Cloud","User Profile","Added","2025-01-19 01:49:37","-"
"1Vhak000000Z2YPCA0","0","UsersWithManageInternalUsersPerm","2025-01-19 01:49:38","005ak00000D314wAAB","2025-01-19 01:49:38","005ak00000D314wAAB","2025-01-19 01:49:38","7097394220cc4248821a40de39eef730","51194f8ad59948abb692674b215917c7","00Dak00000LLqsL","Uni Recycle","UsersWithManageInternalUsersPerm","emile.lesage@uni-recycle.com","emile.lesage@uni-recycle.com","Standard","System Administrator","User Profile","Added","2025-01-19 01:49:38","-"
"1Vhak000000Z2YQCA0","0","UsersWithManageInternalUsersPerm","2025-01-19 01:49:38","005ak00000D314wAAB","2025-01-19 01:49:38","005ak00000D314wAAB","2025-01-19 01:49:38","7097394220cc4248821a40de39eef730","5500a15e50374fc8854c3fb15202602f","00Dak00000LLqsL","Uni Recycle","UsersWithManageInternalUsersPerm","sharon+louise.zpnxvx5vtjdy.yh9twblfal07.ly7vqezlat41@uni-recycle.com","noreply@example.com","Standard","Service Cloud User","User Profile","Added","2025-01-19 01:49:38","-"
"1Vhak000000Z2YRCA0","0","UsersWithManageInternalUsersPerm","2025-01-19 01:49:38","005ak00000D314wAAB","2025-01-19 01:49:38","005ak00000D314wAAB","2025-01-19 01:49:38","7097394220cc4248821a40de39eef730","3de5005cb9df4ac3bb941606f32aab76","00Dak00000LLqsL","Uni Recycle","UsersWithManageInternalUsersPerm","emile.lesage@uni-recycle.com","emile.lesage@uni-recycle.com","Standard","Field Service Admin Permissions","Permission Set","Added","2025-01-19 01:49:38","-"
"1Vhak000000Z2YSCA0","0","UsersWithManageInternalUsersPerm","2025-01-19 01:49:38","005ak00000D314wAAB","2025-01-19 01:49:38","005ak00000D314wAAB","2025-01-19 01:49:38","7097394220cc4248821a40de39eef730","f8b5e7e411a74d6e9706ec797702ae5a","00Dak00000LLqsL","Uni Recycle","UsersWithManageInternalUsersPerm","sadler+james.xl7w6cmbww5s.px7tvidbgiua.kmwrg9l96vi2.g7pbejdoumyv@uni-recycle.com","noreply@example.com","Standard","Service Cloud User","User Profile","Added","2025-01-19 01:49:38","-"
"1Vhak000000Z2YTCA0","0","UsersWithManageInternalUsersPerm","2025-01-19 01:49:38","005ak00000D314wAAB","2025-01-19 01:49:38","005ak00000D314wAAB","2025-01-19 01:49:38","7097394220cc4248821a40de39eef730","6677cd49533649df9269d28420b50f0f","00Dak00000LLqsL","Uni Recycle","UsersWithManageInternalUsersPerm","sharon+martino.4ydrsn1gcqwz.xg91zvdbllxv.bemzvyaidfgz@uni-recycle.com","noreply@example.com","Standard","Service Cloud","User Profile","Added","2025-01-19 01:49:38","-"
"1Vhak000000Z2a1CAC","0","UsersWithAssignPermSet","2025-01-19 01:49:38","005ak00000D314wAAB","2025-01-19 01:49:38","005ak00000D314wAAB","2025-01-19 01:49:38","2f323ba54e4b490aaadb83db94e340f4","0d4411cc1129499abfad5501e5f2fbb8","00Dak00000LLqsL","Uni Recycle","UsersWithAssignPermSet","emile.lesage@uni-recycle.com","emile.lesage@uni-recycle.com","Standard","System Administrator","User Profile","Added","2025-01-19 01:49:38","-"
"1Vhak000000Z2a2CAC","0","UsersWithAssignPermSet","2025-01-19 01:49:38","005ak00000D314wAAB","2025-01-19 01:49:38","005ak00000D314wAAB","2025-01-19 01:49:38","2f323ba54e4b490aaadb83db94e340f4","a8c0b2ce631146aba5766974cc3377b2","00Dak00000LLqsL","Uni Recycle","UsersWithAssignPermSet","sharon+louise.zpnxvx5vtjdy.yh9twblfal07.ly7vqezlat41@uni-recycle.com","noreply@example.com","Standard","Service Cloud User","User Profile","Added","2025-01-19 01:49:38","-"
"1Vhak000000Z2a3CAC","0","UsersWithAssignPermSet","2025-01-19 01:49:38","005ak00000D314wAAB","2025-01-19 01:49:38","005ak00000D314wAAB","2025-01-19 01:49:38","2f323ba54e4b490aaadb83db94e340f4","f1c8bfd1e9774815bf5f2c4e15cdc4f5","00Dak00000LLqsL","Uni Recycle","UsersWithAssignPermSet","emile.lesage@uni-recycle.com","emile.lesage@uni-recycle.com","Standard","Field Service Admin Permissions","Permission Set","Added","2025-01-19 01:49:38","-"
"1Vhak000000Z2a4CAC","0","UsersWithAssignPermSet","2025-01-19 01:49:38","005ak00000D314wAAB","2025-01-19 01:49:38","005ak00000D314wAAB","2025-01-19 01:49:38","2f323ba54e4b490aaadb83db94e340f4","23e2c35c47a24538ad92bbeb390c997b","00Dak00000LLqsL","Uni Recycle","UsersWithAssignPermSet","sadler+james.xl7w6cmbww5s.px7tvidbgiua.kmwrg9l96vi2.g7pbejdoumyv@uni-recycle.com","noreply@example.com","Standard","Service Cloud User","User Profile","Added","2025-01-19 01:49:38","-"
"1Vhak000000Z2a5CAC","0","UsersWithAssignPermSet","2025-01-19 01:49:38","005ak00000D314wAAB","2025-01-19 01:49:38","005ak00000D314wAAB","2025-01-19 01:49:38","2f323ba54e4b490aaadb83db94e340f4","7c4a174bc75d4f6ca4861d3be99e81ac","00Dak00000LLqsL","Uni Recycle","UsersWithAssignPermSet","sharon+martino.4ydrsn1gcqwz.xg91zvdbllxv.bemzvyaidfgz@uni-recycle.com","noreply@example.com","Standard","Service Cloud","User Profile","Added","2025-01-19 01:49:38","-"
"1Vhak000000Z2bdCAC","0","UsersWithManageUsersPerm","2025-01-19 01:49:38","005ak00000D314wAAB","2025-01-19 01:49:38","005ak00000D314wAAB","2025-01-19 01:49:38","6979c06a17114435bb074a5a32a997f6","6820da22aa6b4c39b159b80ae4cf56e8","00Dak00000LLqsL","Uni Recycle","UsersWithManageUsersPerm","emile.lesage@uni-recycle.com","emile.lesage@uni-recycle.com","Standard","System Administrator","User Profile","Added","2025-01-19 01:49:38","-"
"1Vhak000000Z2beCAC","0","UsersWithManageUsersPerm","2025-01-19 01:49:38","005ak00000D314wAAB","2025-01-19 01:49:38","005ak00000D314wAAB","2025-01-19 01:49:38","6979c06a17114435bb074a5a32a997f6","ebea769012044054b09512deed6e2969","00Dak00000LLqsL","Uni Recycle","UsersWithManageUsersPerm","sharon+louise.zpnxvx5vtjdy.yh9twblfal07.ly7vqezlat41@uni-recycle.com","noreply@example.com","Standard","Service Cloud User","User Profile","Added","2025-01-19 01:49:38","-"
"1Vhak000000Z2bfCAC","0","UsersWithManageUsersPerm","2025-01-19 01:49:38","005ak00000D314wAAB","2025-01-19 01:49:38","005ak00000D314wAAB","2025-01-19 01:49:38","6979c06a17114435bb074a5a32a997f6","9009f439d5734a838e12d5551779ffb4","00Dak00000LLqsL","Uni Recycle","UsersWithManageUsersPerm","emile.lesage@uni-recycle.com","emile.lesage@uni-recycle.com","Standard","Field Service Admin Permissions","Permission Set","Added","2025-01-19 01:49:38","-"
"1Vhak000000Z2bgCAC","0","UsersWithManageUsersPerm","2025-01-19 01:49:38","005ak00000D314wAAB","2025-01-19 01:49:38","005ak00000D314wAAB","2025-01-19 01:49:38","6979c06a17114435bb074a5a32a997f6","5ca6a65822bf491f83246478d865b903","00Dak00000LLqsL","Uni Recycle","UsersWithManageUsersPerm","sadler+james.xl7w6cmbww5s.px7tvidbgiua.kmwrg9l96vi2.g7pbejdoumyv@uni-recycle.com","noreply@example.com","Standard","Service Cloud User","User Profile","Added","2025-01-19 01:49:38","-"
"1Vhak000000Z2bhCAC","0","UsersWithManageUsersPerm","2025-01-19 01:49:38","005ak00000D314wAAB","2025-01-19 01:49:38","005ak00000D314wAAB","2025-01-19 01:49:38","6979c06a17114435bb074a5a32a997f6","05d8627bc2f24d3eb1ce6bf2e28ce594","00Dak00000LLqsL","Uni Recycle","UsersWithManageUsersPerm","sharon+martino.4ydrsn1gcqwz.xg91zvdbllxv.bemzvyaidfgz@uni-recycle.com","noreply@example.com","Standard","Service Cloud","User Profile","Added","2025-01-19 01:49:38","-"
"1Vhak000000Z2dFCAS","0","UsersWithApiOnlyUser","2025-01-19 01:49:38","005ak00000D314wAAB","2025-01-19 01:49:38","005ak00000D314wAAB","2025-01-19 01:49:38","a22970bdd84f4212893d696e9eff700e","d8c7dbbd1bdf4dc581a6319a6f9802f4","00Dak00000LLqsL","Uni Recycle","UsersWithApiOnlyUser","integration@00dak00000llqsleat.com","noreply@example.com","Standard","Analytics Cloud Integration User","User Profile","Added","2025-01-19 01:49:38","-"
"1Vhak000000Z2dGCAS","0","UsersWithApiOnlyUser","2025-01-19 01:49:38","005ak00000D314wAAB","2025-01-19 01:49:38","005ak00000D314wAAB","2025-01-19 01:49:38","a22970bdd84f4212893d696e9eff700e","9d53e7079164422693af5807c2e6db68","00Dak00000LLqsL","Uni Recycle","UsersWithApiOnlyUser","insightssecurity@00dak00000llqsleat.com","noreply@example.com","Standard","Analytics Cloud Security User","User Profile","Added","2025-01-19 01:49:38","-"
"1Vhak000000Z2erCAC","0","UsersWithAuthorApexPerm","2025-01-19 01:49:38","005ak00000D314wAAB","2025-01-19 01:49:38","005ak00000D314wAAB","2025-01-19 01:49:38","37167e2e21ce40d8ba3821817d9b9b84","c57533679fb442ffaf14a4ca5f4d3b00","00Dak00000LLqsL","Uni Recycle","UsersWithAuthorApexPerm","emile.lesage@uni-recycle.com","emile.lesage@uni-recycle.com","Standard","System Administrator","User Profile","Added","2025-01-19 01:49:38","-"
"1Vhak000000Z2esCAC","0","UsersWithAuthorApexPerm","2025-01-19 01:49:38","005ak00000D314wAAB","2025-01-19 01:49:38","005ak00000D314wAAB","2025-01-19 01:49:38","37167e2e21ce40d8ba3821817d9b9b84","5f203a86ce0a424f80ca8febe88640ea","00Dak00000LLqsL","Uni Recycle","UsersWithAuthorApexPerm","sharon+louise.zpnxvx5vtjdy.yh9twblfal07.ly7vqezlat41@uni-recycle.com","noreply@example.com","Standard","Service Cloud User","User Profile","Added","2025-01-19 01:49:38","-"
"1Vhak000000Z2etCAC","0","UsersWithAuthorApexPerm","2025-01-19 01:49:38","005ak00000D314wAAB","2025-01-19 01:49:38","005ak00000D314wAAB","2025-01-19 01:49:38","37167e2e21ce40d8ba3821817d9b9b84","ca196c9d1a7945019b16b0b1d47dc820","00Dak00000LLqsL","Uni Recycle","UsersWithAuthorApexPerm","sadler+james.xl7w6cmbww5s.px7tvidbgiua.kmwrg9l96vi2.g7pbejdoumyv@uni-recycle.com","noreply@example.com","Standard","Service Cloud User","User Profile","Added","2025-01-19 01:49:38","-"
"1Vhak000000Z2euCAC","0","UsersWithAuthorApexPerm","2025-01-19 01:49:38","005ak00000D314wAAB","2025-01-19 01:49:38","005ak00000D314wAAB","2025-01-19 01:49:38","37167e2e21ce40d8ba3821817d9b9b84","a4cac2765b3741418906a24aee80cecc","00Dak00000LLqsL","Uni Recycle","UsersWithAuthorApexPerm","sharon+martino.4ydrsn1gcqwz.xg91zvdbllxv.bemzvyaidfgz@uni-recycle.com","noreply@example.com","Standard","Service Cloud","User Profile","Added","2025-01-19 01:49:38","-"
"1Vhak000000Z2gTCAS","0","UsersWithPasswordNeverExpiresPerm","2025-01-19 01:49:38","005ak00000D314wAAB","2025-01-19 01:49:38","005ak00000D314wAAB","2025-01-19 01:49:38","2526dc6681e645adb270bbe084c1f0db","c773a4c3ded44a40aa40f1b8005977c2","00Dak00000LLqsL","Uni Recycle","UsersWithPasswordNeverExpiresPerm","chatty.00dak00000llqsleat.fggmgon92xo3@chatter.salesforce.com","noreply@example.com","CsnOnly","Chatter Free User","User Profile","Added","2025-01-19 01:49:38","-"
"1Vhak000000Z2gUCAS","0","UsersWithPasswordNeverExpiresPerm","2025-01-19 01:49:38","005ak00000D314wAAB","2025-01-19 01:49:38","005ak00000D314wAAB","2025-01-19 01:49:38","2526dc6681e645adb270bbe084c1f0db","84eaaab639d842688348573dbc525454","00Dak00000LLqsL","Uni Recycle","UsersWithPasswordNeverExpiresPerm","integration@00dak00000llqsleat.com","noreply@example.com","Standard","Analytics Cloud Integration User","User Profile","Added","2025-01-19 01:49:38","-"
"1Vhak000000Z2gVCAS","0","UsersWithPasswordNeverExpiresPerm","2025-01-19 01:49:38","005ak00000D314wAAB","2025-01-19 01:49:38","005ak00000D314wAAB","2025-01-19 01:49:38","2526dc6681e645adb270bbe084c1f0db","6d15457ee625448f949296ffc592f1ba","00Dak00000LLqsL","Uni Recycle","UsersWithPasswordNeverExpiresPerm","insightssecurity@00dak00000llqsleat.com","noreply@example.com","Standard","Analytics Cloud Security User","User Profile","Added","2025-01-19 01:49:38","-"
"1Vhak000000Z2i5CAC","0","UsersWithFreezeUsers","2025-01-19 01:49:38","005ak00000D314wAAB","2025-01-19 01:49:38","005ak00000D314wAAB","2025-01-19 01:49:38","9a620499217644458bddeef676f37d05","d1d6b21b62bb49d4a2164bf76bab907a","00Dak00000LLqsL","Uni Recycle","UsersWithFreezeUsers","emile.lesage@uni-recycle.com","emile.lesage@uni-recycle.com","Standard","System Administrator","User Profile","Added","2025-01-19 01:49:38","-"
"1Vhak000000Z2i6CAC","0","UsersWithFreezeUsers","2025-01-19 01:49:38","005ak00000D314wAAB","2025-01-19 01:49:38","005ak00000D314wAAB","2025-01-19 01:49:38","9a620499217644458bddeef676f37d05","169fa40b3e5c4e34824c2129c770f07e","00Dak00000LLqsL","Uni Recycle","UsersWithFreezeUsers","sharon+louise.zpnxvx5vtjdy.yh9twblfal07.ly7vqezlat41@uni-recycle.com","noreply@example.com","Standard","Service Cloud User","User Profile","Added","2025-01-19 01:49:38","-"
"1Vhak000000Z2i7CAC","0","UsersWithFreezeUsers","2025-01-19 01:49:38","005ak00000D314wAAB","2025-01-19 01:49:38","005ak00000D314wAAB","2025-01-19 01:49:38","9a620499217644458bddeef676f37d05","1e9efe1f02a84301a29e58c985cfb7c4","00Dak00000LLqsL","Uni Recycle","UsersWithFreezeUsers","emile.lesage@uni-recycle.com","emile.lesage@uni-recycle.com","Standard","Field Service Admin Permissions","Permission Set","Added","2025-01-19 01:49:38","-"
"1Vhak000000Z2i8CAC","0","UsersWithFreezeUsers","2025-01-19 01:49:38","005ak00000D314wAAB","2025-01-19 01:49:38","005ak00000D314wAAB","2025-01-19 01:49:38","9a620499217644458bddeef676f37d05","cd576cf4477f42f1b7a263a8ded5517a","00Dak00000LLqsL","Uni Recycle","UsersWithFreezeUsers","sadler+james.xl7w6cmbww5s.px7tvidbgiua.kmwrg9l96vi2.g7pbejdoumyv@uni-recycle.com","noreply@example.com","Standard","Service Cloud User","User Profile","Added","2025-01-19 01:49:38","-"
"1Vhak000000Z2i9CAC","0","UsersWithFreezeUsers","2025-01-19 01:49:38","005ak00000D314wAAB","2025-01-19 01:49:38","005ak00000D314wAAB","2025-01-19 01:49:38","9a620499217644458bddeef676f37d05","df3f7b6776844e088a32e59425957b9b","00Dak00000LLqsL","Uni Recycle","UsersWithFreezeUsers","sharon+martino.4ydrsn1gcqwz.xg91zvdbllxv.bemzvyaidfgz@uni-recycle.com","noreply@example.com","Standard","Service Cloud","User Profile","Added","2025-01-19 01:49:38","-"
"1Vhak000000Z2jhCAC","0","UsersWithManagePvtRptsAndDashbds","2025-01-19 01:49:38","005ak00000D314wAAB","2025-01-19 01:49:38","005ak00000D314wAAB","2025-01-19 01:49:38","2ccfad247734447184b9a44481bf83f3","e04f71c0ff644c639337201e13d9da1f","00Dak00000LLqsL","Uni Recycle","UsersWithManagePvtRptsAndDashbds","emile.lesage@uni-recycle.com","emile.lesage@uni-recycle.com","Standard","System Administrator","User Profile","Added","2025-01-19 01:49:38","-"
"1Vhak000000Z2jiCAC","0","UsersWithResetPasswordPerm","2025-01-19 01:49:38","005ak00000D314wAAB","2025-01-19 01:49:38","005ak00000D314wAAB","2025-01-19 01:49:38","f49d8ee3a8794de5b97b69ece4026be0","26d70d955f1a4d1696469020c7ea8ff7","00Dak00000LLqsL","Uni Recycle","UsersWithResetPasswordPerm","emile.lesage@uni-recycle.com","emile.lesage@uni-recycle.com","Standard","System Administrator","User Profile","Added","2025-01-19 01:49:38","-"
"1Vhak000000Z2jjCAC","0","UsersWithResetPasswordPerm","2025-01-19 01:49:38","005ak00000D314wAAB","2025-01-19 01:49:38","005ak00000D314wAAB","2025-01-19 01:49:38","f49d8ee3a8794de5b97b69ece4026be0","fab33762e4b24f9ab04a2c55b4421756","00Dak00000LLqsL","Uni Recycle","UsersWithResetPasswordPerm","sharon+louise.zpnxvx5vtjdy.yh9twblfal07.ly7vqezlat41@uni-recycle.com","noreply@example.com","Standard","Service Cloud User","User Profile","Added","2025-01-19 01:49:38","-"
"1Vhak000000Z2jkCAC","0","UsersWithResetPasswordPerm","2025-01-19 01:49:38","005ak00000D314wAAB","2025-01-19 01:49:38","005ak00000D314wAAB","2025-01-19 01:49:38","f49d8ee3a8794de5b97b69ece4026be0","2de311e02241491c9a2958bc2527fa9e","00Dak00000LLqsL","Uni Recycle","UsersWithResetPasswordPerm","emile.lesage@uni-recycle.com","emile.lesage@uni-recycle.com","Standard","Field Service Admin Permissions","Permission Set","Added","2025-01-19 01:49:38","-"
"1Vhak000000Z2jlCAC","0","UsersWithResetPasswordPerm","2025-01-19 01:49:38","005ak00000D314wAAB","2025-01-19 01:49:38","005ak00000D314wAAB","2025-01-19 01:49:38","f49d8ee3a8794de5b97b69ece4026be0","8b6c0fff51064fd7ba7e04f55d776ebf","00Dak00000LLqsL","Uni Recycle","UsersWithResetPasswordPerm","sadler+james.xl7w6cmbww5s.px7tvidbgiua.kmwrg9l96vi2.g7pbejdoumyv@uni-recycle.com","noreply@example.com","Standard","Service Cloud User","User Profile","Added","2025-01-19 01:49:38","-"
"1Vhak000000Z2jmCAC","0","UsersWithResetPasswordPerm","2025-01-19 01:49:38","005ak00000D314wAAB","2025-01-19 01:49:38","005ak00000D314wAAB","2025-01-19 01:49:38","f49d8ee3a8794de5b97b69ece4026be0","e9008fb72a7041799f2df19e8b31dcbf","00Dak00000LLqsL","Uni Recycle","UsersWithResetPasswordPerm","sharon+martino.4ydrsn1gcqwz.xg91zvdbllxv.bemzvyaidfgz@uni-recycle.com","noreply@example.com","Standard","Service Cloud","User Profile","Added","2025-01-19 01:49:38","-"
"1Vhak000000Z2lJCAS","0","UsersWithManageProfilePermSet","2025-01-19 01:49:38","005ak00000D314wAAB","2025-01-19 01:49:38","005ak00000D314wAAB","2025-01-19 01:49:38","b2b3ce2ab5a94c22b70c12f01b70169a","16c810681f7a4bd18d6505560157c7d9","00Dak00000LLqsL","Uni Recycle","UsersWithManageProfilePermSet","emile.lesage@uni-recycle.com","emile.lesage@uni-recycle.com","Standard","System Administrator","User Profile","Added","2025-01-19 01:49:38","-"
"1Vhak000000Z2lKCAS","0","UsersWithManageProfilePermSet","2025-01-19 01:49:38","005ak00000D314wAAB","2025-01-19 01:49:38","005ak00000D314wAAB","2025-01-19 01:49:38","b2b3ce2ab5a94c22b70c12f01b70169a","a27ef3087ece4aa8a77184fe9c33ab04","00Dak00000LLqsL","Uni Recycle","UsersWithManageProfilePermSet","sharon+louise.zpnxvx5vtjdy.yh9twblfal07.ly7vqezlat41@uni-recycle.com","noreply@example.com","Standard","Service Cloud User","User Profile","Added","2025-01-19 01:49:38","-"
"1Vhak000000Z2lLCAS","0","UsersWithManageProfilePermSet","2025-01-19 01:49:38","005ak00000D314wAAB","2025-01-19 01:49:38","005ak00000D314wAAB","2025-01-19 01:49:38","b2b3ce2ab5a94c22b70c12f01b70169a","4a99857ab5064e89b4d9027a5f64d012","00Dak00000LLqsL","Uni Recycle","UsersWithManageProfilePermSet","emile.lesage@uni-recycle.com","emile.lesage@uni-recycle.com","Standard","Field Service Admin Permissions","Permission Set","Added","2025-01-19 01:49:38","-"
"1Vhak000000Z2lMCAS","0","UsersWithManageProfilePermSet","2025-01-19 01:49:38","005ak00000D314wAAB","2025-01-19 01:49:38","005ak00000D314wAAB","2025-01-19 01:49:38","b2b3ce2ab5a94c22b70c12f01b70169a","dfc48e9a0d01417b913410ddc1865dbb","00Dak00000LLqsL","Uni Recycle","UsersWithManageProfilePermSet","sadler+james.xl7w6cmbww5s.px7tvidbgiua.kmwrg9l96vi2.g7pbejdoumyv@uni-recycle.com","noreply@example.com","Standard","Service Cloud User","User Profile","Added","2025-01-19 01:49:38","-"
"1Vhak000000Z2lNCAS","0","UsersWithManageProfilePermSet","2025-01-19 01:49:38","005ak00000D314wAAB","2025-01-19 01:49:38","005ak00000D314wAAB","2025-01-19 01:49:38","b2b3ce2ab5a94c22b70c12f01b70169a","3d5a0ca1f7e64517a067753e582e9e12","00Dak00000LLqsL","Uni Recycle","UsersWithManageProfilePermSet","sharon+martino.4ydrsn1gcqwz.xg91zvdbllxv.bemzvyaidfgz@uni-recycle.com","noreply@example.com","Standard","Service Cloud","User Profile","Added","2025-01-19 01:49:38","-"
"1Vhak000000Z2mvCAC","0","UsersWithAuthProvider","2025-01-19 01:49:38","005ak00000D314wAAB","2025-01-19 01:49:38","005ak00000D314wAAB","2025-01-19 01:49:38","9b62ff4b65ad4ce5889afbce079670ec","0e8b052d89c142e4aee4a3295eda3164","00Dak00000LLqsL","Uni Recycle","UsersWithAuthProvider","emile.lesage@uni-recycle.com","emile.lesage@uni-recycle.com","Standard","System Administrator","User Profile","Added","2025-01-19 01:49:38","-"
"1Vhak000000Z2oXCAS","0","UsersWithViewSetup","2025-01-19 01:49:38","005ak00000D314wAAB","2025-01-19 01:49:38","005ak00000D314wAAB","2025-01-19 01:49:38","946e95f62fdb48b28c1a92849468b4c8","12239ee18c18476fa2a542c35b528f3a","00Dak00000LLqsL","Uni Recycle","UsersWithViewSetup","emile.lesage@uni-recycle.com","emile.lesage@uni-recycle.com","Standard","System Administrator","User Profile","Added","2025-01-19 01:49:38","-"
"1Vhak000000Z2oYCAS","0","UsersWithViewSetup","2025-01-19 01:49:38","005ak00000D314wAAB","2025-01-19 01:49:38","005ak00000D314wAAB","2025-01-19 01:49:38","946e95f62fdb48b28c1a92849468b4c8","8bb2e91ffe4b4382b2aab4aefdd8c30c","00Dak00000LLqsL","Uni Recycle","UsersWithViewSetup","emile.lesage@uni-recycle.com","emile.lesage@uni-recycle.com","Standard","security center","Permission Set","Added","2025-01-19 01:49:38","-"
"1Vhak000000Z2oZCAS","0","UsersWithViewSetup","2025-01-19 01:49:38","005ak00000D314wAAB","2025-01-19 01:49:38","005ak00000D314wAAB","2025-01-19 01:49:38","946e95f62fdb48b28c1a92849468b4c8","31be99ec7c5e46a4984a683ca76d006d","00Dak00000LLqsL","Uni Recycle","UsersWithViewSetup","sharon+lamar.q6g0tom2vqgl.fqlqruwhqs9j.5mufnhbxtsa8.iexjr1yggdsw@uni-recycle.com","noreply@example.com","Standard","Standard Platform User","User Profile","Added","2025-01-19 01:49:38","-"
"1Vhak000000Z2oaCAC","0","UsersWithViewSetup","2025-01-19 01:49:38","005ak00000D314wAAB","2025-01-19 01:49:38","005ak00000D314wAAB","2025-01-19 01:49:38","946e95f62fdb48b28c1a92849468b4c8","cc506e343ed241b8820707e59401fbfd","00Dak00000LLqsL","Uni Recycle","UsersWithViewSetup","sharon+alan.jmueyz1jg9gi.rtws2o61ymmb.dpypltcdyean.6jziyfplfh51@uni-recycle.com","noreply@example.com","Standard","Standard Platform User","User Profile","Added","2025-01-19 01:49:38","-"
"1Vhak000000Z2obCAC","0","UsersWithViewSetup","2025-01-19 01:49:38","005ak00000D314wAAB","2025-01-19 01:49:38","005ak00000D314wAAB","2025-01-19 01:49:38","946e95f62fdb48b28c1a92849468b4c8","338a269c0cf0490a8a0baf87091e4fe0","00Dak00000LLqsL","Uni Recycle","UsersWithViewSetup","jacinta+sharon.d8gvrbzi5x38.klzcrdor0kpm.tm1kr3skd6lp@uni-recycle.com","noreply@example.com","Standard","Standard Platform User","User Profile","Added","2025-01-19 01:49:38","-"
"1Vhak000000Z2ocCAC","0","UsersWithViewSetup","2025-01-19 01:49:38","005ak00000D314wAAB","2025-01-19 01:49:38","005ak00000D314wAAB","2025-01-19 01:49:38","946e95f62fdb48b28c1a92849468b4c8","ef3d61690d224187b5ccba6cb27cdfc9","00Dak00000LLqsL","Uni Recycle","UsersWithViewSetup","sharon+louise.zpnxvx5vtjdy.yh9twblfal07.ly7vqezlat41@uni-recycle.com","noreply@example.com","Standard","Service Cloud User","User Profile","Added","2025-01-19 01:49:38","-"
"1Vhak000000Z2odCAC","0","UsersWithViewSetup","2025-01-19 01:49:38","005ak00000D314wAAB","2025-01-19 01:49:38","005ak00000D314wAAB","2025-01-19 01:49:38","946e95f62fdb48b28c1a92849468b4c8","113ba25a081d4e53afd77ba2dbbd5d53","00Dak00000LLqsL","Uni Recycle","UsersWithViewSetup","emile.lesage@uni-recycle.com","emile.lesage@uni-recycle.com","Standard","Field Service Admin Permissions","Permission Set","Added","2025-01-19 01:49:38","-"
"1Vhak000000Z2oeCAC","0","UsersWithViewSetup","2025-01-19 01:49:38","005ak00000D314wAAB","2025-01-19 01:49:38","005ak00000D314wAAB","2025-01-19 01:49:38","946e95f62fdb48b28c1a92849468b4c8","689e30d8e93a4a388b4464ffe4e56d75","00Dak00000LLqsL","Uni Recycle","UsersWithViewSetup","integration@00dak00000llqsleat.com","noreply@example.com","Standard","Analytics Cloud Integration User","User Profile","Added","2025-01-19 01:49:38","-"
"1Vhak000000Z2ofCAC","0","UsersWithViewSetup","2025-01-19 01:49:38","005ak00000D314wAAB","2025-01-19 01:49:38","005ak00000D314wAAB","2025-01-19 01:49:38","946e95f62fdb48b28c1a92849468b4c8","7796b7eac03c4d009f25c92b8d011f18","00Dak00000LLqsL","Uni Recycle","UsersWithViewSetup","sadler+james.xl7w6cmbww5s.px7tvidbgiua.kmwrg9l96vi2.g7pbejdoumyv@uni-recycle.com","noreply@example.com","Standard","Service Cloud User","User Profile","Added","2025-01-19 01:49:38","-"
"1Vhak000000Z2ogCAC","0","UsersWithViewSetup","2025-01-19 01:49:38","005ak00000D314wAAB","2025-01-19 01:49:38","005ak00000D314wAAB","2025-01-19 01:49:38","946e95f62fdb48b28c1a92849468b4c8","3ce82d8acef441ad8e0f778214895270","00Dak00000LLqsL","Uni Recycle","UsersWithViewSetup","insightssecurity@00dak00000llqsleat.com","noreply@example.com","Standard","Analytics Cloud Security User","User Profile","Added","2025-01-19 01:49:38","-"
"1Vhak000000Z2ohCAC","0","UsersWithViewSetup","2025-01-19 01:49:38","005ak00000D314wAAB","2025-01-19 01:49:38","005ak00000D314wAAB","2025-01-19 01:49:38","946e95f62fdb48b28c1a92849468b4c8","f43fe592a9a54b5daab8fb82660aede4","00Dak00000LLqsL","Uni Recycle","UsersWithViewSetup","sharon+martino.4ydrsn1gcqwz.xg91zvdbllxv.bemzvyaidfgz@uni-recycle.com","noreply@example.com","Standard","Service Cloud","User Profile","Added","2025-01-19 01:49:38","-"
"1Vhak000000Z2q9CAC","0","UsersWithThreatDetectionEvents","2025-01-19 01:49:38","005ak00000D314wAAB","2025-01-19 01:49:38","005ak00000D314wAAB","2025-01-19 01:49:38","1c62a6fab8094b71b6baa734dd4d7602","7ae05ee19af34d3e9e8eaceb66fedf4c","00Dak00000LLqsL","Uni Recycle","UsersWithThreatDetectionEvents","emile.lesage@uni-recycle.com","emile.lesage@uni-recycle.com","Standard","security center","Permission Set","Added","2025-01-19 01:49:38","-"
"1Vhak000000Z2rlCAC","0","UsersWithManageRolesPerm","2025-01-19 01:49:38","005ak00000D314wAAB","2025-01-19 01:49:38","005ak00000D314wAAB","2025-01-19 01:49:38","822adb10e6b843c98ce24bc8cab5d5bc","92fdaf18d5074d4a8195f2a4c861bcd3","00Dak00000LLqsL","Uni Recycle","UsersWithManageRolesPerm","emile.lesage@uni-recycle.com","emile.lesage@uni-recycle.com","Standard","System Administrator","User Profile","Added","2025-01-19 01:49:38","-"
"1Vhak000000Z2rmCAC","0","UsersWithManageRolesPerm","2025-01-19 01:49:38","005ak00000D314wAAB","2025-01-19 01:49:38","005ak00000D314wAAB","2025-01-19 01:49:38","822adb10e6b843c98ce24bc8cab5d5bc","aa434f8ca2d04e76861826fc1c14e2f4","00Dak00000LLqsL","Uni Recycle","UsersWithManageRolesPerm","sharon+louise.zpnxvx5vtjdy.yh9twblfal07.ly7vqezlat41@uni-recycle.com","noreply@example.com","Standard","Service Cloud User","User Profile","Added","2025-01-19 01:49:38","-"
"1Vhak000000Z2rnCAC","0","UsersWithManageRolesPerm","2025-01-19 01:49:38","005ak00000D314wAAB","2025-01-19 01:49:38","005ak00000D314wAAB","2025-01-19 01:49:38","822adb10e6b843c98ce24bc8cab5d5bc","ce38caa036ee4e479050ff0e93c001aa","00Dak00000LLqsL","Uni Recycle","UsersWithManageRolesPerm","emile.lesage@uni-recycle.com","emile.lesage@uni-recycle.com","Standard","Field Service Admin Permissions","Permission Set","Added","2025-01-19 01:49:38","-"
"1Vhak000000Z2roCAC","0","UsersWithManageRolesPerm","2025-01-19 01:49:38","005ak00000D314wAAB","2025-01-19 01:49:38","005ak00000D314wAAB","2025-01-19 01:49:38","822adb10e6b843c98ce24bc8cab5d5bc","57e1cc9ca1ca4bbca5cc6bed678d1f24","00Dak00000LLqsL","Uni Recycle","UsersWithManageRolesPerm","sadler+james.xl7w6cmbww5s.px7tvidbgiua.kmwrg9l96vi2.g7pbejdoumyv@uni-recycle.com","noreply@example.com","Standard","Service Cloud User","User Profile","Added","2025-01-19 01:49:38","-"
"1Vhak000000Z2rpCAC","0","UsersWithManageRolesPerm","2025-01-19 01:49:38","005ak00000D314wAAB","2025-01-19 01:49:38","005ak00000D314wAAB","2025-01-19 01:49:38","822adb10e6b843c98ce24bc8cab5d5bc","b1bc228bc8dd43dd8818c839f4f2a4d0","00Dak00000LLqsL","Uni Recycle","UsersWithManageRolesPerm","sharon+martino.4ydrsn1gcqwz.xg91zvdbllxv.bemzvyaidfgz@uni-recycle.com","noreply@example.com","Standard","Service Cloud","User Profile","Added","2025-01-19 01:49:38","-"
"1Vhak000000Z2tNCAS","0","UsersWithManageHealthCheck","2025-01-19 01:49:38","005ak00000D314wAAB","2025-01-19 01:49:38","005ak00000D314wAAB","2025-01-19 01:49:38","3333187e4c4c4a77938461c521e6ea9d","e73901b350f24fe884ac23cb3d76c3d5","00Dak00000LLqsL","Uni Recycle","UsersWithManageHealthCheck","emile.lesage@uni-recycle.com","emile.lesage@uni-recycle.com","Standard","System Administrator","User Profile","Added","2025-01-19 01:49:38","-"
"1Vhak000000Z2uzCAC","0","UsersWithManageSharingPerm","2025-01-19 01:49:38","005ak00000D314wAAB","2025-01-19 01:49:38","005ak00000D314wAAB","2025-01-19 01:49:38","ac49935c7d9f4ee6b47123037624f812","182de79df9fc4b8c8306dec543294597","00Dak00000LLqsL","Uni Recycle","UsersWithManageSharingPerm","emile.lesage@uni-recycle.com","emile.lesage@uni-recycle.com","Standard","System Administrator","User Profile","Added","2025-01-19 01:49:38","-"
"1Vhak000000Z2v0CAC","0","UsersWithManageSharingPerm","2025-01-19 01:49:38","005ak00000D314wAAB","2025-01-19 01:49:38","005ak00000D314wAAB","2025-01-19 01:49:38","ac49935c7d9f4ee6b47123037624f812","97451c8349814437816fc5b3b8f362ea","00Dak00000LLqsL","Uni Recycle","UsersWithManageSharingPerm","sharon+louise.zpnxvx5vtjdy.yh9twblfal07.ly7vqezlat41@uni-recycle.com","noreply@example.com","Standard","Service Cloud User","User Profile","Added","2025-01-19 01:49:38","-"
"1Vhak000000Z2v1CAC","0","UsersWithManageSharingPerm","2025-01-19 01:49:38","005ak00000D314wAAB","2025-01-19 01:49:38","005ak00000D314wAAB","2025-01-19 01:49:38","ac49935c7d9f4ee6b47123037624f812","e07a238f4b274ebe95c65f8dfb3225d1","00Dak00000LLqsL","Uni Recycle","UsersWithManageSharingPerm","emile.lesage@uni-recycle.com","emile.lesage@uni-recycle.com","Standard","Field Service Admin Permissions","Permission Set","Added","2025-01-19 01:49:38","-"
"1Vhak000000Z2v2CAC","0","UsersWithManageSharingPerm","2025-01-19 01:49:38","005ak00000D314wAAB","2025-01-19 01:49:38","005ak00000D314wAAB","2025-01-19 01:49:38","ac49935c7d9f4ee6b47123037624f812","a42dc22b42ea45f89c6d031c2d28998e","00Dak00000LLqsL","Uni Recycle","UsersWithManageSharingPerm","sadler+james.xl7w6cmbww5s.px7tvidbgiua.kmwrg9l96vi2.g7pbejdoumyv@uni-recycle.com","noreply@example.com","Standard","Service Cloud User","User Profile","Added","2025-01-19 01:49:38","-"
"1Vhak000000Z2v3CAC","0","UsersWithManageSharingPerm","2025-01-19 01:49:38","005ak00000D314wAAB","2025-01-19 01:49:38","005ak00000D314wAAB","2025-01-19 01:49:38","ac49935c7d9f4ee6b47123037624f812","975b536f607a4e47a46218047bd01fe9","00Dak00000LLqsL","Uni Recycle","UsersWithManageSharingPerm","sharon+martino.4ydrsn1gcqwz.xg91zvdbllxv.bemzvyaidfgz@uni-recycle.com","noreply@example.com","Standard","Service Cloud","User Profile","Added","2025-01-19 01:49:38","-"
"1Vhak000000Z2wbCAC","0","UsersWithViewEventLogFiles","2025-01-19 01:49:38","005ak00000D314wAAB","2025-01-19 01:49:38","005ak00000D314wAAB","2025-01-19 01:49:38","e383d444f34b428f928e2110a1d2b3d4","4d1cd7364e544beaab993d9fc9923089","00Dak00000LLqsL","Uni Recycle","UsersWithViewEventLogFiles","emile.lesage@uni-recycle.com","emile.lesage@uni-recycle.com","Standard","System Administrator","User Profile","Added","2025-01-19 01:49:38","-"
"1Vhak000000Z2wcCAC","0","UsersWithViewEventLogFiles","2025-01-19 01:49:38","005ak00000D314wAAB","2025-01-19 01:49:38","005ak00000D314wAAB","2025-01-19 01:49:38","e383d444f34b428f928e2110a1d2b3d4","48672d0a4cc34a96846ddba646286376","00Dak00000LLqsL","Uni Recycle","UsersWithViewEventLogFiles","sharon+louise.zpnxvx5vtjdy.yh9twblfal07.ly7vqezlat41@uni-recycle.com","noreply@example.com","Standard","Service Cloud User","User Profile","Added","2025-01-19 01:49:38","-"
"1Vhak000000Z2wdCAC","0","UsersWithViewEventLogFiles","2025-01-19 01:49:38","005ak00000D314wAAB","2025-01-19 01:49:38","005ak00000D314wAAB","2025-01-19 01:49:38","e383d444f34b428f928e2110a1d2b3d4","24f6400b1781463887665c4d14088029","00Dak00000LLqsL","Uni Recycle","UsersWithViewEventLogFiles","integration@00dak00000llqsleat.com","noreply@example.com","Standard","Analytics Cloud Integration User","User Profile","Added","2025-01-19 01:49:38","-"
"1Vhak000000Z2weCAC","0","UsersWithViewEventLogFiles","2025-01-19 01:49:38","005ak00000D314wAAB","2025-01-19 01:49:38","005ak00000D314wAAB","2025-01-19 01:49:38","e383d444f34b428f928e2110a1d2b3d4","934991a1408e4f09aa46774184a18622","00Dak00000LLqsL","Uni Recycle","UsersWithViewEventLogFiles","sadler+james.xl7w6cmbww5s.px7tvidbgiua.kmwrg9l96vi2.g7pbejdoumyv@uni-recycle.com","noreply@example.com","Standard","Service Cloud User","User Profile","Added","2025-01-19 01:49:38","-"
"1Vhak000000Z2wfCAC","0","UsersWithViewEventLogFiles","2025-01-19 01:49:38","005ak00000D314wAAB","2025-01-19 01:49:38","005ak00000D314wAAB","2025-01-19 01:49:38","e383d444f34b428f928e2110a1d2b3d4","9ab4fa90590a4f4f982950db38df0c71","00Dak00000LLqsL","Uni Recycle","UsersWithViewEventLogFiles","insightssecurity@00dak00000llqsleat.com","noreply@example.com","Standard","Analytics Cloud Security User","User Profile","Added","2025-01-19 01:49:38","-"
"1Vhak000000Z2wgCAC","0","UsersWithViewEventLogFiles","2025-01-19 01:49:38","005ak00000D314wAAB","2025-01-19 01:49:38","005ak00000D314wAAB","2025-01-19 01:49:38","e383d444f34b428f928e2110a1d2b3d4","45e415dc97ee4732afdaf6a8b73b2989","00Dak00000LLqsL","Uni Recycle","UsersWithViewEventLogFiles","sharon+martino.4ydrsn1gcqwz.xg91zvdbllxv.bemzvyaidfgz@uni-recycle.com","noreply@example.com","Standard","Service Cloud","User Profile","Added","2025-01-19 01:49:38","-"
"1Vhak000000Z2yDCAS","0","UsersWithManagePasswordPolicyPerm","2025-01-19 01:49:38","005ak00000D314wAAB","2025-01-19 01:49:38","005ak00000D314wAAB","2025-01-19 01:49:38","aad5197941a94a1dac10381f37bcd01d","6308ebd9bf804990aa57f12cc41bebcf","00Dak00000LLqsL","Uni Recycle","UsersWithManagePasswordPolicyPerm","emile.lesage@uni-recycle.com","emile.lesage@uni-recycle.com","Standard","System Administrator","User Profile","Added","2025-01-19 01:49:38","-"
"1Vhak000000Z2yECAS","0","UsersWithManagePasswordPolicyPerm","2025-01-19 01:49:38","005ak00000D314wAAB","2025-01-19 01:49:38","005ak00000D314wAAB","2025-01-19 01:49:38","aad5197941a94a1dac10381f37bcd01d","aee7b5596ce54cf1b6184ccbdd9a1bc4","00Dak00000LLqsL","Uni Recycle","UsersWithManagePasswordPolicyPerm","sharon+louise.zpnxvx5vtjdy.yh9twblfal07.ly7vqezlat41@uni-recycle.com","noreply@example.com","Standard","Service Cloud User","User Profile","Added","2025-01-19 01:49:38","-"
"1Vhak000000Z2yFCAS","0","UsersWithManagePasswordPolicyPerm","2025-01-19 01:49:38","005ak00000D314wAAB","2025-01-19 01:49:38","005ak00000D314wAAB","2025-01-19 01:49:38","aad5197941a94a1dac10381f37bcd01d","5612157823704124a338ca7c746a329e","00Dak00000LLqsL","Uni Recycle","UsersWithManagePasswordPolicyPerm","emile.lesage@uni-recycle.com","emile.lesage@uni-recycle.com","Standard","Field Service Admin Permissions","Permission Set","Added","2025-01-19 01:49:38","-"
"1Vhak000000Z2yGCAS","0","UsersWithManagePasswordPolicyPerm","2025-01-19 01:49:38","005ak00000D314wAAB","2025-01-19 01:49:38","005ak00000D314wAAB","2025-01-19 01:49:38","aad5197941a94a1dac10381f37bcd01d","d9cd9f6eda204c55885e401525127c3c","00Dak00000LLqsL","Uni Recycle","UsersWithManagePasswordPolicyPerm","sadler+james.xl7w6cmbww5s.px7tvidbgiua.kmwrg9l96vi2.g7pbejdoumyv@uni-recycle.com","noreply@example.com","Standard","Service Cloud User","User Profile","Added","2025-01-19 01:49:38","-"
"1Vhak000000Z2yHCAS","0","UsersWithManagePasswordPolicyPerm","2025-01-19 01:49:38","005ak00000D314wAAB","2025-01-19 01:49:38","005ak00000D314wAAB","2025-01-19 01:49:38","aad5197941a94a1dac10381f37bcd01d","d6e139ee75df4b02aac33dcc63b4cfd4","00Dak00000LLqsL","Uni Recycle","UsersWithManagePasswordPolicyPerm","sharon+martino.4ydrsn1gcqwz.xg91zvdbllxv.bemzvyaidfgz@uni-recycle.com","noreply@example.com","Standard","Service Cloud","User Profile","Added","2025-01-19 01:49:38","-"
"1Vhak000000Z2zpCAC","0","UsersWithDownloadAppExPackaging","2025-01-19 01:49:38","005ak00000D314wAAB","2025-01-19 01:49:38","005ak00000D314wAAB","2025-01-19 01:49:38","702f150f19fd4541a4dfdd074959e7c5","621d396a7b754d16bbbba16c8901f1d1","00Dak00000LLqsL","Uni Recycle","UsersWithDownloadAppExPackaging","emile.lesage@uni-recycle.com","emile.lesage@uni-recycle.com","Standard","System Administrator","User Profile","Added","2025-01-19 01:49:38","-"
"1Vhak000000Z2zqCAC","0","UsersWithDownloadAppExPackaging","2025-01-19 01:49:38","005ak00000D314wAAB","2025-01-19 01:49:38","005ak00000D314wAAB","2025-01-19 01:49:38","702f150f19fd4541a4dfdd074959e7c5","25b3a6a693a641378613879001bb2731","00Dak00000LLqsL","Uni Recycle","UsersWithDownloadAppExPackaging","sharon+louise.zpnxvx5vtjdy.yh9twblfal07.ly7vqezlat41@uni-recycle.com","noreply@example.com","Standard","Service Cloud User","User Profile","Added","2025-01-19 01:49:38","-"
"1Vhak000000Z2zrCAC","0","UsersWithDownloadAppExPackaging","2025-01-19 01:49:38","005ak00000D314wAAB","2025-01-19 01:49:38","005ak00000D314wAAB","2025-01-19 01:49:38","702f150f19fd4541a4dfdd074959e7c5","74b8043d4fb443e599d4ba292c78e0ad","00Dak00000LLqsL","Uni Recycle","UsersWithDownloadAppExPackaging","sadler+james.xl7w6cmbww5s.px7tvidbgiua.kmwrg9l96vi2.g7pbejdoumyv@uni-recycle.com","noreply@example.com","Standard","Service Cloud User","User Profile","Added","2025-01-19 01:49:38","-"
"1Vhak000000Z2zsCAC","0","UsersWithDownloadAppExPackaging","2025-01-19 01:49:38","005ak00000D314wAAB","2025-01-19 01:49:38","005ak00000D314wAAB","2025-01-19 01:49:38","702f150f19fd4541a4dfdd074959e7c5","7b5c2edd15a94d7983ac066aac75bad0","00Dak00000LLqsL","Uni Recycle","UsersWithDownloadAppExPackaging","sharon+martino.4ydrsn1gcqwz.xg91zvdbllxv.bemzvyaidfgz@uni-recycle.com","noreply@example.com","Standard","Service Cloud","User Profile","Added","2025-01-19 01:49:38","-"
"1Vhak000000Z31RCAS","0","UsersWithManageIpAddress","2025-01-19 01:49:38","005ak00000D314wAAB","2025-01-19 01:49:38","005ak00000D314wAAB","2025-01-19 01:49:38","ff32652f63804f2ea60648366b499f03","6618bc5e025b48bcb6fc4ccea0039016","00Dak00000LLqsL","Uni Recycle","UsersWithManageIpAddress","emile.lesage@uni-recycle.com","emile.lesage@uni-recycle.com","Standard","System Administrator","User Profile","Added","2025-01-19 01:49:38","-"
"1Vhak000000Z31SCAS","0","UsersWithManageIpAddress","2025-01-19 01:49:38","005ak00000D314wAAB","2025-01-19 01:49:38","005ak00000D314wAAB","2025-01-19 01:49:38","ff32652f63804f2ea60648366b499f03","350aeb61f5eb4a45b0affbc03b4aae71","00Dak00000LLqsL","Uni Recycle","UsersWithManageIpAddress","sharon+louise.zpnxvx5vtjdy.yh9twblfal07.ly7vqezlat41@uni-recycle.com","noreply@example.com","Standard","Service Cloud User","User Profile","Added","2025-01-19 01:49:38","-"
"1Vhak000000Z31TCAS","0","UsersWithManageIpAddress","2025-01-19 01:49:38","005ak00000D314wAAB","2025-01-19 01:49:38","005ak00000D314wAAB","2025-01-19 01:49:38","ff32652f63804f2ea60648366b499f03","ca6badf6902447018bb513da2ed64d88","00Dak00000LLqsL","Uni Recycle","UsersWithManageIpAddress","emile.lesage@uni-recycle.com","emile.lesage@uni-recycle.com","Standard","Field Service Admin Permissions","Permission Set","Added","2025-01-19 01:49:38","-"
"1Vhak000000Z31UCAS","0","UsersWithManageIpAddress","2025-01-19 01:49:38","005ak00000D314wAAB","2025-01-19 01:49:38","005ak00000D314wAAB","2025-01-19 01:49:38","ff32652f63804f2ea60648366b499f03","c428d0c639a34cc49bab501f22b2262c","00Dak00000LLqsL","Uni Recycle","UsersWithManageIpAddress","sadler+james.xl7w6cmbww5s.px7tvidbgiua.kmwrg9l96vi2.g7pbejdoumyv@uni-recycle.com","noreply@example.com","Standard","Service Cloud User","User Profile","Added","2025-01-19 01:49:38","-"
"1Vhak000000Z31VCAS","0","UsersWithManageIpAddress","2025-01-19 01:49:38","005ak00000D314wAAB","2025-01-19 01:49:38","005ak00000D314wAAB","2025-01-19 01:49:38","ff32652f63804f2ea60648366b499f03","a0cf025e1486469da3c2be90025ce6ce","00Dak00000LLqsL","Uni Recycle","UsersWithManageIpAddress","sharon+martino.4ydrsn1gcqwz.xg91zvdbllxv.bemzvyaidfgz@uni-recycle.com","noreply@example.com","Standard","Service Cloud","User Profile","Added","2025-01-19 01:49:38","-"
"1Vhak000000Z333CAC","0","UsersWithCustomizeAppPerm","2025-01-19 01:49:38","005ak00000D314wAAB","2025-01-19 01:49:38","005ak00000D314wAAB","2025-01-19 01:49:38","d1d7d0ea775b4075a9d5e7b2231c66c9","927b3db381b548408da5d82c5fdac772","00Dak00000LLqsL","Uni Recycle","UsersWithCustomizeAppPerm","emile.lesage@uni-recycle.com","emile.lesage@uni-recycle.com","Standard","System Administrator","User Profile","Added","2025-01-19 01:49:38","-"
"1Vhak000000Z334CAC","0","UsersWithCustomizeAppPerm","2025-01-19 01:49:38","005ak00000D314wAAB","2025-01-19 01:49:38","005ak00000D314wAAB","2025-01-19 01:49:38","d1d7d0ea775b4075a9d5e7b2231c66c9","42fdaa9285dd488dae5ac56531a8984e","00Dak00000LLqsL","Uni Recycle","UsersWithCustomizeAppPerm","sharon+louise.zpnxvx5vtjdy.yh9twblfal07.ly7vqezlat41@uni-recycle.com","noreply@example.com","Standard","Service Cloud User","User Profile","Added","2025-01-19 01:49:38","-"
"1Vhak000000Z335CAC","0","UsersWithCustomizeAppPerm","2025-01-19 01:49:38","005ak00000D314wAAB","2025-01-19 01:49:38","005ak00000D314wAAB","2025-01-19 01:49:38","d1d7d0ea775b4075a9d5e7b2231c66c9","632fc58062b94211ab04aed2f89a3a4c","00Dak00000LLqsL","Uni Recycle","UsersWithCustomizeAppPerm","sadler+james.xl7w6cmbww5s.px7tvidbgiua.kmwrg9l96vi2.g7pbejdoumyv@uni-recycle.com","noreply@example.com","Standard","Service Cloud User","User Profile","Added","2025-01-19 01:49:38","-"
"1Vhak000000Z336CAC","0","UsersWithCustomizeAppPerm","2025-01-19 01:49:38","005ak00000D314wAAB","2025-01-19 01:49:38","005ak00000D314wAAB","2025-01-19 01:49:38","d1d7d0ea775b4075a9d5e7b2231c66c9","d92cd75dc8434a70aededd47089fe256","00Dak00000LLqsL","Uni Recycle","UsersWithCustomizeAppPerm","sharon+martino.4ydrsn1gcqwz.xg91zvdbllxv.bemzvyaidfgz@uni-recycle.com","noreply@example.com","Standard","Service Cloud","User Profile","Added","2025-01-19 01:49:38","-"
"1Vhak000000Z34fCAC","0","UsersWithMassEmail","2025-01-19 01:49:38","005ak00000D314wAAB","2025-01-19 01:49:38","005ak00000D314wAAB","2025-01-19 01:49:38","69f63511bdf740a4ad0b25219cd063b8","cd9c5721a6a345d6acf10bcab7003db9","00Dak00000LLqsL","Uni Recycle","UsersWithMassEmail","emile.lesage@uni-recycle.com","emile.lesage@uni-recycle.com","Standard","System Administrator","User Profile","Added","2025-01-19 01:49:38","-"
"1Vhak000000Z34gCAC","0","UsersWithMassEmail","2025-01-19 01:49:38","005ak00000D314wAAB","2025-01-19 01:49:38","005ak00000D314wAAB","2025-01-19 01:49:38","69f63511bdf740a4ad0b25219cd063b8","3c415a7673bb4075bbab3eaeff6426e6","00Dak00000LLqsL","Uni Recycle","UsersWithMassEmail","sharon+lamar.q6g0tom2vqgl.fqlqruwhqs9j.5mufnhbxtsa8.iexjr1yggdsw@uni-recycle.com","noreply@example.com","Standard","Standard Platform User","User Profile","Added","2025-01-19 01:49:38","-"
"1Vhak000000Z34hCAC","0","UsersWithMassEmail","2025-01-19 01:49:38","005ak00000D314wAAB","2025-01-19 01:49:38","005ak00000D314wAAB","2025-01-19 01:49:38","69f63511bdf740a4ad0b25219cd063b8","a491f868e6c04b4688411d312746419a","00Dak00000LLqsL","Uni Recycle","UsersWithMassEmail","sharon+alan.jmueyz1jg9gi.rtws2o61ymmb.dpypltcdyean.6jziyfplfh51@uni-recycle.com","noreply@example.com","Standard","Standard Platform User","User Profile","Added","2025-01-19 01:49:38","-"
"1Vhak000000Z34iCAC","0","UsersWithMassEmail","2025-01-19 01:49:38","005ak00000D314wAAB","2025-01-19 01:49:38","005ak00000D314wAAB","2025-01-19 01:49:38","69f63511bdf740a4ad0b25219cd063b8","2e1a57de66bb41fcb0967c22e30d1d07","00Dak00000LLqsL","Uni Recycle","UsersWithMassEmail","jacinta+sharon.d8gvrbzi5x38.klzcrdor0kpm.tm1kr3skd6lp@uni-recycle.com","noreply@example.com","Standard","Standard Platform User","User Profile","Added","2025-01-19 01:49:38","-"
"1Vhak000000Z34jCAC","0","UsersWithMassEmail","2025-01-19 01:49:38","005ak00000D314wAAB","2025-01-19 01:49:38","005ak00000D314wAAB","2025-01-19 01:49:38","69f63511bdf740a4ad0b25219cd063b8","80aff1c219f3412d857c041ccf7ba205","00Dak00000LLqsL","Uni Recycle","UsersWithMassEmail","sharon+louise.zpnxvx5vtjdy.yh9twblfal07.ly7vqezlat41@uni-recycle.com","noreply@example.com","Standard","Service Cloud User","User Profile","Added","2025-01-19 01:49:38","-"
"1Vhak000000Z34kCAC","0","UsersWithMassEmail","2025-01-19 01:49:38","005ak00000D314wAAB","2025-01-19 01:49:38","005ak00000D314wAAB","2025-01-19 01:49:38","69f63511bdf740a4ad0b25219cd063b8","699bc4b21db2489f8d32250ef3b7bb45","00Dak00000LLqsL","Uni Recycle","UsersWithMassEmail","fs.00d5y000002tkj0uak.0ogovtmfpvek.aadacmx38nps@uni-recycle.com","emile.lesage@uni-recycle.com","Standard","Field Service Optimization","User Profile","Added","2025-01-19 01:49:38","-"
"1Vhak000000Z34lCAC","0","UsersWithMassEmail","2025-01-19 01:49:38","005ak00000D314wAAB","2025-01-19 01:49:38","005ak00000D314wAAB","2025-01-19 01:49:38","69f63511bdf740a4ad0b25219cd063b8","3398c28e5a9c46c89770cce8dde5bc81","00Dak00000LLqsL","Uni Recycle","UsersWithMassEmail","sadler+james.xl7w6cmbww5s.px7tvidbgiua.kmwrg9l96vi2.g7pbejdoumyv@uni-recycle.com","noreply@example.com","Standard","Service Cloud User","User Profile","Added","2025-01-19 01:49:38","-"
"1Vhak000000Z34mCAC","0","UsersWithMassEmail","2025-01-19 01:49:38","005ak00000D314wAAB","2025-01-19 01:49:38","005ak00000D314wAAB","2025-01-19 01:49:38","69f63511bdf740a4ad0b25219cd063b8","23edeaa038e6459491635d0eb6996621","00Dak00000LLqsL","Uni Recycle","UsersWithMassEmail","sharon+martino.4ydrsn1gcqwz.xg91zvdbllxv.bemzvyaidfgz@uni-recycle.com","noreply@example.com","Standard","Service Cloud","User Profile","Added","2025-01-19 01:49:38","-"
"1Vhak000000Z36HCAS","0","UsersWithManageSecurityCenter","2025-01-19 01:49:38","005ak00000D314wAAB","2025-01-19 01:49:38","005ak00000D314wAAB","2025-01-19 01:49:38","431f9603c3b3405a8eaa9c11d84dd8eb","67f5a48cd040491392de576325349347","00Dak00000LLqsL","Uni Recycle","UsersWithManageSecurityCenter","emile.lesage@uni-recycle.com","emile.lesage@uni-recycle.com","Standard","security center","Permission Set","Added","2025-01-19 01:49:38","-"
"1Vhak000000Z36ICAS","0","UsersWithManageSecurityCenter","2025-01-19 01:49:38","005ak00000D314wAAB","2025-01-19 01:49:38","005ak00000D314wAAB","2025-01-19 01:49:38","431f9603c3b3405a8eaa9c11d84dd8eb","1978b5f96c48408b8b9e905978cbae4a","00Dak00000LLqsL","Uni Recycle","UsersWithManageSecurityCenter","emile.lesage@uni-recycle.com","emile.lesage@uni-recycle.com","Standard","Field Service Admin Permissions","Permission Set","Added","2025-01-19 01:49:38","-"
"1Vhak000000Z37tCAC","0","UsersWithManageFlow","2025-01-19 01:49:41","005ak00000D314wAAB","2025-01-19 01:49:41","005ak00000D314wAAB","2025-01-19 01:49:41","ee24ddd7ddf243d0bf31ad97b95caec8","5bb37a18f58f4bf3be34c972dae2d5f7","00Dak00000LLqsL","Uni Recycle","UsersWithManageFlow","emile.lesage@uni-recycle.com","emile.lesage@uni-recycle.com","Standard","System Administrator","User Profile","Added","2025-01-19 01:49:41","-"
"1Vhak000000Z39VCAS","0","UsersWithExportReports","2025-01-19 01:49:41","005ak00000D314wAAB","2025-01-19 01:49:41","005ak00000D314wAAB","2025-01-19 01:49:41","53ebb9dd840b465bb388f251ba21e12e","4783ef629e2f4d469ae4c9236417cc68","00Dak00000LLqsL","Uni Recycle","UsersWithExportReports","emile.lesage@uni-recycle.com","emile.lesage@uni-recycle.com","Standard","System Administrator","User Profile","Added","2025-01-19 01:49:41","-"
"1Vhak000000Z39WCAS","0","UsersWithExportReports","2025-01-19 01:49:41","005ak00000D314wAAB","2025-01-19 01:49:41","005ak00000D314wAAB","2025-01-19 01:49:41","53ebb9dd840b465bb388f251ba21e12e","b5b8b96593864d459428ae06a6b83bd4","00Dak00000LLqsL","Uni Recycle","UsersWithExportReports","sharon+lamar.q6g0tom2vqgl.fqlqruwhqs9j.5mufnhbxtsa8.iexjr1yggdsw@uni-recycle.com","noreply@example.com","Standard","Standard Platform User","User Profile","Added","2025-01-19 01:49:41","-"
"1Vhak000000Z39XCAS","0","UsersWithExportReports","2025-01-19 01:49:41","005ak00000D314wAAB","2025-01-19 01:49:41","005ak00000D314wAAB","2025-01-19 01:49:41","53ebb9dd840b465bb388f251ba21e12e","968ee46b33df4d4fada7f75da3f83a4f","00Dak00000LLqsL","Uni Recycle","UsersWithExportReports","sharon+alan.jmueyz1jg9gi.rtws2o61ymmb.dpypltcdyean.6jziyfplfh51@uni-recycle.com","noreply@example.com","Standard","Standard Platform User","User Profile","Added","2025-01-19 01:49:41","-"
"1Vhak000000Z39YCAS","0","UsersWithExportReports","2025-01-19 01:49:41","005ak00000D314wAAB","2025-01-19 01:49:41","005ak00000D314wAAB","2025-01-19 01:49:41","53ebb9dd840b465bb388f251ba21e12e","b76591e1018f445c962aa871943be81c","00Dak00000LLqsL","Uni Recycle","UsersWithExportReports","jacinta+sharon.d8gvrbzi5x38.klzcrdor0kpm.tm1kr3skd6lp@uni-recycle.com","noreply@example.com","Standard","Standard Platform User","User Profile","Added","2025-01-19 01:49:41","-"
"1Vhak000000Z39ZCAS","0","UsersWithExportReports","2025-01-19 01:49:41","005ak00000D314wAAB","2025-01-19 01:49:41","005ak00000D314wAAB","2025-01-19 01:49:41","53ebb9dd840b465bb388f251ba21e12e","1e51bcf88a394e3789b51668e19be072","00Dak00000LLqsL","Uni Recycle","UsersWithExportReports","sharon+louise.zpnxvx5vtjdy.yh9twblfal07.ly7vqezlat41@uni-recycle.com","noreply@example.com","Standard","Service Cloud User","User Profile","Added","2025-01-19 01:49:41","-"
"1Vhak000000Z39aCAC","0","UsersWithExportReports","2025-01-19 01:49:41","005ak00000D314wAAB","2025-01-19 01:49:41","005ak00000D314wAAB","2025-01-19 01:49:41","53ebb9dd840b465bb388f251ba21e12e","637787c38ded490ab35a76f355d105b7","00Dak00000LLqsL","Uni Recycle","UsersWithExportReports","sadler+james.xl7w6cmbww5s.px7tvidbgiua.kmwrg9l96vi2.g7pbejdoumyv@uni-recycle.com","noreply@example.com","Standard","Service Cloud User","User Profile","Added","2025-01-19 01:49:41","-"
"1Vhak000000Z39bCAC","0","UsersWithExportReports","2025-01-19 01:49:41","005ak00000D314wAAB","2025-01-19 01:49:41","005ak00000D314wAAB","2025-01-19 01:49:41","53ebb9dd840b465bb388f251ba21e12e","29c9b49e7ec44140b0bd3ed78a41900a","00Dak00000LLqsL","Uni Recycle","UsersWithExportReports","sharon+martino.4ydrsn1gcqwz.xg91zvdbllxv.bemzvyaidfgz@uni-recycle.com","noreply@example.com","Standard","Service Cloud","User Profile","Added","2025-01-19 01:49:41","-"
"1Vhak000000Z3B7CAK","0","UsersWithListEmailSend","2025-01-19 01:49:41","005ak00000D314wAAB","2025-01-19 01:49:41","005ak00000D314wAAB","2025-01-19 01:49:41","9cf837b24daa469d98af4b5aef1a291f","8b53aaee2c2b4e4b82c304ee9d36712e","00Dak00000LLqsL","Uni Recycle","UsersWithListEmailSend","emile.lesage@uni-recycle.com","emile.lesage@uni-recycle.com","Standard","System Administrator","User Profile","Added","2025-01-19 01:49:41","-"
"1Vhak000000Z3B8CAK","0","UsersWithListEmailSend","2025-01-19 01:49:41","005ak00000D314wAAB","2025-01-19 01:49:41","005ak00000D314wAAB","2025-01-19 01:49:41","9cf837b24daa469d98af4b5aef1a291f","3968bda2f2014bb0940ca563103b3abd","00Dak00000LLqsL","Uni Recycle","UsersWithListEmailSend","sharon+lamar.q6g0tom2vqgl.fqlqruwhqs9j.5mufnhbxtsa8.iexjr1yggdsw@uni-recycle.com","noreply@example.com","Standard","Standard Platform User","User Profile","Added","2025-01-19 01:49:41","-"
"1Vhak000000Z3B9CAK","0","UsersWithListEmailSend","2025-01-19 01:49:41","005ak00000D314wAAB","2025-01-19 01:49:41","005ak00000D314wAAB","2025-01-19 01:49:41","9cf837b24daa469d98af4b5aef1a291f","7e658f6a572046749bf00a9559ef459c","00Dak00000LLqsL","Uni Recycle","UsersWithListEmailSend","sharon+alan.jmueyz1jg9gi.rtws2o61ymmb.dpypltcdyean.6jziyfplfh51@uni-recycle.com","noreply@example.com","Standard","Standard Platform User","User Profile","Added","2025-01-19 01:49:41","-"
"1Vhak000000Z3BACA0","0","UsersWithListEmailSend","2025-01-19 01:49:41","005ak00000D314wAAB","2025-01-19 01:49:41","005ak00000D314wAAB","2025-01-19 01:49:41","9cf837b24daa469d98af4b5aef1a291f","b26375e83d2c4b82a7f11d08faca4cb2","00Dak00000LLqsL","Uni Recycle","UsersWithListEmailSend","jacinta+sharon.d8gvrbzi5x38.klzcrdor0kpm.tm1kr3skd6lp@uni-recycle.com","noreply@example.com","Standard","Standard Platform User","User Profile","Added","2025-01-19 01:49:41","-"
"1Vhak000000Z3BBCA0","0","UsersWithListEmailSend","2025-01-19 01:49:41","005ak00000D314wAAB","2025-01-19 01:49:41","005ak00000D314wAAB","2025-01-19 01:49:41","9cf837b24daa469d98af4b5aef1a291f","8b6c02a1ae384605b03600b42721d7ec","00Dak00000LLqsL","Uni Recycle","UsersWithListEmailSend","sharon+louise.zpnxvx5vtjdy.yh9twblfal07.ly7vqezlat41@uni-recycle.com","noreply@example.com","Standard","Service Cloud User","User Profile","Added","2025-01-19 01:49:41","-"
"1Vhak000000Z3BCCA0","0","UsersWithListEmailSend","2025-01-19 01:49:41","005ak00000D314wAAB","2025-01-19 01:49:41","005ak00000D314wAAB","2025-01-19 01:49:41","9cf837b24daa469d98af4b5aef1a291f","d0d6bbe0419b48bfbf216df0dff4b988","00Dak00000LLqsL","Uni Recycle","UsersWithListEmailSend","sadler+james.xl7w6cmbww5s.px7tvidbgiua.kmwrg9l96vi2.g7pbejdoumyv@uni-recycle.com","noreply@example.com","Standard","Service Cloud User","User Profile","Added","2025-01-19 01:49:41","-"
"1Vhak000000Z3BDCA0","0","UsersWithListEmailSend","2025-01-19 01:49:41","005ak00000D314wAAB","2025-01-19 01:49:41","005ak00000D314wAAB","2025-01-19 01:49:41","9cf837b24daa469d98af4b5aef1a291f","0828e79173384b0e9152e37977510b7b","00Dak00000LLqsL","Uni Recycle","UsersWithListEmailSend","sharon+martino.4ydrsn1gcqwz.xg91zvdbllxv.bemzvyaidfgz@uni-recycle.com","noreply@example.com","Standard","Service Cloud","User Profile","Added","2025-01-19 01:49:41","-"
"1Vhak000000Z3CjCAK","0","UsersWithViewAllUsers","2025-01-19 01:49:43","005ak00000D314wAAB","2025-01-19 01:49:43","005ak00000D314wAAB","2025-01-19 01:49:43","9a979d2eb44245d98600355046beef35","989169e2e60848d0a7d68c7a3486e52c","00Dak00000LLqsL","Uni Recycle","UsersWithViewAllUsers","emile.lesage@uni-recycle.com","emile.lesage@uni-recycle.com","Standard","System Administrator","User Profile","Added","2025-01-19 01:49:43","-"
"1Vhak000000Z3CkCAK","0","UsersWithViewAllUsers","2025-01-19 01:49:43","005ak00000D314wAAB","2025-01-19 01:49:43","005ak00000D314wAAB","2025-01-19 01:49:43","9a979d2eb44245d98600355046beef35","4a2ce272b7504eb4bb41f024d69169f3","00Dak00000LLqsL","Uni Recycle","UsersWithViewAllUsers","sharon+louise.zpnxvx5vtjdy.yh9twblfal07.ly7vqezlat41@uni-recycle.com","noreply@example.com","Standard","Service Cloud User","User Profile","Added","2025-01-19 01:49:43","-"
"1Vhak000000Z3ClCAK","0","UsersWithViewAllUsers","2025-01-19 01:49:43","005ak00000D314wAAB","2025-01-19 01:49:43","005ak00000D314wAAB","2025-01-19 01:49:43","9a979d2eb44245d98600355046beef35","f9118d0c58ad46458f4191e6db15eae0","00Dak00000LLqsL","Uni Recycle","UsersWithViewAllUsers","emile.lesage@uni-recycle.com","emile.lesage@uni-recycle.com","Standard","Field Service Admin Permissions","Permission Set","Added","2025-01-19 01:49:43","-"
"1Vhak000000Z3CmCAK","0","UsersWithViewAllUsers","2025-01-19 01:49:43","005ak00000D314wAAB","2025-01-19 01:49:43","005ak00000D314wAAB","2025-01-19 01:49:43","9a979d2eb44245d98600355046beef35","d60ce8cc27e44d4990a0f331e6b26d79","00Dak00000LLqsL","Uni Recycle","UsersWithViewAllUsers","integration@00dak00000llqsleat.com","noreply@example.com","Standard","Analytics Cloud Integration User","User Profile","Added","2025-01-19 01:49:43","-"
"1Vhak000000Z3CnCAK","0","UsersWithViewAllUsers","2025-01-19 01:49:43","005ak00000D314wAAB","2025-01-19 01:49:43","005ak00000D314wAAB","2025-01-19 01:49:43","9a979d2eb44245d98600355046beef35","7f67aa0ed9b94c4c88ed1499809e387f","00Dak00000LLqsL","Uni Recycle","UsersWithViewAllUsers","sadler+james.xl7w6cmbww5s.px7tvidbgiua.kmwrg9l96vi2.g7pbejdoumyv@uni-recycle.com","noreply@example.com","Standard","Service Cloud User","User Profile","Added","2025-01-19 01:49:43","-"
"1Vhak000000Z3CoCAK","0","UsersWithViewAllUsers","2025-01-19 01:49:43","005ak00000D314wAAB","2025-01-19 01:49:43","005ak00000D314wAAB","2025-01-19 01:49:43","9a979d2eb44245d98600355046beef35","374eda0c49174c2483da425b8f564eeb","00Dak00000LLqsL","Uni Recycle","UsersWithViewAllUsers","insightssecurity@00dak00000llqsleat.com","noreply@example.com","Standard","Analytics Cloud Security User","User Profile","Added","2025-01-19 01:49:43","-"
"1Vhak000000Z3CpCAK","0","UsersWithViewAllUsers","2025-01-19 01:49:43","005ak00000D314wAAB","2025-01-19 01:49:43","005ak00000D314wAAB","2025-01-19 01:49:43","9a979d2eb44245d98600355046beef35","6d71a51fabea4545914f7a7253aa9393","00Dak00000LLqsL","Uni Recycle","UsersWithViewAllUsers","sharon+martino.4ydrsn1gcqwz.xg91zvdbllxv.bemzvyaidfgz@uni-recycle.com","noreply@example.com","Standard","Service Cloud","User Profile","Added","2025-01-19 01:49:43","-"
"1Vhak000000Z3ELCA0","0","UsersWithViewSecurityCenter","2025-01-19 01:49:44","005ak00000D314wAAB","2025-01-19 01:49:44","005ak00000D314wAAB","2025-01-19 01:49:44","842978f1fa63425dbb002bc231e6d9ad","17f7a2a6b2b0448381bb612befbed4b9","00Dak00000LLqsL","Uni Recycle","UsersWithViewSecurityCenter","emile.lesage@uni-recycle.com","emile.lesage@uni-recycle.com","Standard","security center","Permission Set","Added","2025-01-19 01:49:44","-"
"1Vhak000000Z3EMCA0","0","UsersWithViewSecurityCenter","2025-01-19 01:49:44","005ak00000D314wAAB","2025-01-19 01:49:44","005ak00000D314wAAB","2025-01-19 01:49:44","842978f1fa63425dbb002bc231e6d9ad","9ed6903e44a04bbe97da464a625def4c","00Dak00000LLqsL","Uni Recycle","UsersWithViewSecurityCenter","emile.lesage@uni-recycle.com","emile.lesage@uni-recycle.com","Standard","Field Service Admin Permissions","Permission Set","Added","2025-01-19 01:49:44","-"
"1Vhak000000Z3FxCAK","0","UsersWithManageCert","2025-01-19 01:49:47","005ak00000D314wAAB","2025-01-19 01:49:47","005ak00000D314wAAB","2025-01-19 01:49:47","c34396cab6cd4121a9baa5c6cd462e8f","af86f536ca274f0da11d7de0be397d9e","00Dak00000LLqsL","Uni Recycle","UsersWithManageCert","emile.lesage@uni-recycle.com","emile.lesage@uni-recycle.com","Standard","System Administrator","User Profile","Added","2025-01-19 01:49:47","-"
"1Vhak000000Z3FyCAK","0","UsersWithManageCert","2025-01-19 01:49:47","005ak00000D314wAAB","2025-01-19 01:49:47","005ak00000D314wAAB","2025-01-19 01:49:47","c34396cab6cd4121a9baa5c6cd462e8f","2c0ba5011ddc44dc8eff9522d37a6818","00Dak00000LLqsL","Uni Recycle","UsersWithManageCert","sharon+louise.zpnxvx5vtjdy.yh9twblfal07.ly7vqezlat41@uni-recycle.com","noreply@example.com","Standard","Service Cloud User","User Profile","Added","2025-01-19 01:49:47","-"
"1Vhak000000Z3FzCAK","0","UsersWithManageCert","2025-01-19 01:49:47","005ak00000D314wAAB","2025-01-19 01:49:47","005ak00000D314wAAB","2025-01-19 01:49:47","c34396cab6cd4121a9baa5c6cd462e8f","072b4e824f174ad6971641c259e3f537","00Dak00000LLqsL","Uni Recycle","UsersWithManageCert","sadler+james.xl7w6cmbww5s.px7tvidbgiua.kmwrg9l96vi2.g7pbejdoumyv@uni-recycle.com","noreply@example.com","Standard","Service Cloud User","User Profile","Added","2025-01-19 01:49:47","-"
"1Vhak000000Z3G0CAK","0","UsersWithManageCert","2025-01-19 01:49:47","005ak00000D314wAAB","2025-01-19 01:49:47","005ak00000D314wAAB","2025-01-19 01:49:47","c34396cab6cd4121a9baa5c6cd462e8f","b2830707d7be4f10819576b9ab9a73e4","00Dak00000LLqsL","Uni Recycle","UsersWithManageCert","sharon+martino.4ydrsn1gcqwz.xg91zvdbllxv.bemzvyaidfgz@uni-recycle.com","noreply@example.com","Standard","Service Cloud","User Profile","Added","2025-01-19 01:49:47","-"
