"Id","IsDeleted","Name","CreatedDate","CreatedById","LastModifiedDate","LastModifiedById","SystemModstamp","MetricIdentifier","DetailIdentifier","Tenant","TenantName","MetricsType","Username","UserEmail","LoginCount","LastLoginDate"
"7Teak00000ALPQfCAP","0","LoginsWithUNPW","2025-01-19 01:49:39","005ak00000D314wAAB","2025-01-19 01:49:39","005ak00000D314wAAB","2025-01-19 01:49:39","fa0c61121af14fcab99201be35af9712","5b0d811c3fe04b58978d13129df40a26","00Dak00000LLqsL","Uni Recycle","LoginsWithUNPW","fs.00d5y000002tkj0uak.0ogovtmfpvek.aadacmx38nps@uni-recycle.com","emile.lesage@uni-recycle.com","1","2025-01-18 18:17:26"
"7Teak00000ALPQgCAP","0","LoginsWithUNPW","2025-01-19 01:49:39","005ak00000D314wAAB","2025-01-19 01:49:39","005ak00000D314wAAB","2025-01-19 01:49:39","fa0c61121af14fcab99201be35af9712","3ecb0f09e2be4d9baae69f9f1115b041","00Dak00000LLqsL","Uni Recycle","LoginsWithUNPW","emile.lesage@uni-recycle.com","emile.lesage@uni-recycle.com","1","2025-01-18 18:17:57"
"7Teak00000APckHCAT","0","LoginsWithUNPW","2025-01-21 10:48:27","005ak00000D314wAAB","2025-01-21 10:48:27","005ak00000D314wAAB","2025-01-21 10:48:27","8af3dc2ddf9d4c93818c6e0d360dfd9c","00f0b3f45b6f4d8f95db4a61937082d4","00Dak00000LLqsL","Uni Recycle","LoginsWithUNPW","fs.00d5y000002tkj0uak.0ogovtmfpvek.aadacmx38nps@uni-recycle.com","emile.lesage@uni-recycle.com","3","2025-01-20 12:19:09"
"7Teak00000APckICAT","0","LoginsWithUNPW","2025-01-21 10:48:27","005ak00000D314wAAB","2025-01-21 10:48:27","005ak00000D314wAAB","2025-01-21 10:48:27","8af3dc2ddf9d4c93818c6e0d360dfd9c","c88656c0a22d4601a96059c919dbcef3","00Dak00000LLqsL","Uni Recycle","LoginsWithUNPW","emile.lesage@uni-recycle.com","emile.lesage@uni-recycle.com","4","2025-01-20 17:46:49"
"7Teak00000APcltCAD","0","LoginsWithOAUTH","2025-01-21 10:48:28","005ak00000D314wAAB","2025-01-21 10:48:28","005ak00000D314wAAB","2025-01-21 10:48:28","cb13d6de83294119a8cd9601a433a2a2","2f6115c52fa34e7ba05d45b74b7714c9","00Dak00000LLqsL","Uni Recycle","LoginsWithOAUTH","fs.00d5y000002tkj0uak.0ogovtmfpvek.aadacmx38nps@uni-recycle.com","emile.lesage@uni-recycle.com","2","2025-01-20 12:25:39"
"7Teak00000APcluCAD","0","LoginsWithOAUTH","2025-01-21 10:48:28","005ak00000D314wAAB","2025-01-21 10:48:28","005ak00000D314wAAB","2025-01-21 10:48:28","cb13d6de83294119a8cd9601a433a2a2","8d8307ba4c414b93a5f65642cafe7eb9","00Dak00000LLqsL","Uni Recycle","LoginsWithOAUTH","emile.lesage@uni-recycle.com","emile.lesage@uni-recycle.com","2","2025-01-20 20:25:26"
"7Teak00000AVAzpCAH","0","LoginsWithOAUTH","2025-01-23 04:13:33","005ak00000D314wAAB","2025-01-23 04:13:33","005ak00000D314wAAB","2025-01-23 04:13:33","a9d6c4a8280b49d0827930fdd4e473da","9e6c4e85caa2480fb7bc29042bed6566","00Dak00000LLqsL","Uni Recycle","LoginsWithOAUTH","fs.00d5y000002tkj0uak.0ogovtmfpvek.aadacmx38nps@uni-recycle.com","emile.lesage@uni-recycle.com","2","2025-01-22 06:01:26"
"7Teak00000AZXY1CAP","0","LoginsWithUNPW","2025-01-24 18:02:46","005ak00000D314wAAB","2025-01-24 18:02:46","005ak00000D314wAAB","2025-01-24 18:02:46","36ad2032c11247ad83cfe949baa809be","f257819dc8484f31a890932134f145c8","00Dak00000LLqsL","Uni Recycle","LoginsWithUNPW","emile.lesage@uni-recycle.com","emile.lesage@uni-recycle.com","1","2025-01-23 13:26:50"
"7Teak00000AZXZdCAP","0","LoginsWithOAUTH","2025-01-24 18:02:46","005ak00000D314wAAB","2025-01-24 18:02:46","005ak00000D314wAAB","2025-01-24 18:02:46","fae9a5f1c80547e686866c351c597092","7d078826b590436c813098e19615a27b","00Dak00000LLqsL","Uni Recycle","LoginsWithOAUTH","fs.00d5y000002tkj0uak.0ogovtmfpvek.aadacmx38nps@uni-recycle.com","emile.lesage@uni-recycle.com","2","2025-01-23 06:02:03"
"7Teak00000AcPxJCAV","0","LoginsWithOAUTH","2025-01-25 21:08:46","005ak00000D314wAAB","2025-01-25 21:08:46","005ak00000D314wAAB","2025-01-25 21:08:46","18f20aafcfc94103b0fa1c9022e35ffb","92f10b91a1d34e40b41b6a4ddceda4d3","00Dak00000LLqsL","Uni Recycle","LoginsWithOAUTH","fs.00d5y000002tkj0uak.0ogovtmfpvek.aadacmx38nps@uni-recycle.com","emile.lesage@uni-recycle.com","2","2025-01-24 06:01:53"
"7Teak00000AcPyvCAF","0","LoginsWithUNPW","2025-01-25 21:08:47","005ak00000D314wAAB","2025-01-25 21:08:47","005ak00000D314wAAB","2025-01-25 21:08:47","71732dc39c504e3caeb726dbc7c6894b","66aa4420c8d0490391e3cb1e93ca76f4","00Dak00000LLqsL","Uni Recycle","LoginsWithUNPW","emile.lesage@uni-recycle.com","emile.lesage@uni-recycle.com","2","2025-01-24 18:27:13"
"7Teak00000AdJmbCAF","0","LoginsWithOAUTH","2025-01-26 11:17:06","005ak00000D314wAAB","2025-01-26 11:17:06","005ak00000D314wAAB","2025-01-26 11:17:06","9931d912894040788031aa1af8b61fc5","250139b9d4bd43ab9dc334601d282e89","00Dak00000LLqsL","Uni Recycle","LoginsWithOAUTH","fs.00d5y000002tkj0uak.0ogovtmfpvek.aadacmx38nps@uni-recycle.com","emile.lesage@uni-recycle.com","2","2025-01-25 06:00:57"
"7Teak00000AfUQHCA3","0","LoginsWithOAUTH","2025-01-27 15:16:02","005ak00000D314wAAB","2025-01-27 15:16:02","005ak00000D314wAAB","2025-01-27 15:16:02","ac64854eed194416991f7921767747c2","7107bb1e3a87436eaecdb3b84c6a2d69","00Dak00000LLqsL","Uni Recycle","LoginsWithOAUTH","fs.00d5y000002tkj0uak.0ogovtmfpvek.aadacmx38nps@uni-recycle.com","emile.lesage@uni-recycle.com","2","2025-01-26 06:01:08"
"7Teak00000Aih6jCAB","0","LoginsWithUNPW","2025-01-28 17:03:07","005ak00000D314wAAB","2025-01-28 17:03:07","005ak00000D314wAAB","2025-01-28 17:03:07","13dca006092e47cbb648109fc8d62a50","1dee6314582c4692887801503562406d","00Dak00000LLqsL","Uni Recycle","LoginsWithUNPW","emile.lesage@uni-recycle.com","emile.lesage@uni-recycle.com","2","2025-01-27 15:43:02"
"7Teak00000Aih8LCAR","0","LoginsWithOAUTH","2025-01-28 17:03:08","005ak00000D314wAAB","2025-01-28 17:03:08","005ak00000D314wAAB","2025-01-28 17:03:08","db559b7dbaf74be2b0830ebc9605df8d","0bc1f07235d74af1a07735e074b6248e","00Dak00000LLqsL","Uni Recycle","LoginsWithOAUTH","fs.00d5y000002tkj0uak.0ogovtmfpvek.aadacmx38nps@uni-recycle.com","emile.lesage@uni-recycle.com","5","2025-01-27 20:25:17"
"7Teak00000Aknk1CAB","0","LoginsWithOAUTH","2025-01-29 12:43:48","005ak00000D314wAAB","2025-01-29 12:43:48","005ak00000D314wAAB","2025-01-29 12:43:48","3bf5e9570ce44a53b21020e5cf5cb056","c57c88ebb9464baaaa79299bbd82564c","00Dak00000LLqsL","Uni Recycle","LoginsWithOAUTH","fs.00d5y000002tkj0uak.0ogovtmfpvek.aadacmx38nps@uni-recycle.com","emile.lesage@uni-recycle.com","4","2025-01-28 12:26:37"
"7Teak00000AlED4CAN","0","LoginsWithUNPW","2025-01-29 12:43:47","005ak00000D314wAAB","2025-01-29 12:43:47","005ak00000D314wAAB","2025-01-29 12:43:47","79c65bc44c1c457f9d5ee1fad55479a3","1abfefa0f9754775900a9b37f28aeef5","00Dak00000LLqsL","Uni Recycle","LoginsWithUNPW","emile.lesage@uni-recycle.com","emile.lesage@uni-recycle.com","3","2025-01-28 21:22:09"
"7Teak00000ArMMPCA3","0","LoginsWithUNPW","2025-01-31 04:36:51","005ak00000D314wAAB","2025-01-31 04:36:51","005ak00000D314wAAB","2025-01-31 04:36:51","3337b04e6e7b475eaa9bbf2eca66704e","ee30121192334213919eed44f3bb7d67","00Dak00000LLqsL","Uni Recycle","LoginsWithUNPW","emile.lesage@uni-recycle.com","emile.lesage@uni-recycle.com","2","2025-01-30 18:38:23"
"7Teak00000B1JlSCAV","0","LoginsWithUNPW","2025-02-04 08:50:59","005ak00000D314wAAB","2025-02-04 08:50:59","005ak00000D314wAAB","2025-02-04 08:50:59","b7ac17adc2594edda33eaac56ac9dbcb","9e6d67f431bd46089d704e01758c9413","00Dak00000LLqsL","Uni Recycle","LoginsWithUNPW","emile.lesage@uni-recycle.com","emile.lesage@uni-recycle.com","2","2025-02-03 17:47:04"
