"Id","IsDeleted","Name","CreatedDate","CreatedById","LastModifiedDate","LastModifiedById","SystemModstamp","MetricIdentifier","DetailIdentifier","Tenant","TenantName","MetricsType","AppName","AuthorizedBy","Scope","Version","Action","ActionBy","ActionDate","AuthorizedDate","LastUsedDate","Publisher"
"4UIak0000003VqTGAU","0","ConnectedApp","2025-01-19 01:49:38","005ak00000D314wAAB","2025-01-19 01:49:38","005ak00000D314wAAB","2025-01-19 01:49:38","025ddddee6444f71ab8e897f53e4e456","5ec1fb913b644a608d93c0b400ec6e23","00Dak00000LLqsL","Uni Recycle","ConnectedApp","Dataloader Partner","autoproc@00dak00000llqsleat","id, api","7.0","Added","","2015-12-09 16:08:39","2025-01-17 14:10:44","","No"
"4UIak0000003VqUGAU","0","ConnectedApp","2025-01-19 01:49:38","005ak00000D314wAAB","2025-01-19 01:49:38","005ak00000D314wAAB","2025-01-19 01:49:38","025ddddee6444f71ab8e897f53e4e456","80f8d567586842d5849662389cdaf463","00Dak00000LLqsL","Uni Recycle","ConnectedApp","Salesforce for Outlook","autoproc@00dak00000llqsleat","id, api, web, refresh_token","7.0","Added","","2015-12-09 16:08:36","2025-01-17 14:10:44","","No"
"4UIak0000003VqVGAU","0","ConnectedApp","2025-01-19 01:49:38","005ak00000D314wAAB","2025-01-19 01:49:38","005ak00000D314wAAB","2025-01-19 01:49:38","025ddddee6444f71ab8e897f53e4e456","e21163d782194ec0aaaad803db613554","00Dak00000LLqsL","Uni Recycle","ConnectedApp","Salesforce Touch","autoproc@00dak00000llqsleat","id, api, web, refresh_token","8.0","Added","","2015-12-09 16:08:37","2025-01-17 14:10:44","","No"
"4UIak0000003VqWGAU","0","ConnectedApp","2025-01-19 01:49:38","005ak00000D314wAAB","2025-01-19 01:49:38","005ak00000D314wAAB","2025-01-19 01:49:38","025ddddee6444f71ab8e897f53e4e456","d06495b467e548319303f76618e32503","00Dak00000LLqsL","Uni Recycle","ConnectedApp","Salesforce Mobile Dashboards","autoproc@00dak00000llqsleat","id, api, visualforce, refresh_token","7.0","Added","","2015-12-09 16:08:33","2025-01-17 14:10:44","","No"
"4UIak0000003VqXGAU","0","ConnectedApp","2025-01-19 01:49:38","005ak00000D314wAAB","2025-01-19 01:49:38","005ak00000D314wAAB","2025-01-19 01:49:38","025ddddee6444f71ab8e897f53e4e456","0dec492fdbc947d7837d111117143bf4","00Dak00000LLqsL","Uni Recycle","ConnectedApp","Workbench","autoproc@00dak00000llqsleat","id, api, web","3.0","Added","","2015-12-09 16:08:26","2025-01-17 14:10:44","","No"
"4UIak0000003VqYGAU","0","ConnectedApp","2025-01-19 01:49:38","005ak00000D314wAAB","2025-01-19 01:49:38","005ak00000D314wAAB","2025-01-19 01:49:38","025ddddee6444f71ab8e897f53e4e456","fcac343affbb4aa6841206c0a3b6dbdc","00Dak00000LLqsL","Uni Recycle","ConnectedApp","Ant Migration Tool","autoproc@00dak00000llqsleat","id, api","5.0","Added","","2015-12-09 16:08:32","2025-01-17 14:10:44","","No"
"4UIak0000003VqZGAU","0","ConnectedApp","2025-01-19 01:49:38","005ak00000D314wAAB","2025-01-19 01:49:38","005ak00000D314wAAB","2025-01-19 01:49:38","025ddddee6444f71ab8e897f53e4e456","92d91355e24944bd9a5b42ac7393dacf","00Dak00000LLqsL","Uni Recycle","ConnectedApp","Dataloader Bulk","autoproc@00dak00000llqsleat","id, api","7.0","Added","","2015-12-09 16:08:43","2025-01-17 14:10:44","","No"
"4UIak0000003VqaGAE","0","ConnectedApp","2025-01-19 01:49:38","005ak00000D314wAAB","2025-01-19 01:49:38","005ak00000D314wAAB","2025-01-19 01:49:38","025ddddee6444f71ab8e897f53e4e456","b3e4062653c0498fac78fd2244016773","00Dak00000LLqsL","Uni Recycle","ConnectedApp","Force.com IDE","autoproc@00dak00000llqsleat","id, api","5.0","Added","","2015-12-09 16:08:41","2025-01-17 14:10:44","","No"
"4UIak0000003WHtGAM","0","ConnectedApp","2025-01-20 17:52:58","005ak00000D314wAAB","2025-01-20 17:52:58","005ak00000D314wAAB","2025-01-20 17:52:58","6a9724d244bc46ffa873e679598efcf5","4827ecb59feb4d10b8d2384fe9add3d7","00Dak00000LLqsL","Uni Recycle","ConnectedApp","Dataloader Partner","autoproc@00dak00000llqsleat","id, api","7.0","DataChanged","","2015-12-09 16:08:39","2025-01-17 14:10:44","2025-01-20 16:00:40","No"
"4UIak0000003WMjGAM","0","ConnectedApp","2025-01-21 10:48:28","005ak00000D314wAAB","2025-01-21 10:48:28","005ak00000D314wAAB","2025-01-21 10:48:28","1c649f75de3a47428f7416b048ac507a","809010c5188d448c98778b4692d3a491","00Dak00000LLqsL","Uni Recycle","ConnectedApp","Dataloader Partner","autoproc@00dak00000llqsleat","id, api","7.0","DataChanged","","2015-12-09 16:08:39","2025-01-17 14:10:44","2025-01-20 20:25:26","No"
