"Id","IsDeleted","Name","CreatedDate","CreatedById","LastModifiedDate","LastModifiedById","SystemModstamp","MetricIdentifier","DetailIdentifier","Tenant","TenantName","MetricsType","Status","TotalLicenses","UsedLicenses","UsedLicensesLastUpdated","ExpirationDate","Action","ActionDate"
"0VNak000000HFAjGAO","0","Customer Community Plus","2025-01-17 14:10:44","005ak00000D314wAAB","2025-01-17 14:10:44","005ak00000D314wAAB","2025-01-17 14:10:44","6497d9c0f19c4740985e31dbcf59e349","d524320185324ba5b316641876acc033","00Dak00000LLqsL","Trialforce inc","LicenseUsageTrend","Active","5","0","","","DataChanged","2022-07-25 18:19:23"
"0VNak000000HFAkGAO","0","Chatter Free","2025-01-17 14:10:44","005ak00000D314wAAB","2025-01-17 14:10:44","005ak00000D314wAAB","2025-01-17 14:10:44","6497d9c0f19c4740985e31dbcf59e349","b5a3fc54ae914b878a5d62579e7c4d71","00Dak00000LLqsL","Trialforce inc","LicenseUsageTrend","Active","5000","1","","","DataChanged","2022-07-25 18:19:23"
"0VNak000000HFAlGAO","0","External Identity","2025-01-17 14:10:44","005ak00000D314wAAB","2025-01-17 14:10:44","005ak00000D314wAAB","2025-01-17 14:10:44","6497d9c0f19c4740985e31dbcf59e349","16bc99878e7945b086f057db7d899ca7","00Dak00000LLqsL","Trialforce inc","LicenseUsageTrend","Active","5","0","","","DataChanged","2022-07-25 18:19:23"
"0VNak000000HFAmGAO","0","Silver Partner","2025-01-17 14:10:44","005ak00000D314wAAB","2025-01-17 14:10:44","005ak00000D314wAAB","2025-01-17 14:10:44","6497d9c0f19c4740985e31dbcf59e349","e24dfc7f35af4676b164fe5c75f371aa","00Dak00000LLqsL","Trialforce inc","LicenseUsageTrend","Active","2","0","","","DataChanged","2022-07-25 18:19:23"
"0VNak000000HFAnGAO","0","Gold Partner","2025-01-17 14:10:44","005ak00000D314wAAB","2025-01-17 14:10:44","005ak00000D314wAAB","2025-01-17 14:10:44","6497d9c0f19c4740985e31dbcf59e349","e05445dba46c4f5bb1023cd1cd2ae261","00Dak00000LLqsL","Trialforce inc","LicenseUsageTrend","Active","3","0","","","DataChanged","2022-07-25 18:19:23"
"0VNak000000HFAoGAO","0","Customer Portal Manager Standard","2025-01-17 14:10:44","005ak00000D314wAAB","2025-01-17 14:10:44","005ak00000D314wAAB","2025-01-17 14:10:44","6497d9c0f19c4740985e31dbcf59e349","04af3f26acee4e6ca23ce16a85848ca2","00Dak00000LLqsL","Trialforce inc","LicenseUsageTrend","Active","5","0","","","DataChanged","2022-07-25 18:19:23"
"0VNak000000HFApGAO","0","Force.com - App Subscription","2025-01-17 14:10:44","005ak00000D314wAAB","2025-01-17 14:10:44","005ak00000D314wAAB","2025-01-17 14:10:44","6497d9c0f19c4740985e31dbcf59e349","e509f01bf2d340ddaa30a2b57dae46de","00Dak00000LLqsL","Trialforce inc","LicenseUsageTrend","Active","2","0","","","DataChanged","2022-07-25 18:19:23"
"0VNak000000HFAqGAO","0","Customer Community Plus Login","2025-01-17 14:10:44","005ak00000D314wAAB","2025-01-17 14:10:44","005ak00000D314wAAB","2025-01-17 14:10:44","6497d9c0f19c4740985e31dbcf59e349","b215d5e0c7ea4dc3a95854a3245dd246","00Dak00000LLqsL","Trialforce inc","LicenseUsageTrend","Active","5","0","","","DataChanged","2022-07-25 18:19:23"
"0VNak000000HFArGAO","0","Chatter External","2025-01-17 14:10:44","005ak00000D314wAAB","2025-01-17 14:10:44","005ak00000D314wAAB","2025-01-17 14:10:44","6497d9c0f19c4740985e31dbcf59e349","956eceed306e4524ac5637a46a29c77b","00Dak00000LLqsL","Trialforce inc","LicenseUsageTrend","Active","500","0","","","DataChanged","2022-07-25 18:19:23"
"0VNak000000HFAsGAO","0","Customer Community","2025-01-17 14:10:44","005ak00000D314wAAB","2025-01-17 14:10:44","005ak00000D314wAAB","2025-01-17 14:10:44","6497d9c0f19c4740985e31dbcf59e349","85848828048642b5abfb862239289b2b","00Dak00000LLqsL","Trialforce inc","LicenseUsageTrend","Active","5","0","","","DataChanged","2022-07-25 18:19:23"
"0VNak000000HFAtGAO","0","Force.com - Free","2025-01-17 14:10:44","005ak00000D314wAAB","2025-01-17 14:10:44","005ak00000D314wAAB","2025-01-17 14:10:44","6497d9c0f19c4740985e31dbcf59e349","8f53cb74480143e8be4e8429760d7f25","00Dak00000LLqsL","Trialforce inc","LicenseUsageTrend","Active","2","0","","","DataChanged","2022-07-25 18:19:23"
"0VNak000000HFAuGAO","0","High Volume Customer Portal","2025-01-17 14:10:44","005ak00000D314wAAB","2025-01-17 14:10:44","005ak00000D314wAAB","2025-01-17 14:10:44","6497d9c0f19c4740985e31dbcf59e349","394c99e18eba405ca5e2d3b2d6a2c024","00Dak00000LLqsL","Trialforce inc","LicenseUsageTrend","Active","10","0","","","DataChanged","2022-07-25 18:19:23"
"0VNak000000HFAvGAO","0","Customer Community Login","2025-01-17 14:10:44","005ak00000D314wAAB","2025-01-17 14:10:44","005ak00000D314wAAB","2025-01-17 14:10:44","6497d9c0f19c4740985e31dbcf59e349","8efb923bed644906ac62b1466e2ee496","00Dak00000LLqsL","Trialforce inc","LicenseUsageTrend","Active","5","0","","","DataChanged","2022-07-25 18:19:23"
"0VNak000000HFAwGAO","0","Salesforce Platform","2025-01-17 14:10:44","005ak00000D314wAAB","2025-01-17 14:10:44","005ak00000D314wAAB","2025-01-17 14:10:44","6497d9c0f19c4740985e31dbcf59e349","58258048a528494d83cd4018ad68b986","00Dak00000LLqsL","Trialforce inc","LicenseUsageTrend","Active","3","3","","","DataChanged","2022-07-25 18:19:23"
"0VNak000000HFAxGAO","0","Service Cloud","2025-01-17 14:10:44","005ak00000D314wAAB","2025-01-17 14:10:44","005ak00000D314wAAB","2025-01-17 14:10:44","6497d9c0f19c4740985e31dbcf59e349","14f81c6c46dc4f37b4b49388c332cef0","00Dak00000LLqsL","Trialforce inc","LicenseUsageTrend","Active","5","1","","","DataChanged","2022-07-25 18:19:23"
"0VNak000000HFAyGAO","0","XOrg Proxy User","2025-01-17 14:10:44","005ak00000D314wAAB","2025-01-17 14:10:44","005ak00000D314wAAB","2025-01-17 14:10:44","6497d9c0f19c4740985e31dbcf59e349","352e649e895840729376d6777b0117c5","00Dak00000LLqsL","Trialforce inc","LicenseUsageTrend","Active","2","0","","","DataChanged","2022-07-25 18:19:23"
"0VNak000000HFAzGAO","0","Customer Portal Manager Custom","2025-01-17 14:10:44","005ak00000D314wAAB","2025-01-17 14:10:44","005ak00000D314wAAB","2025-01-17 14:10:44","6497d9c0f19c4740985e31dbcf59e349","ecd36e23ba8449b4b2eaac5b7d61e339","00Dak00000LLqsL","Trialforce inc","LicenseUsageTrend","Active","5","0","","","DataChanged","2022-07-25 18:19:23"
"0VNak000000HFB0GAO","0","External Apps Login","2025-01-17 14:10:44","005ak00000D314wAAB","2025-01-17 14:10:44","005ak00000D314wAAB","2025-01-17 14:10:44","6497d9c0f19c4740985e31dbcf59e349","41e29aa531c746718b0adf224b0fdd52","00Dak00000LLqsL","Trialforce inc","LicenseUsageTrend","Active","20","0","","","DataChanged","2022-07-25 18:19:23"
"0VNak000000HFB1GAO","0","Work.com Only","2025-01-17 14:10:44","005ak00000D314wAAB","2025-01-17 14:10:44","005ak00000D314wAAB","2025-01-17 14:10:44","6497d9c0f19c4740985e31dbcf59e349","60f4ae54164341f1a1400ca501eb75f0","00Dak00000LLqsL","Trialforce inc","LicenseUsageTrend","Active","3","0","","","DataChanged","2022-07-25 18:19:23"
"0VNak000000HFB2GAO","0","Identity","2025-01-17 14:10:44","005ak00000D314wAAB","2025-01-17 14:10:44","005ak00000D314wAAB","2025-01-17 14:10:44","6497d9c0f19c4740985e31dbcf59e349","97fcd0d07ad94e5daaa65fad74503b60","00Dak00000LLqsL","Trialforce inc","LicenseUsageTrend","Active","10","0","","","DataChanged","2022-07-25 18:19:23"
"0VNak000000HFB3GAO","0","Partner Community","2025-01-17 14:10:44","005ak00000D314wAAB","2025-01-17 14:10:44","005ak00000D314wAAB","2025-01-17 14:10:44","6497d9c0f19c4740985e31dbcf59e349","d7e1f71d0dc44a03a1d50395690bafbb","00Dak00000LLqsL","Trialforce inc","LicenseUsageTrend","Active","5","0","","","DataChanged","2022-07-25 18:19:23"
"0VNak000000HFB4GAO","0","Salesforce","2025-01-17 14:10:44","005ak00000D314wAAB","2025-01-17 14:10:44","005ak00000D314wAAB","2025-01-17 14:10:44","6497d9c0f19c4740985e31dbcf59e349","799688ff7b7b430fb3412dfa597e82d1","00Dak00000LLqsL","Trialforce inc","LicenseUsageTrend","Active","3","2","","","DataChanged","2022-07-25 18:19:23"
"0VNak000000HFB5GAO","0","Partner App Subscription","2025-01-17 14:10:44","005ak00000D314wAAB","2025-01-17 14:10:44","005ak00000D314wAAB","2025-01-17 14:10:44","6497d9c0f19c4740985e31dbcf59e349","6032361b2d2348dd8f1b763b7a9cd737","00Dak00000LLqsL","Trialforce inc","LicenseUsageTrend","Active","2","0","","","DataChanged","2022-07-25 18:19:23"
"0VNak000000HFB6GAO","0","Partner Community Login","2025-01-17 14:10:44","005ak00000D314wAAB","2025-01-17 14:10:44","005ak00000D314wAAB","2025-01-17 14:10:44","6497d9c0f19c4740985e31dbcf59e349","dc126ee29f9b4b7c9fb5ea46c87c32df","00Dak00000LLqsL","Trialforce inc","LicenseUsageTrend","Active","5","0","","","DataChanged","2022-07-25 18:19:23"
"0VNak000000HHE9GAO","0","Analytics Cloud Integration User","2025-01-19 01:49:38","005ak00000D314wAAB","2025-01-19 01:49:38","005ak00000D314wAAB","2025-01-19 01:49:38","67a98d560ad94d9e8c1d984a01d37031","069b716f4da841c69ab49d6a9ab705b6","00Dak00000LLqsL","Uni Recycle","LicenseUsageTrend","Active","2","2","","","Added","2025-01-17 14:19:34"
"0VNak000000HHEAGA4","0","External Identity","2025-01-19 01:49:38","005ak00000D314wAAB","2025-01-19 01:49:38","005ak00000D314wAAB","2025-01-19 01:49:38","67a98d560ad94d9e8c1d984a01d37031","b7f1929ccb634a37b77641336b859b15","00Dak00000LLqsL","Uni Recycle","LicenseUsageTrend","Active","7","0","","","Added","2025-01-17 14:19:34"
"0VNak000000HHEBGA4","0","Gold Partner","2025-01-19 01:49:38","005ak00000D314wAAB","2025-01-19 01:49:38","005ak00000D314wAAB","2025-01-19 01:49:38","67a98d560ad94d9e8c1d984a01d37031","aac836d65b5d400ebf11ff2b80d880db","00Dak00000LLqsL","Uni Recycle","LicenseUsageTrend","Active","3","0","","","Added","2025-01-17 14:19:34"
"0VNak000000HHECGA4","0","Chatter External","2025-01-19 01:49:38","005ak00000D314wAAB","2025-01-19 01:49:38","005ak00000D314wAAB","2025-01-19 01:49:38","67a98d560ad94d9e8c1d984a01d37031","bd3ca70f084a49e39ef5c96516a36457","00Dak00000LLqsL","Uni Recycle","LicenseUsageTrend","Active","500","0","","","Added","2025-01-17 14:19:34"
"0VNak000000HHEDGA4","0","High Volume Customer Portal","2025-01-19 01:49:38","005ak00000D314wAAB","2025-01-19 01:49:38","005ak00000D314wAAB","2025-01-19 01:49:38","67a98d560ad94d9e8c1d984a01d37031","fde11d00fd3b4504a35ce6e971cb9792","00Dak00000LLqsL","Uni Recycle","LicenseUsageTrend","Active","10","0","","","Added","2025-01-17 14:19:34"
"0VNak000000HHEEGA4","0","Customer Community Login","2025-01-19 01:49:38","005ak00000D314wAAB","2025-01-19 01:49:38","005ak00000D314wAAB","2025-01-19 01:49:38","67a98d560ad94d9e8c1d984a01d37031","64566c119a6e4678a6ca8632bac96b49","00Dak00000LLqsL","Uni Recycle","LicenseUsageTrend","Active","5","0","","","Added","2025-01-17 14:19:34"
"0VNak000000HHEFGA4","0","External Apps Login","2025-01-19 01:49:38","005ak00000D314wAAB","2025-01-19 01:49:38","005ak00000D314wAAB","2025-01-19 01:49:38","67a98d560ad94d9e8c1d984a01d37031","d3cca11f366c47eb9bead299654121e9","00Dak00000LLqsL","Uni Recycle","LicenseUsageTrend","Active","20","0","","","Added","2025-01-17 14:19:34"
"0VNak000000HHEGGA4","0","Work.com Only","2025-01-19 01:49:38","005ak00000D314wAAB","2025-01-19 01:49:38","005ak00000D314wAAB","2025-01-19 01:49:38","67a98d560ad94d9e8c1d984a01d37031","1152937bd1f84dbab9f304e6a714762c","00Dak00000LLqsL","Uni Recycle","LicenseUsageTrend","Active","3","0","","","Added","2025-01-17 14:19:34"
"0VNak000000HHEHGA4","0","Identity","2025-01-19 01:49:38","005ak00000D314wAAB","2025-01-19 01:49:38","005ak00000D314wAAB","2025-01-19 01:49:38","67a98d560ad94d9e8c1d984a01d37031","b8fe0edbb33049168b8ccb8610752cc5","00Dak00000LLqsL","Uni Recycle","LicenseUsageTrend","Active","10","0","","","Added","2025-01-17 14:19:34"
"0VNak000000HHEIGA4","0","Salesforce","2025-01-19 01:49:38","005ak00000D314wAAB","2025-01-19 01:49:38","005ak00000D314wAAB","2025-01-19 01:49:38","67a98d560ad94d9e8c1d984a01d37031","a4254e5a63bb482682e09437ce2be17f","00Dak00000LLqsL","Uni Recycle","LicenseUsageTrend","Active","3","2","","","Added","2025-01-17 14:19:34"
"0VNak000000HHEJGA4","0","Partner App Subscription","2025-01-19 01:49:38","005ak00000D314wAAB","2025-01-19 01:49:38","005ak00000D314wAAB","2025-01-19 01:49:38","67a98d560ad94d9e8c1d984a01d37031","48a834bb54d84f4d9cc4fec9ccf8d770","00Dak00000LLqsL","Uni Recycle","LicenseUsageTrend","Active","2","0","","","Added","2025-01-17 14:19:34"
"0VNak000000HHEKGA4","0","Customer Community Plus","2025-01-19 01:49:38","005ak00000D314wAAB","2025-01-19 01:49:38","005ak00000D314wAAB","2025-01-19 01:49:38","67a98d560ad94d9e8c1d984a01d37031","8535eb293dc74c39b172bffea283dea2","00Dak00000LLqsL","Uni Recycle","LicenseUsageTrend","Active","5","0","","","Added","2025-01-17 14:19:34"
"0VNak000000HHELGA4","0","Chatter Free","2025-01-19 01:49:38","005ak00000D314wAAB","2025-01-19 01:49:38","005ak00000D314wAAB","2025-01-19 01:49:38","67a98d560ad94d9e8c1d984a01d37031","37a759bea3cf464db2fd51728ab78bed","00Dak00000LLqsL","Uni Recycle","LicenseUsageTrend","Active","5000","1","","","Added","2025-01-17 14:19:34"
"0VNak000000HHEMGA4","0","Silver Partner","2025-01-19 01:49:38","005ak00000D314wAAB","2025-01-19 01:49:38","005ak00000D314wAAB","2025-01-19 01:49:38","67a98d560ad94d9e8c1d984a01d37031","e2cdce43acd44d06aee97b0fe906905b","00Dak00000LLqsL","Uni Recycle","LicenseUsageTrend","Active","2","0","","","Added","2025-01-17 14:19:34"
"0VNak000000HHENGA4","0","Customer Portal Manager Standard","2025-01-19 01:49:38","005ak00000D314wAAB","2025-01-19 01:49:38","005ak00000D314wAAB","2025-01-19 01:49:38","67a98d560ad94d9e8c1d984a01d37031","230c82aa676f481c8f9133e436dc10a7","00Dak00000LLqsL","Uni Recycle","LicenseUsageTrend","Active","5","0","","","Added","2025-01-17 14:19:34"
"0VNak000000HHEOGA4","0","Force.com - App Subscription","2025-01-19 01:49:38","005ak00000D314wAAB","2025-01-19 01:49:38","005ak00000D314wAAB","2025-01-19 01:49:38","67a98d560ad94d9e8c1d984a01d37031","e7b81eab768345f1b6ec929b9a353480","00Dak00000LLqsL","Uni Recycle","LicenseUsageTrend","Active","2","0","","","Added","2025-01-17 14:19:34"
"0VNak000000HHEPGA4","0","Customer Community Plus Login","2025-01-19 01:49:38","005ak00000D314wAAB","2025-01-19 01:49:38","005ak00000D314wAAB","2025-01-19 01:49:38","67a98d560ad94d9e8c1d984a01d37031","657fb2e863f741d29e3e5f89a1b9b7f7","00Dak00000LLqsL","Uni Recycle","LicenseUsageTrend","Active","5","0","","","Added","2025-01-17 14:19:34"
"0VNak000000HHEQGA4","0","Customer Community","2025-01-19 01:49:38","005ak00000D314wAAB","2025-01-19 01:49:38","005ak00000D314wAAB","2025-01-19 01:49:38","67a98d560ad94d9e8c1d984a01d37031","fa3f20b0219b479f888aaeb99c7ae46d","00Dak00000LLqsL","Uni Recycle","LicenseUsageTrend","Active","5","0","","","Added","2025-01-17 14:19:34"
"0VNak000000HHERGA4","0","Force.com - Free","2025-01-19 01:49:38","005ak00000D314wAAB","2025-01-19 01:49:38","005ak00000D314wAAB","2025-01-19 01:49:38","67a98d560ad94d9e8c1d984a01d37031","20a903b80bcc4c028a70e35331d4f7ef","00Dak00000LLqsL","Uni Recycle","LicenseUsageTrend","Active","2","0","","","Added","2025-01-17 14:19:34"
"0VNak000000HHESGA4","0","Salesforce Integration","2025-01-19 01:49:38","005ak00000D314wAAB","2025-01-19 01:49:38","005ak00000D314wAAB","2025-01-19 01:49:38","67a98d560ad94d9e8c1d984a01d37031","1a7471e989a4402d9195312d86862e25","00Dak00000LLqsL","Uni Recycle","LicenseUsageTrend","Active","1","0","","","Added","2025-01-17 14:19:34"
"0VNak000000HHETGA4","0","Salesforce Platform","2025-01-19 01:49:38","005ak00000D314wAAB","2025-01-19 01:49:38","005ak00000D314wAAB","2025-01-19 01:49:38","67a98d560ad94d9e8c1d984a01d37031","0f5cb0ab4b19415aaa66c5efb91198b0","00Dak00000LLqsL","Uni Recycle","LicenseUsageTrend","Active","3","3","","","Added","2025-01-17 14:19:34"
"0VNak000000HHEUGA4","0","Service Cloud","2025-01-19 01:49:38","005ak00000D314wAAB","2025-01-19 01:49:38","005ak00000D314wAAB","2025-01-19 01:49:38","67a98d560ad94d9e8c1d984a01d37031","cdc806fc345f498791324e7919ab2b2f","00Dak00000LLqsL","Uni Recycle","LicenseUsageTrend","Active","5","1","","","Added","2025-01-17 14:19:34"
"0VNak000000HHEVGA4","0","Customer Portal Manager Custom","2025-01-19 01:49:38","005ak00000D314wAAB","2025-01-19 01:49:38","005ak00000D314wAAB","2025-01-19 01:49:38","67a98d560ad94d9e8c1d984a01d37031","456fc568b2f94eb1a4b3ca8160f0e2d1","00Dak00000LLqsL","Uni Recycle","LicenseUsageTrend","Active","5","0","","","Added","2025-01-17 14:19:34"
"0VNak000000HHEWGA4","0","Partner Community","2025-01-19 01:49:38","005ak00000D314wAAB","2025-01-19 01:49:38","005ak00000D314wAAB","2025-01-19 01:49:38","67a98d560ad94d9e8c1d984a01d37031","11ef88d5baff46c4a97307c99365483d","00Dak00000LLqsL","Uni Recycle","LicenseUsageTrend","Active","5","0","","","Added","2025-01-17 14:19:34"
"0VNak000000HHEXGA4","0","Partner Community Login","2025-01-19 01:49:38","005ak00000D314wAAB","2025-01-19 01:49:38","005ak00000D314wAAB","2025-01-19 01:49:38","67a98d560ad94d9e8c1d984a01d37031","35ed84a80c3d49d5887968a166afb89a","00Dak00000LLqsL","Uni Recycle","LicenseUsageTrend","Active","5","0","","","Added","2025-01-17 14:19:34"
"0VNak000000HK7BGAW","0","Analytics Cloud Integration User","2025-01-21 10:48:27","005ak00000D314wAAB","2025-01-21 10:48:27","005ak00000D314wAAB","2025-01-21 10:48:27","0c1f54b6e85e4dd1ba649dc7eeaafd9e","d1c61347f79344629baae87442a643b2","00Dak00000LLqsL","Uni Recycle","LicenseUsageTrend","Active","2","2","","","DataChanged","2025-01-21 04:32:22"
"0VNak000000HK7CGAW","0","External Identity","2025-01-21 10:48:27","005ak00000D314wAAB","2025-01-21 10:48:27","005ak00000D314wAAB","2025-01-21 10:48:27","0c1f54b6e85e4dd1ba649dc7eeaafd9e","0e3ae275009c4b25a8790a048f0860d6","00Dak00000LLqsL","Uni Recycle","LicenseUsageTrend","Active","7","0","","","DataChanged","2025-01-21 04:32:22"
"0VNak000000HK7DGAW","0","Gold Partner","2025-01-21 10:48:27","005ak00000D314wAAB","2025-01-21 10:48:27","005ak00000D314wAAB","2025-01-21 10:48:27","0c1f54b6e85e4dd1ba649dc7eeaafd9e","0883228c3e13433c8bba6958a026ce6a","00Dak00000LLqsL","Uni Recycle","LicenseUsageTrend","Active","3","0","","","DataChanged","2025-01-21 04:32:22"
"0VNak000000HK7EGAW","0","Chatter External","2025-01-21 10:48:27","005ak00000D314wAAB","2025-01-21 10:48:27","005ak00000D314wAAB","2025-01-21 10:48:27","0c1f54b6e85e4dd1ba649dc7eeaafd9e","c013066eadc44d63b43b0012db72fba5","00Dak00000LLqsL","Uni Recycle","LicenseUsageTrend","Active","500","0","","","DataChanged","2025-01-21 04:32:22"
"0VNak000000HK7FGAW","0","High Volume Customer Portal","2025-01-21 10:48:27","005ak00000D314wAAB","2025-01-21 10:48:27","005ak00000D314wAAB","2025-01-21 10:48:27","0c1f54b6e85e4dd1ba649dc7eeaafd9e","89b758e785904c64a4fec5071a245198","00Dak00000LLqsL","Uni Recycle","LicenseUsageTrend","Active","10","0","","","DataChanged","2025-01-21 04:32:22"
"0VNak000000HK7GGAW","0","Customer Community Login","2025-01-21 10:48:27","005ak00000D314wAAB","2025-01-21 10:48:27","005ak00000D314wAAB","2025-01-21 10:48:27","0c1f54b6e85e4dd1ba649dc7eeaafd9e","d9d270ae1b9c41cf97dcb405a9d1c4b2","00Dak00000LLqsL","Uni Recycle","LicenseUsageTrend","Active","5","0","","","DataChanged","2025-01-21 04:32:22"
"0VNak000000HK7HGAW","0","External Apps Login","2025-01-21 10:48:27","005ak00000D314wAAB","2025-01-21 10:48:27","005ak00000D314wAAB","2025-01-21 10:48:27","0c1f54b6e85e4dd1ba649dc7eeaafd9e","76714cd70dd84a2181621fbd080f867c","00Dak00000LLqsL","Uni Recycle","LicenseUsageTrend","Active","20","0","","","DataChanged","2025-01-21 04:32:22"
"0VNak000000HK7IGAW","0","Work.com Only","2025-01-21 10:48:27","005ak00000D314wAAB","2025-01-21 10:48:27","005ak00000D314wAAB","2025-01-21 10:48:27","0c1f54b6e85e4dd1ba649dc7eeaafd9e","fc7b26ba07ad4280b2431c184812d086","00Dak00000LLqsL","Uni Recycle","LicenseUsageTrend","Active","3","0","","","DataChanged","2025-01-21 04:32:22"
"0VNak000000HK7JGAW","0","Identity","2025-01-21 10:48:27","005ak00000D314wAAB","2025-01-21 10:48:27","005ak00000D314wAAB","2025-01-21 10:48:27","0c1f54b6e85e4dd1ba649dc7eeaafd9e","4af02ec7f4f647c29bab07aa8dbc4392","00Dak00000LLqsL","Uni Recycle","LicenseUsageTrend","Active","10","0","","","DataChanged","2025-01-21 04:32:22"
"0VNak000000HK7KGAW","0","Salesforce","2025-01-21 10:48:27","005ak00000D314wAAB","2025-01-21 10:48:27","005ak00000D314wAAB","2025-01-21 10:48:27","0c1f54b6e85e4dd1ba649dc7eeaafd9e","fb726a6d545d40808d6f8cd179f75644","00Dak00000LLqsL","Uni Recycle","LicenseUsageTrend","Active","3","2","","","DataChanged","2025-01-21 04:32:22"
"0VNak000000HK7LGAW","0","Partner App Subscription","2025-01-21 10:48:27","005ak00000D314wAAB","2025-01-21 10:48:27","005ak00000D314wAAB","2025-01-21 10:48:27","0c1f54b6e85e4dd1ba649dc7eeaafd9e","c4afcf8dec3c4a2792db92ba6c36ef46","00Dak00000LLqsL","Uni Recycle","LicenseUsageTrend","Active","2","0","","","DataChanged","2025-01-21 04:32:22"
"0VNak000000HK7MGAW","0","Customer Community Plus","2025-01-21 10:48:27","005ak00000D314wAAB","2025-01-21 10:48:27","005ak00000D314wAAB","2025-01-21 10:48:27","0c1f54b6e85e4dd1ba649dc7eeaafd9e","a3650d4306f34e7db113179878fe9d81","00Dak00000LLqsL","Uni Recycle","LicenseUsageTrend","Active","5","0","","","DataChanged","2025-01-21 04:32:22"
"0VNak000000HK7NGAW","0","Chatter Free","2025-01-21 10:48:27","005ak00000D314wAAB","2025-01-21 10:48:27","005ak00000D314wAAB","2025-01-21 10:48:27","0c1f54b6e85e4dd1ba649dc7eeaafd9e","e3fe30f0d7f44dbcaa0da124ba3bcfd3","00Dak00000LLqsL","Uni Recycle","LicenseUsageTrend","Active","5000","1","","","DataChanged","2025-01-21 04:32:22"
"0VNak000000HK7OGAW","0","Silver Partner","2025-01-21 10:48:27","005ak00000D314wAAB","2025-01-21 10:48:27","005ak00000D314wAAB","2025-01-21 10:48:27","0c1f54b6e85e4dd1ba649dc7eeaafd9e","0b66a41c2e0b4be3a33b64b9b3bb04b9","00Dak00000LLqsL","Uni Recycle","LicenseUsageTrend","Active","2","0","","","DataChanged","2025-01-21 04:32:22"
"0VNak000000HK7PGAW","0","Customer Portal Manager Standard","2025-01-21 10:48:27","005ak00000D314wAAB","2025-01-21 10:48:27","005ak00000D314wAAB","2025-01-21 10:48:27","0c1f54b6e85e4dd1ba649dc7eeaafd9e","0dc6fd20e91548269bed69dd8bff0327","00Dak00000LLqsL","Uni Recycle","LicenseUsageTrend","Active","5","0","","","DataChanged","2025-01-21 04:32:22"
"0VNak000000HK7QGAW","0","Force.com - App Subscription","2025-01-21 10:48:27","005ak00000D314wAAB","2025-01-21 10:48:27","005ak00000D314wAAB","2025-01-21 10:48:27","0c1f54b6e85e4dd1ba649dc7eeaafd9e","0d3422d6126644448e1008172102e775","00Dak00000LLqsL","Uni Recycle","LicenseUsageTrend","Active","2","0","","","DataChanged","2025-01-21 04:32:22"
"0VNak000000HK7RGAW","0","Customer Community Plus Login","2025-01-21 10:48:27","005ak00000D314wAAB","2025-01-21 10:48:27","005ak00000D314wAAB","2025-01-21 10:48:27","0c1f54b6e85e4dd1ba649dc7eeaafd9e","67bfac1d107843c280c612b6380e6d5c","00Dak00000LLqsL","Uni Recycle","LicenseUsageTrend","Active","5","0","","","DataChanged","2025-01-21 04:32:22"
"0VNak000000HK7SGAW","0","Customer Community","2025-01-21 10:48:27","005ak00000D314wAAB","2025-01-21 10:48:27","005ak00000D314wAAB","2025-01-21 10:48:27","0c1f54b6e85e4dd1ba649dc7eeaafd9e","896bcb7255fa421993738280115767a4","00Dak00000LLqsL","Uni Recycle","LicenseUsageTrend","Active","5","0","","","DataChanged","2025-01-21 04:32:22"
"0VNak000000HK7TGAW","0","Force.com - Free","2025-01-21 10:48:27","005ak00000D314wAAB","2025-01-21 10:48:27","005ak00000D314wAAB","2025-01-21 10:48:27","0c1f54b6e85e4dd1ba649dc7eeaafd9e","f2c8feb05a87411a9f986343205efb9b","00Dak00000LLqsL","Uni Recycle","LicenseUsageTrend","Active","2","0","","","DataChanged","2025-01-21 04:32:22"
"0VNak000000HK7UGAW","0","Salesforce Integration","2025-01-21 10:48:27","005ak00000D314wAAB","2025-01-21 10:48:27","005ak00000D314wAAB","2025-01-21 10:48:27","0c1f54b6e85e4dd1ba649dc7eeaafd9e","a93e088a605e42079b1be0a64586bb6a","00Dak00000LLqsL","Uni Recycle","LicenseUsageTrend","Active","1","0","","","DataChanged","2025-01-21 04:32:22"
"0VNak000000HK7VGAW","0","Salesforce Platform","2025-01-21 10:48:27","005ak00000D314wAAB","2025-01-21 10:48:27","005ak00000D314wAAB","2025-01-21 10:48:27","0c1f54b6e85e4dd1ba649dc7eeaafd9e","ba1cf671363a487b96310dcba61affe8","00Dak00000LLqsL","Uni Recycle","LicenseUsageTrend","Active","3","3","","","DataChanged","2025-01-21 04:32:22"
"0VNak000000HK7WGAW","0","Service Cloud","2025-01-21 10:48:27","005ak00000D314wAAB","2025-01-21 10:48:27","005ak00000D314wAAB","2025-01-21 10:48:27","0c1f54b6e85e4dd1ba649dc7eeaafd9e","ebbffced0f334f13b04ff79afa368bd3","00Dak00000LLqsL","Uni Recycle","LicenseUsageTrend","Active","5","1","","","DataChanged","2025-01-21 04:32:22"
"0VNak000000HK7XGAW","0","Customer Portal Manager Custom","2025-01-21 10:48:27","005ak00000D314wAAB","2025-01-21 10:48:27","005ak00000D314wAAB","2025-01-21 10:48:27","0c1f54b6e85e4dd1ba649dc7eeaafd9e","aac0c99c87b8420cb634b908c3835c0a","00Dak00000LLqsL","Uni Recycle","LicenseUsageTrend","Active","5","0","","","DataChanged","2025-01-21 04:32:22"
"0VNak000000HK7YGAW","0","Partner Community","2025-01-21 10:48:27","005ak00000D314wAAB","2025-01-21 10:48:27","005ak00000D314wAAB","2025-01-21 10:48:27","0c1f54b6e85e4dd1ba649dc7eeaafd9e","f7238b6a846642ad9b5237b4c81cf3af","00Dak00000LLqsL","Uni Recycle","LicenseUsageTrend","Active","5","0","","","DataChanged","2025-01-21 04:32:22"
"0VNak000000HK7ZGAW","0","Partner Community Login","2025-01-21 10:48:27","005ak00000D314wAAB","2025-01-21 10:48:27","005ak00000D314wAAB","2025-01-21 10:48:27","0c1f54b6e85e4dd1ba649dc7eeaafd9e","0b3846d61eae4f5cb3a357fc5e13f63d","00Dak00000LLqsL","Uni Recycle","LicenseUsageTrend","Active","5","0","","","DataChanged","2025-01-21 04:32:22"
