"Id","IsDeleted","Name","CreatedDate","CreatedById","LastModifiedDate","LastModifiedById","SystemModstamp","MetricIdentifier","DetailIdentifier","Tenant","TenantName","MetricsType","PolicyName","PolicyStatus","Action","ActionBy","ActionDate"
"84jak000000G86TAAS","0","EncryptionPolicyTrend","2025-01-19 01:49:37","005ak00000D314wAAB","2025-01-19 01:49:37","005ak00000D314wAAB","2025-01-19 01:49:37","0d18c3f9aadd4eda9b16830b3784f4f7","8456688c477241459a222eca9db632f1","00Dak00000LLqsL","Uni Recycle","EncryptionPolicyTrend","Search indexes","0","Added","-","2025-01-19 01:49:37"
"84jak000000G86UAAS","0","EncryptionPolicyTrend","2025-01-19 01:49:37","005ak00000D314wAAB","2025-01-19 01:49:37","005ak00000D314wAAB","2025-01-19 01:49:37","0d18c3f9aadd4eda9b16830b3784f4f7","b95ec7295f134538a694140441756989","00Dak00000LLqsL","Uni Recycle","EncryptionPolicyTrend","Change data capture events and platform events","0","Added","-","2025-01-19 01:49:37"
"84jak000000G86VAAS","0","EncryptionPolicyTrend","2025-01-19 01:49:37","005ak00000D314wAAB","2025-01-19 01:49:37","005ak00000D314wAAB","2025-01-19 01:49:37","0d18c3f9aadd4eda9b16830b3784f4f7","9ba35fae7b7441918241362277079f3b","00Dak00000LLqsL","Uni Recycle","EncryptionPolicyTrend","Data Cloud Storage","-1","Added","-","2025-01-19 01:49:37"
"84jak000000G86WAAS","0","EncryptionPolicyTrend","2025-01-19 01:49:37","005ak00000D314wAAB","2025-01-19 01:49:37","005ak00000D314wAAB","2025-01-19 01:49:37","0d18c3f9aadd4eda9b16830b3784f4f7","a74243f6596d4bae85b399cb2c2241d7","00Dak00000LLqsL","Uni Recycle","EncryptionPolicyTrend","Files and attachments","0","Added","-","2025-01-19 01:49:37"
"84jak000000G86XAAS","0","EncryptionPolicyTrend","2025-01-19 01:49:37","005ak00000D314wAAB","2025-01-19 01:49:37","005ak00000D314wAAB","2025-01-19 01:49:37","0d18c3f9aadd4eda9b16830b3784f4f7","f15ada1618af48d0a6711dc4aee373a1","00Dak00000LLqsL","Uni Recycle","EncryptionPolicyTrend","Chatter","0","Added","-","2025-01-19 01:49:37"
