"Id","Name","ParentRoleId","RollupDescription","OpportunityAccessForAccountOwner","CaseAccessForAccountOwner","ContactAccessForAccountOwner","ForecastUserId","MayForecastManagerShare","LastModifiedDate","LastModifiedById","SystemModstamp","PortalAccountId","PortalType","PortalRole","PortalAccountOwnerId"
"00Eak00000A3f8vEAB","Installation & Repair Services","00Eak00000A3f91EAB","Installation & Repair Services","Edit","Edit","Edit","","0","2025-01-17 14:10:44","005ak00000D313JAAR","2025-01-17 14:10:44","","None","",""
"00Eak00000A3f8wEAB","CEO","000000000000000AAA","CEO","Edit","Edit","Edit","","0","2025-01-17 14:10:44","005ak00000D313JAAR","2025-01-17 14:10:44","","None","",""
"00Eak00000A3f8xEAB","SVP, Sales & Marketing","00Eak00000A3f8wEAB","SVP, Sales & Marketing","Edit","Edit","Edit","","0","2025-01-17 14:10:44","005ak00000D313JAAR","2025-01-17 14:10:44","","None","",""
"00Eak00000A3f8yEAB","VP, North American Sales","00Eak00000A3f8xEAB","VP, North American Sales","Edit","Edit","Edit","","0","2025-01-17 14:10:44","005ak00000D313JAAR","2025-01-17 14:10:44","","None","",""
"00Eak00000A3f8zEAB","Director, Direct Sales","00Eak00000A3f8yEAB","Director, Direct Sales","Edit","Edit","Edit","","0","2025-01-17 14:10:44","005ak00000D313JAAR","2025-01-17 14:10:44","","None","",""
"00Eak00000A3f90EAB","VP, Marketing","00Eak00000A3f8xEAB","VP, Marketing","Edit","Edit","Edit","","0","2025-01-17 14:10:44","005ak00000D313JAAR","2025-01-17 14:10:44","","None","",""
"00Eak00000A3f91EAB","SVP, Customer Service & Support","00Eak00000A3f8wEAB","SVP, Customer Service & Support","Edit","Edit","Edit","","0","2025-01-17 14:10:44","005ak00000D313JAAR","2025-01-17 14:10:44","","None","",""
"00Eak00000A3f92EAB","Director, Channel Sales","00Eak00000A3f8yEAB","Director, Channel Sales","Edit","Edit","Edit","","0","2025-01-17 14:10:44","005ak00000D313JAAR","2025-01-17 14:10:44","","None","",""
"00Eak00000A3f93EAB","CFO","00Eak00000A3f8wEAB","CFO","Edit","Edit","Edit","","0","2025-01-17 14:10:44","005ak00000D313JAAR","2025-01-17 14:10:44","","None","",""
"00Eak00000A3f94EAB","Western Sales Team","00Eak00000A3f8zEAB","Western Sales Team","Edit","Edit","Edit","","0","2025-01-17 14:10:44","005ak00000D313JAAR","2025-01-17 14:10:44","","None","",""
"00Eak00000A3f95EAB","Customer Support, North America","00Eak00000A3f91EAB","Customer Support, North America","Edit","Edit","Edit","","0","2025-01-17 14:10:44","005ak00000D313JAAR","2025-01-17 14:10:44","","None","",""
"00Eak00000A3f96EAB","Channel Sales Team","00Eak00000A3f92EAB","Channel Sales Team","Edit","Edit","Edit","","0","2025-01-17 14:10:44","005ak00000D313JAAR","2025-01-17 14:10:44","","None","",""
"00Eak00000A3f97EAB","Marketing Team","00Eak00000A3f90EAB","Marketing Team","Edit","Edit","Edit","","0","2025-01-17 14:10:44","005ak00000D313JAAR","2025-01-17 14:10:44","","None","",""
"00Eak00000A3f98EAB","Eastern Sales Team","00Eak00000A3f8zEAB","Eastern Sales Team","Edit","Edit","Edit","","0","2025-01-17 14:10:44","005ak00000D313JAAR","2025-01-17 14:10:44","","None","",""
"00Eak00000A3f99EAB","Customer Support, International","00Eak00000A3f91EAB","Customer Support, International","Edit","Edit","Edit","","0","2025-01-17 14:10:44","005ak00000D313JAAR","2025-01-17 14:10:44","","None","",""
"00Eak00000A3f9AEAR","VP, International Sales","00Eak00000A3f8xEAB","VP, International Sales","Edit","Edit","Edit","","0","2025-01-17 14:10:44","005ak00000D313JAAR","2025-01-17 14:10:44","","None","",""
"00Eak00000A3f9BEAR","SVP, Human Resources","00Eak00000A3f8wEAB","SVP, Human Resources","Edit","Edit","Edit","","0","2025-01-17 14:10:44","005ak00000D313JAAR","2025-01-17 14:10:44","","None","",""
"00Eak00000A3f9CEAR","COO","00Eak00000A3f8wEAB","COO","Edit","Edit","Edit","","0","2025-01-17 14:10:44","005ak00000D313JAAR","2025-01-17 14:10:44","","None","",""
