"Id","Username","FirstName","LastName","CompanyName","Division","Department","Title","Street","City","State","PostalCode","Country","Latitude","Longitude","GeocodeAccuracy","Email","SenderEmail","SenderName","Signature","StayInTouchSubject","StayInTouchSignature","StayInTouchNote","Phone","Fax","MobilePhone","Alias","CommunityNickname","IsActive","IsSystemControlled","TimeZoneSidKey","UserRoleId","LocaleSidKey","ReceivesInfoEmails","ReceivesAdminInfoEmails","EmailEncodingKey","ProfileId","UserType","UserSubtype","StartDay","EndDay","LanguageLocaleKey","EmployeeNumber","DelegatedApproverId","ManagerId","LastLoginDate","LastPasswordChangeDate","CreatedDate","CreatedById","LastModifiedDate","LastModifiedById","SystemModstamp","NumberOfFailedLogins","SuAccessExpirationDate","SuOrgAdminExpirationDate","OfflineTrialExpirationDate","WirelessTrialExpirationDate","OfflinePdaTrialExpirationDate","ForecastEnabled","ContactId","AccountId","CallCenterId","Extension","FederationIdentifier","AboutMe","LoginLimit","ProfilePhotoId","DigestFrequency","DefaultGroupNotificationFrequency","JigsawImportLimitOverride","WorkspaceId","SharingType","ChatterAdoptionStage","ChatterAdoptionStageModifiedDate","BannerPhotoId","IsProfilePhotoActive","IndividualId","GlobalIdentity"
"005ak00000D313JAAR","emile.lesage@uni-recycle.com","�mile","Le Sage","Uni Recycle","","","","","","","","CA","","","","emile.lesage@uni-recycle.com","","","","","","","","","","�Le S","User17371230453109904807","1","0","America/New_York","000000000000000AAA","en_CA","1","1","UTF-8","00eak00000BC0fRAAT","Standard","","9","17","en_US","","000000000000000AAA","000000000000000AAA","2025-02-04 16:28:02","2025-01-17 14:24:00","2025-01-17 14:10:44","005ak00000D313JAAR","2025-02-04 16:28:09","005ak00000D313JAAR","2025-02-04 16:28:09","0","","","","","","1","000000000000000AAA","000000000000000AAA","","","","","","","D","N","300","1deak000009iuvlAAA","Standard","NU","2025-01-21 07:00:36","","0","000000000000000AAA","41e769d2-0deb-4846-beb9-1c71a948c2f1"
"005ak00000D314vAAB","integration@00dak00000llqsleat.com","Integration","User","Uni Recycle","","","","","","","","CA","","","","noreply@example.com","","","","","","","","","","integ","integration1.4407085834085586E12","1","0","America/New_York","000000000000000AAA","en_CA","1","0","UTF-8","00eak00000BC0fSAAT","Standard","","","","en_US","","000000000000000AAA","000000000000000AAA","","","2025-01-17 14:10:44","005ak00000D313JAAR","2025-01-17 14:10:44","005ak00000D313JAAR","2025-01-17 14:20:20","","","","","","","0","000000000000000AAA","000000000000000AAA","","","","","","","N","N","","000000000000000AAA","Standard","","","","0","","0675c3c3-5100-4bee-b539-327dd9ba2aaa"
"005ak00000D314wAAB","autoproc@00dak00000llqsleat","Automated","Process","Uni Recycle","","","","","","","","CA","","","","noreply@00dak00000llqsleat","","","","","","","","","","autoproc","automatedprocess","1","0","America/New_York","000000000000000AAA","en_CA","1","0","UTF-8","00eak00000BC0fTAAT","AutomatedProcess","","","","en_US","","000000000000000AAA","","","","2025-01-17 14:10:44","005ak00000D314yAAB","2025-01-17 14:10:44","005ak00000D314yAAB","2025-01-17 14:19:49","","","","","","","0","000000000000000AAA","000000000000000AAA","","","","","","","D","N","","","AutomatedProcess","NU","2015-05-09 05:00:29","","0","",""
"005ak00000D314xAAB","0330m000001exouqas@00dak00000llqsleat","","FSL","Uni Recycle","","","","","","","","CA","","","","noreply@00dak00000llqsleat","","","","","","","","","","APP","0330m000001exouqas1.5690079049361738E12","1","0","America/New_York","000000000000000AAA","en_CA","1","0","UTF-8","00eak00000BC0fUAAT","LicenseManager","","6","23","en_US","","000000000000000AAA","000000000000000AAA","","","2025-01-17 14:10:44","005ak00000D313JAAR","2025-01-17 14:10:44","005ak00000D313JAAR","2025-01-17 14:19:49","","","","","","","0","000000000000000AAA","000000000000000AAA","","","","","","","N","N","","000000000000000AAA","LicenseManager","","","","0","000000000000000AAA",""
"005ak00000D314yAAB","sfdcadmin@00dak00000llqsleat","Salesforce","Administrator","Uni Recycle","","","","","","","","CA","","","","noreply@00dak00000llqsleat","","","","","","","","","","sfdcadmn","sfdcadmn","1","0","America/New_York","000000000000000AAA","en_CA","1","0","UTF-8","00eak00000BC0fVAAT","SfdcAdmin","","","","en_US","","000000000000000AAA","","","","2025-01-17 14:10:44","005ak00000D313JAAR","2025-01-17 14:10:44","005ak00000D313JAAR","2025-01-17 14:19:49","","","","","","","0","000000000000000AAA","000000000000000AAA","","","","","","","D","N","","","SfdcAdmin","NU","2015-05-09 05:00:29","","0","",""
"005ak00000D314zAAB","cloud@00dak00000llqsleat","","Platform Integration User","Uni Recycle","","","","","","","","CA","","","","noreply@00dak00000llqsleat","","","","","","","","","","platint","User16160125510871365432","1","0","America/New_York","000000000000000AAA","en_CA","1","0","UTF-8","00eak00000BC0fWAAT","CloudIntegrationUser","","","","en_US","","000000000000000AAA","000000000000000AAA","","","2025-01-17 14:10:44","005ak00000D314yAAB","2025-01-17 14:10:44","005ak00000D314yAAB","2025-01-17 19:18:55","","","","","","","0","000000000000000AAA","000000000000000AAA","","","","","","","N","N","","000000000000000AAA","CloudIntegrationUser","","","","0","000000000000000AAA",""
"005ak00000D3150AAB","automatedclean@00dak00000llqsleat","","Data.com Clean","Uni Recycle","","","","","","","","CA","","","","noreply@00dak00000llqsleat","","","","","","","","","","autocln","automatedclean1.5690074625261162E12","1","0","America/New_York","000000000000000AAA","en_CA","1","0","UTF-8","00eak00000BC0fTAAT","AutomatedProcess","Clean","","","en_US","","000000000000000AAA","000000000000000AAA","","","2025-01-17 14:10:44","005ak00000D314yAAB","2025-01-17 14:10:44","005ak00000D314yAAB","2025-01-17 14:19:49","","","","","","","0","000000000000000AAA","000000000000000AAA","","","","","","","N","N","","000000000000000AAA","AutomatedProcess","","","","0","000000000000000AAA",""
"005ak00000D3151AAB","rcantrell+zzookspecorg.dmp8tza6pszf.cqqxr9dckbng.3jkp1rxnyvo0@uni-recycle.com","Zadie","Zook","Uni Recycle","","","Solar installer","","","","","CA","","","","noreply@example.com","","","","","","","","","","zzook","zzook","0","0","America/New_York","00Eak00000A3f8vEAB","en_CA","1","1","UTF-8","00eak00000BC0fXAAT","Standard","","6","23","en_US","","000000000000000AAA","000000000000000AAA","","","2025-01-17 14:10:44","005ak00000D313JAAR","2025-01-17 14:10:44","005ak00000D313JAAR","2025-01-17 14:19:49","","","","","","","0","000000000000000AAA","000000000000000AAA","","","","","","","D","N","300","000000000000000AAA","Standard","","","","0","000000000000000AAA",""
"005ak00000D3152AAB","jacinta+sharon.d8gvrbzi5x38.klzcrdor0kpm.tm1kr3skd6lp@uni-recycle.com","Jacinta","Silva","Uni Recycle","","","Dispatcher & Solar installer","","","","","CA","","","","noreply@example.com","","","","","","","","","","jsilv","User15733889589649869881","1","0","America/New_York","00Eak00000A3f8vEAB","en_CA","1","1","UTF-8","00eak00000BC0fYAAT","Standard","","6","23","en_US","","000000000000000AAA","000000000000000AAA","","2019-11-10 12:32:10","2025-01-17 14:10:44","005ak00000D313JAAR","2025-01-17 14:10:44","005ak00000D313JAAR","2025-01-17 14:20:20","0","","","","","","0","000000000000000AAA","000000000000000AAA","","","","","","","D","N","300","000000000000000AAA","Standard","","","","0","000000000000000AAA","b4a0b8c4-5124-428e-909a-f374ebbe7b54"
"005ak00000D3153AAB","sharon+alan.jmueyz1jg9gi.rtws2o61ymmb.dpypltcdyean.6jziyfplfh51@uni-recycle.com","Alan","Reed","Uni Recycle","","","Solar installer","","","","","CA","","","","noreply@example.com","","","","","","","","","","areed","User15735648306584778345","1","0","America/New_York","00Eak00000A3f8vEAB","en_CA","1","1","UTF-8","00eak00000BC0fYAAT","Standard","","6","23","en_US","","000000000000000AAA","000000000000000AAA","","2019-11-12 13:22:03","2025-01-17 14:10:44","005ak00000D313JAAR","2025-01-17 14:10:44","005ak00000D313JAAR","2025-01-17 14:20:20","0","","","","","","0","000000000000000AAA","000000000000000AAA","","","","","","","D","N","300","000000000000000AAA","Standard","","","","0","000000000000000AAA","dae94619-fd91-4db1-93b1-0e70e015cdf4"
"005ak00000D3154AAB","sharon+lamar.q6g0tom2vqgl.fqlqruwhqs9j.5mufnhbxtsa8.iexjr1yggdsw@uni-recycle.com","Lamar","Smith","Uni Recycle","","","Solar installer","","","","","CA","","","","noreply@example.com","","","","","","","","","","lsmit","User15735720821932925119","1","0","America/New_York","000000000000000AAA","en_CA","1","1","UTF-8","00eak00000BC0fYAAT","Standard","","","","en_US","","000000000000000AAA","000000000000000AAA","","2019-11-12 15:22:10","2025-01-17 14:10:44","005ak00000D313JAAR","2025-01-17 14:10:44","005ak00000D313JAAR","2025-01-17 14:20:20","0","","","","","","0","000000000000000AAA","000000000000000AAA","","","","","","","D","N","300","000000000000000AAA","Standard","","","","0","000000000000000AAA","83415497-424a-4c19-bf82-44fe6b1f9374"
"005ak00000D3155AAB","sharon+louise.zpnxvx5vtjdy.yh9twblfal07.ly7vqezlat41@uni-recycle.com","Louise","Martin","Uni Recycle","","","Solar installer","","","","","CA","","","","noreply@example.com","","","","","","","","","","mart","User1573572182465985091","1","0","America/New_York","000000000000000AAA","en_CA","1","1","UTF-8","00eak00000BC0fZAAT","Standard","","6","23","en_US","","000000000000000AAA","000000000000000AAA","","2019-11-12 15:23:49","2025-01-17 14:10:44","005ak00000D313JAAR","2025-01-17 14:10:44","005ak00000D313JAAR","2025-01-17 14:20:20","0","","","","","","0","000000000000000AAA","000000000000000AAA","","","","","","","D","N","300","000000000000000AAA","Standard","","","","0","000000000000000AAA","9012235f-0e8b-4f6e-92ee-58b107f71358"
"005ak00000D3156AAB","sharon+martino.4ydrsn1gcqwz.xg91zvdbllxv.bemzvyaidfgz@uni-recycle.com","Martino","Castanon","Uni Recycle","","","Solar installer","","","","","CA","","","","noreply@example.com","","","","","","","","","","mcast","User15735726724704859148","1","0","America/New_York","000000000000000AAA","en_CA","1","1","UTF-8","00eak00000BC0faAAD","Standard","","","","en_US","","000000000000000AAA","000000000000000AAA","","2019-11-12 15:31:58","2025-01-17 14:10:44","005ak00000D313JAAR","2025-01-17 14:10:44","005ak00000D313JAAR","2025-01-17 14:20:20","0","","","","","","0","000000000000000AAA","000000000000000AAA","","","","","","","D","N","300","000000000000000AAA","Standard","","","","0","000000000000000AAA","dec567eb-b8c2-4e5e-9d15-b62419baa357"
"005ak00000D3157AAB","chatty.00dak00000llqsleat.fggmgon92xo3@chatter.salesforce.com","","Chatter Expert","Uni Recycle","","","","","","","","CA","","","","noreply@example.com","","","","","","","","","","Chatter","Chatter Expert","1","0","America/New_York","000000000000000AAA","en_CA","1","0","UTF-8","00eak00000BC0fbAAD","CsnOnly","","","","en_US","","000000000000000AAA","000000000000000AAA","","","2025-01-17 14:10:44","005ak00000D313JAAR","2025-01-17 14:10:44","005ak00000D313JAAR","2025-01-17 14:20:20","","","","","","","0","000000000000000AAA","000000000000000AAA","","","","I?m here to help you get started with Chatter. I?ll introduce you to features, create sample posts, and suggest tips and best practices.

I'm an automated user so you don't need to worry about privacy! I can't see any of your posts or files.

If I'm too noisy, have your admin or moderator deactivate me and I'll stop posting.","","729ak000009lKKfAAM","D","N","","000000000000000AAA","CsnOnly","","","","1","","216085b5-70ae-4f43-8b81-84ce1bb3f2f1"
"005ak00000D3158AAB","insightssecurity@00dak00000llqsleat.com","Security","User","Uni Recycle","","","","","","","","CA","","","","noreply@example.com","","","","","","","","","","sec","insightssecurity1.4407085845464958E12","1","0","America/New_York","000000000000000AAA","en_CA","1","0","UTF-8","00eak00000BC0fcAAD","Standard","","","","en_US","","000000000000000AAA","000000000000000AAA","","","2025-01-17 14:10:44","005ak00000D313JAAR","2025-01-17 14:10:44","005ak00000D313JAAR","2025-01-17 14:20:20","","","","","","","0","000000000000000AAA","000000000000000AAA","","","","","","","N","N","","000000000000000AAA","Standard","","","","0","","378d0953-c266-41de-a3ba-2309782a9a5f"
"005ak00000D3159AAB","sadler+james.xl7w6cmbww5s.px7tvidbgiua.kmwrg9l96vi2.g7pbejdoumyv@uni-recycle.com","James","Clifton","Uni Recycle","","","Solar installer","","","","","CA","","","","noreply@example.com","","","","","","","","","","jclif","User15905611076698162930","1","0","America/New_York","000000000000000AAA","en_CA","1","1","UTF-8","00eak00000BC0fZAAT","Standard","","6","23","en_US","","000000000000000AAA","000000000000000AAA","","","2025-01-17 14:10:44","005ak00000D313JAAR","2025-01-17 14:10:44","005ak00000D3159AAB","2025-01-17 14:20:20","","","","","","","0","000000000000000AAA","000000000000000AAA","","","","","","","D","N","300","000000000000000AAA","Standard","","","","0","000000000000000AAA","63cf601c-8e77-4669-b61a-2bd9c86974e7"
"005ak00000D315AAAR","03330000000wdabaam@00dak00000llqsleat","","Salesforce Connected Apps","Uni Recycle","","","","","","","","CA","","","","noreply@00dak00000llqsleat","","","","","","","","","","APP","User15921210450103151059","1","0","America/New_York","000000000000000AAA","en_CA","1","0","UTF-8","00eak00000BC0fUAAT","LicenseManager","","","","en_US","","000000000000000AAA","000000000000000AAA","","","2025-01-17 14:10:44","005ak00000D314wAAB","2025-01-17 14:10:44","005ak00000D314wAAB","2025-01-17 14:19:49","","","","","","","0","000000000000000AAA","000000000000000AAA","","","","","","","N","N","","000000000000000AAA","LicenseManager","","","","0","000000000000000AAA",""
"005ak00000D315BAAR","0333y000001ezjkaac@00dak00000llqsleat","","Field Service Appointment Assistant","Uni Recycle","","","","","","","","CA","","","","noreply@00dak00000llqsleat","","","","","","","","","","APP","User16269918763823528026","1","0","America/New_York","000000000000000AAA","en_CA","1","0","UTF-8","00eak00000BC0fUAAT","LicenseManager","","","","en_US","","000000000000000AAA","000000000000000AAA","","","2025-01-17 14:10:44","005ak00000D313JAAR","2025-01-17 14:10:44","005ak00000D313JAAR","2025-01-17 14:19:49","","","","","","","0","000000000000000AAA","000000000000000AAA","","","","","","","N","N","","000000000000000AAA","LicenseManager","","","","0","000000000000000AAA",""
"005ak00000D315CAAR","fs.00d5y000002tkj0uak.0ogovtmfpvek.aadacmx38nps@uni-recycle.com","","Field Service Optimization","Uni Recycle","","","","","","","","CA","","","","emile.lesage@uni-recycle.com","","","","","","","","","","optUsr","User16287603441248982011","1","0","America/New_York","000000000000000AAA","en_CA","1","0","UTF-8","00eak00000BC0fdAAD","Standard","","6","23","en_US","","000000000000000AAA","000000000000000AAA","2025-01-28 12:26:24","2025-01-17 20:01:45","2025-01-17 14:10:44","005ak00000D313JAAR","2025-01-17 20:19:20","005ak00000D313JAAR","2025-01-21 07:00:36","0","","","","","","0","000000000000000AAA","000000000000000AAA","","","","","","","D","N","300","000000000000000AAA","Standard","NU","2025-01-21 07:00:36","","0","000000000000000AAA","3b9d1c1f-2f27-4d44-8f11-f6256c288de0"
