"Id","IsDeleted","Name","CreatedDate","CreatedById","LastModifiedDate","LastModifiedById","SystemModstamp","UserId","Assistant","Status","CompletionDate","PersistedRules","IsArchived"
"4SSak00000AsQ6DGAV","0","multi_factor_authentication","2025-01-17 14:10:44","005ak00000D313JAAR","2025-01-17 14:10:44","005ak00000D313JAAR","2025-01-17 14:10:44","005ak00000D313JAAR","multi_factor_authentication","NotStarted","","mfa_always_show","0"
"4SSak00000AsRyLGAV","0","SetUpCases","2025-01-17 14:24:11","005ak00000D313JAAR","2025-01-17 14:24:11","005ak00000D313JAAR","2025-01-17 14:24:11","005ak00000D313JAAR","SetUpCases","NotStarted","","setupcasesvisibility","0"
"4SSak00000AsRyMGAV","0","csg_sales_leads_opportunities","2025-01-17 14:24:11","005ak00000D313JAAR","2025-01-17 14:24:11","005ak00000D313JAAR","2025-01-17 14:24:11","005ak00000D313JAAR","csg_sales_leads_opportunities","NotStarted","","LeadsOpportunitiesVisibility","0"
"4SSak00000AsRyNGAV","0","ManageSalesData","2025-01-17 14:24:11","005ak00000D313JAAR","2025-01-17 14:24:11","005ak00000D313JAAR","2025-01-17 14:24:11","005ak00000D313JAAR","ManageSalesData","NotStarted","","SalesData","0"
"4SSak00000AsRyOGAV","0","csg_automate_abp","2025-01-17 14:24:11","005ak00000D313JAAR","2025-01-17 14:24:11","005ak00000D313JAAR","2025-01-17 14:24:11","005ak00000D313JAAR","csg_automate_abp","NotStarted","","csg_automate_abp_Visibility","0"
"4SSak00000AsRyPGAV","0","GiveUsersAccessFieldService_CSG","2025-01-17 14:24:11","005ak00000D313JAAR","2025-01-17 14:24:11","005ak00000D313JAAR","2025-01-17 14:24:11","005ak00000D313JAAR","GiveUsersAccessFieldService_CSG","NotStarted","","GiveUsersAccessFieldService_Visibility","0"
"4SSak00000AsRyQGAV","0","csg_einstein_bots","2025-01-17 14:24:11","005ak00000D313JAAR","2025-01-17 14:24:11","005ak00000D313JAAR","2025-01-17 14:24:11","005ak00000D313JAAR","csg_einstein_bots","NotStarted","","csg_einstein_bots_Visibility","0"
"4SSak00000AsRyRGAV","0","EmailCalendar","2025-01-17 14:24:11","005ak00000D313JAAR","2025-01-17 14:24:11","005ak00000D313JAAR","2025-01-17 14:24:11","005ak00000D313JAAR","EmailCalendar","NotStarted","","EmailCalendarVisibility","0"
"4SSak00000AsRySGAV","0","Salesreporting","2025-01-17 14:24:11","005ak00000D313JAAR","2025-01-17 14:24:11","005ak00000D313JAAR","2025-01-17 14:24:11","005ak00000D313JAAR","Salesreporting","NotStarted","","ReportingVisibility","0"
"4SSak00000AsRyTGAV","0","csg_data_abp","2025-01-17 14:24:11","005ak00000D313JAAR","2025-01-17 14:24:11","005ak00000D313JAAR","2025-01-17 14:24:11","005ak00000D313JAAR","csg_data_abp","NotStarted","","csg_data_abp_Visibility","0"
"4SSak00000AsRyUGAV","0","Enablefieldservice_csg","2025-01-17 14:24:11","005ak00000D313JAAR","2025-01-17 14:24:11","005ak00000D313JAAR","2025-01-17 14:24:11","005ak00000D313JAAR","Enablefieldservice_csg","NotStarted","","EnableFieldServiceVisibility","0"
"4SSak00000AsRyVGAV","0","SalesProcess","2025-01-17 14:24:11","005ak00000D313JAAR","2025-01-17 14:24:11","005ak00000D313JAAR","2025-01-17 14:24:11","005ak00000D313JAAR","SalesProcess","NotStarted","","SalesProcessVisibility","0"
"4SSak00000AsRyWGAV","0","csg_accounts_abp","2025-01-17 14:24:11","005ak00000D313JAAR","2025-01-17 14:24:11","005ak00000D313JAAR","2025-01-17 14:24:11","005ak00000D313JAAR","csg_accounts_abp","NotStarted","","csg_accounts_abp_Visibility","0"
"4SSak00000AsRyXGAV","0","digital_engagement","2025-01-17 14:24:11","005ak00000D313JAAR","2025-01-17 14:24:11","005ak00000D313JAAR","2025-01-17 14:24:11","005ak00000D313JAAR","digital_engagement","NotStarted","","digital_engagement_onboarding","0"
"4SSak00000AsRyYGAV","0","Setupfieldservice_csg","2025-01-17 14:24:11","005ak00000D313JAAR","2025-01-17 14:24:11","005ak00000D313JAAR","2025-01-17 14:24:11","005ak00000D313JAAR","Setupfieldservice_csg","NotStarted","","SetUpFieldServiceVisibility","0"
"4SSak00000AsRyZGAV","0","SetUpAccountsContacts","2025-01-17 14:24:11","005ak00000D313JAAR","2025-01-17 14:24:11","005ak00000D313JAAR","2025-01-17 14:24:11","005ak00000D313JAAR","SetUpAccountsContacts","NotStarted","","AccountsContactsVisibility","0"
"4SSak00000AsRyaGAF","0","Gettoknowfieldservice_csg","2025-01-17 14:24:11","005ak00000D313JAAR","2025-01-17 14:24:11","005ak00000D313JAAR","2025-01-17 14:24:11","005ak00000D313JAAR","Gettoknowfieldservice_csg","NotStarted","","FieldService_Visibility","0"
"4SSak00000AsRybGAF","0","csg_order_mngmt_commerce","2025-01-17 14:24:11","005ak00000D313JAAR","2025-01-17 14:24:11","005ak00000D313JAAR","2025-01-17 14:24:11","005ak00000D313JAAR","csg_order_mngmt_commerce","NotStarted","","csg_commerce","0"
"4SSak00000AsRycGAF","0","csg_custom_abp","2025-01-17 14:24:11","005ak00000D313JAAR","2025-01-17 14:24:11","005ak00000D313JAAR","2025-01-17 14:24:11","005ak00000D313JAAR","csg_custom_abp","NotStarted","","csg_custom_abp_Visibility","0"
"4SSak00000AsRydGAF","0","csg_setup_service","2025-01-17 14:24:11","005ak00000D313JAAR","2025-01-17 14:24:11","005ak00000D313JAAR","2025-01-17 14:24:11","005ak00000D313JAAR","csg_setup_service","NotStarted","","setup_service","0"
