"Id","OwnerId","IsDeleted","Name","CreatedDate","CreatedById","LastModifiedDate","LastModifiedById","SystemModstamp","Description","EstimatedDuration","DurationType","DurationInMinutes","ShouldAutoCreateSvcAppt","ServiceReportTemplateId","MinimumCrewSize","RecommendedCrewSize","FSL__Due_Date_Offset__c","FSL__Exact_Appointments__c"
"08qak0000002PojAAE","005ak00000D313JAAR","0","Installation","2025-01-17 14:10:44","005ak00000D313JAAR","2025-01-17 14:10:44","005ak00000D313JAAR","2025-01-17 14:10:44","","120.0","Minutes","120.0","1","","","","0.0","0"
"08qak0000002PokAAE","005ak00000D313JAAR","0","Maintenance","2025-01-17 14:10:44","005ak00000D313JAAR","2025-01-17 14:10:44","005ak00000D313JAAR","2025-01-17 14:10:44","","60.0","Minutes","60.0","1","","","","0.0","0"
"08qak0000002PomAAE","005ak00000D313JAAR","0","Break-Fix","2025-01-17 14:10:44","005ak00000D313JAAR","2025-01-17 14:10:44","005ak00000D313JAAR","2025-01-17 14:10:44","","60.0","Minutes","60.0","1","","","","2425.0","0"
"08qak0000002PonAAE","005ak00000D313JAAR","0","Repair","2025-01-17 14:10:44","005ak00000D313JAAR","2025-01-17 14:10:44","005ak00000D313JAAR","2025-01-17 14:10:44","","30.0","Minutes","30.0","1","","","","4000.0","0"
"08qak0000002SwHAAU","005ak00000D313JAAR","0","Collecte","2025-01-27 12:21:59","005ak00000D313JAAR","2025-01-27 19:58:54","005ak00000D313JAAR","2025-01-27 19:58:54","Collecte d'une palette","45","Minutes","45.0","1","","","","","0"
